Assemblage,t,Method,Order.q,SC,qD,qD.LCL,qD.UCL
AustinTX,50,Rarefaction,0,0.8619280501790463,33.76308106625774,30.468101603268217,37.058060529247264
AustinTX,100,Rarefaction,0,0.9204270833543713,46.491025804021085,41.560904178293946,51.421147429748224
AustinTX,150,Rarefaction,0,0.9456175949675973,54.5045135249201,48.30538404315837,60.70364300668183
AustinTX,200,Extrapolation,0,0.959765284493844,60.225180721628455,52.85885718075602,67.59150426250089
AustinTX,250,Extrapolation,0,0.9700435671919431,64.48038975864199,55.930564799006646,73.03021471827734
AustinTX,300,Extrapolation,0,0.9776961796474906,67.64857131523888,57.882364100862034,77.41477852961573
AustinTX,350,Extrapolation,0,0.9833938705083998,70.00741533165534,59.04353404574556,80.97129661756512
AustinTX,400,Extrapolation,0,0.987636040268735,71.76367361243406,59.67221584664259,83.85513137822554
AustinTX,450,Extrapolation,0,0.9907945135370848,73.07128154553077,59.95310208866685,86.18946100239468
AustinTX,500,Extrapolation,0,0.9931461293258156,74.04485048206516,60.01277311748869,88.07692784664162
AustinTX,550,Extrapolation,0,0.9948970058879898,74.76971337880515,59.936231337597775,89.60319542001253
AustinTX,600,Extrapolation,0,0.9962006069059205,75.3094042002283,59.77989345220546,90.83891494825114
AustinTX,650,Extrapolation,0,0.9971711925260967,75.71122664698112,59.5808235123736,91.84162978158864
AustinTX,700,Extrapolation,0,0.9978938342187123,76.01040030772384,59.363059173335365,92.65774144211233
AustinTX,750,Extrapolation,0,0.9984318712605257,76.23314764303451,59.14189340006287,93.32440188600616
AustinTX,800,Extrapolation,0,0.9988324623990131,76.39899237436825,58.92676491064391,93.87121983809259
AustinTX,850,Extrapolation,0,0.9991307192991215,76.522470731013,58.72321131487313,94.32173014715286
AustinTX,900,Extrapolation,0,0.9993527840676983,76.61440554520378,58.53419113521454,94.69461995519302
AustinTX,950,Extrapolation,0,0.9995181205994775,76.68285486936033,58.360979539899574,95.00473019882108
AustinTX,1000,Extrapolation,0,0.9996412205802442,76.73381826139769,58.20377492964512,95.26386159315025
AustinTX,50,Rarefaction,1,0.8619280501790463,18.160325907631414,16.091470905592345,20.229180909670482
AustinTX,100,Rarefaction,1,0.9204270833543713,20.45332110019303,17.99423984571033,22.91240235467573
AustinTX,150,Rarefaction,1,0.9456175949675973,21.475722888153616,18.84142388329964,24.11002189300759
AustinTX,200,Extrapolation,1,0.959765284493844,22.08312091863421,19.34511368388557,24.82112815338285
AustinTX,250,Extrapolation,1,0.9700435671919431,22.539555551437097,19.72397148240331,25.355139620470883
AustinTX,300,Extrapolation,1,0.9776961796474906,22.889482972953783,20.014560495579758,25.764405450327807
AustinTX,350,Extrapolation,1,0.9833938705083998,23.157756218516628,20.237319318800154,26.078193118233102
AustinTX,400,Extrapolation,1,0.987636040268735,23.363428966233517,20.407983869378405,26.31887406308863
AustinTX,450,Extrapolation,1,0.9907945135370848,23.521108793995193,20.5386726311498,26.503544956840585
AustinTX,500,Extrapolation,1,0.9931461293258156,23.64199465932712,20.63871071298516,26.645278605669084
AustinTX,550,Extrapolation,1,0.9948970058879898,23.734672287432705,20.715265285320633,26.754079289544777
AustinTX,600,Extrapolation,1,0.9962006069059205,23.805723958591223,20.773838296720882,26.837609620461564
AustinTX,650,Extrapolation,1,0.9971711925260967,23.860196004084955,20.818648804198357,26.901743203971552
AustinTX,700,Extrapolation,1,0.9978938342187123,23.901957213805844,20.85292921687486,26.950985210736828
AustinTX,750,Extrapolation,1,0.9984318712605257,23.933973610868687,20.879154314866096,26.98879290687128
AustinTX,800,Extrapolation,1,0.9988324623990131,23.958519108658056,20.899217871677052,27.01782034563906
AustinTX,850,Extrapolation,1,0.9991307192991215,23.97733701188887,20.914568565216957,27.040105458560785
AustinTX,900,Extrapolation,1,0.9993527840676983,23.991763832034994,20.926314363172526,27.057213300897462
AustinTX,950,Extrapolation,1,0.9995181205994775,24.00282421091864,20.93530257253145,27.070345849305827
AustinTX,1000,Extrapolation,1,0.9996412205802442,24.01130369425667,20.942181154224503,27.08042623428884
AustinTX,50,Rarefaction,2,0.8619280501790463,11.470279361394583,10.032135193093296,12.90842352969587
AustinTX,100,Rarefaction,2,0.9204270833543713,11.921599248500124,10.36435343112614,13.478845065874108
AustinTX,150,Rarefaction,2,0.9456175949675973,12.080036561884025,10.47954489989531,13.680528223872741
AustinTX,200,Extrapolation,2,0.959765284493844,12.160844999157398,10.538008857086435,13.78368114122836
AustinTX,250,Extrapolation,2,0.9700435671919431,12.209851091863511,10.573369476370747,13.846332707356275
AustinTX,300,Extrapolation,2,0.9776961796474906,12.242741840362614,10.597061858706919,13.888421822018309
AustinTX,350,Extrapolation,2,0.9833938705083998,12.266343931952074,10.614043424253246,13.918644439650901
AustinTX,400,Extrapolation,2,0.987636040268735,12.284105307365737,10.626811681260032,13.941398933471442
AustinTX,450,Extrapolation,2,0.9907945135370848,12.297955311320697,10.636761615375189,13.959149007266205
AustinTX,500,Extrapolation,2,0.9931461293258156,12.3090578211243,10.644733602260105,13.973382039988495
AustinTX,550,Extrapolation,2,0.9948970058879898,12.318156614452944,10.651264111288366,13.985049117617521
AustinTX,600,Extrapolation,2,0.9962006069059205,12.325749224060718,10.656711692469438,13.994786755652
AustinTX,650,Extrapolation,2,0.9971711925260967,12.33218105430793,10.661325087411862,14.003037021204
AustinTX,700,Extrapolation,2,0.9978938342187123,12.337699396674077,10.665282276566765,14.01011651678139
AustinTX,750,Extrapolation,2,0.9984318712605257,12.342485956419075,10.668713970833403,14.016257942004748
AustinTX,800,Extrapolation,2,0.9988324623990131,12.346677243877334,10.6717183272577,14.021636160496968
AustinTX,850,Extrapolation,2,0.9991307192991215,12.350377803337604,10.67437048951133,14.026385117163878
AustinTX,900,Extrapolation,2,0.9993527840676983,12.353669052273291,10.67672895894119,14.030609145605393
AustinTX,950,Extrapolation,2,0.9995181205994775,12.356615341219811,10.678839960139056,14.034390722300566
AustinTX,1000,Extrapolation,2,0.9996412205802442,12.359268203104468,10.680740500816892,14.037795905392045
BaltimoreMD,50,Rarefaction,0,0.7895756227053389,56.86618365745827,51.43160808573645,62.300759229180095
BaltimoreMD,100,Extrapolation,0,0.8917841066667898,77.46836162567081,69.23849671674364,85.69822653459798
BaltimoreMD,150,Extrapolation,0,0.9417197419736134,88.41128995209041,77.44293600493293,99.3796438992479
BaltimoreMD,200,Extrapolation,0,0.9686128500074969,94.30466352952075,80.57926834722969,108.03005871181182
BaltimoreMD,250,Extrapolation,0,0.9830962796320177,97.47857192836321,81.40540827920752,113.5517355775189
BaltimoreMD,300,Extrapolation,0,0.9908964094431261,99.18789756195642,81.30583361567257,117.06996150824027
BaltimoreMD,350,Extrapolation,0,0.9950972117839703,100.1084641803013,80.90233001926535,119.31459834133724
BaltimoreMD,400,Extrapolation,0,0.9973595767361165,100.60424034030044,80.45511660953767,120.7533640710632
BaltimoreMD,450,Extrapolation,0,0.9985779856878862,100.8712432881864,80.06076004928298,121.68172652708984
BaltimoreMD,500,Extrapolation,0,0.9992341664567512,101.01503917821047,79.74478188775092,122.28529646867003
BaltimoreMD,550,Extrapolation,0,0.9995875561793094,101.09248123700245,79.50419153428595,122.68077093971894
BaltimoreMD,600,Extrapolation,0,0.9997778761367591,101.13418807903344,79.32650710928405,122.94186904878282
BaltimoreMD,650,Extrapolation,0,0.9998803739851443,101.15664952568571,79.19781377571209,123.11548527565932
BaltimoreMD,700,Extrapolation,0,0.999935574758959,101.16874625996586,79.10580079242669,123.23169172750502
BaltimoreMD,750,Extrapolation,0,0.9999653034359776,101.17526102201612,79.0405856455664,123.30993639846584
BaltimoreMD,800,Extrapolation,0,0.9999813139767036,101.17876958255724,78.99463688585243,123.36290227926204
BaltimoreMD,850,Extrapolation,0,0.9999899365405057,101.18065913692249,78.96239123418432,123.39892703966065
BaltimoreMD,900,Extrapolation,0,0.9999945802691462,101.18167676670467,78.9398206882455,123.42353284516383
BaltimoreMD,950,Extrapolation,0,0.9999970811744665,101.18222481675957,78.92404743046907,123.44040220305007
BaltimoreMD,1000,Extrapolation,0,0.9999984280506311,101.18251997209791,78.9130338864268,123.45200605776901
BaltimoreMD,50,Rarefaction,1,0.7895756227053389,42.39271026179924,37.873854199144176,46.9115663244543
BaltimoreMD,100,Extrapolation,1,0.8917841066667898,50.90111466920586,45.126551678089086,56.675677660322634
BaltimoreMD,150,Extrapolation,1,0.9417197419736134,55.31010571711263,48.85713293002669,61.76307850419857
BaltimoreMD,200,Extrapolation,1,0.9686128500074969,58.06203767292557,51.165013174110634,64.9590621717405
BaltimoreMD,250,Extrapolation,1,0.9830962796320177,59.779693573592446,52.588790685709675,66.97059646147521
BaltimoreMD,300,Extrapolation,1,0.9908964094431261,60.851791954100605,53.46492210036631,68.2386618078349
BaltimoreMD,350,Extrapolation,1,0.9950972117839703,61.520956794999165,54.003064122587254,69.03884946741108
BaltimoreMD,400,Extrapolation,1,0.9973595767361165,61.93862516614488,54.333190067439205,69.54406026485056
BaltimoreMD,450,Extrapolation,1,0.9985779856878862,62.199318582166654,54.53552820261875,69.86310896171456
BaltimoreMD,500,Extrapolation,1,0.9992341664567512,62.36203393686463,54.6594546108325,70.06461326289676
BaltimoreMD,550,Extrapolation,1,0.9995875561793094,62.463594946952725,54.73530239900626,70.19188749489919
BaltimoreMD,600,Extrapolation,1,0.9997778761367591,62.52698563794965,54.78168677586965,70.27228450002964
BaltimoreMD,650,Extrapolation,1,0.9998803739851443,62.56655180316977,54.81002512952892,70.32307847681064
BaltimoreMD,700,Extrapolation,1,0.999935574758959,62.591247565364604,54.82731748871497,70.35517764201424
BaltimoreMD,750,Extrapolation,1,0.9999653034359776,62.60666176249466,54.83785402917646,70.37546949581285
BaltimoreMD,800,Extrapolation,1,0.9999813139767036,62.616282744074006,54.844262893048885,70.38830259509912
BaltimoreMD,850,Extrapolation,1,0.9999899365405057,62.62228781107614,54.848153040612544,70.39642258153974
BaltimoreMD,900,Extrapolation,1,0.9999945802691462,62.626035955629035,54.85050864084337,70.4015632704147
BaltimoreMD,950,Extrapolation,1,0.9999970811744665,62.62837541122285,54.85193102773745,70.40481979470825
BaltimoreMD,1000,Extrapolation,1,0.9999984280506311,62.62983561437089,54.85278712001815,70.40688410872363
BaltimoreMD,50,Rarefaction,2,0.7895756227053389,32.35585483505452,28.0853392171082,36.626370453000845
BaltimoreMD,100,Extrapolation,2,0.8917841066667898,36.44807277027713,31.198163882322635,41.697981658231626
BaltimoreMD,150,Extrapolation,2,0.9417197419736134,38.05229864947431,32.38656704329795,43.71803025565067
BaltimoreMD,200,Extrapolation,2,0.9686128500074969,38.908559534949035,33.01377777793968,44.80334129195839
BaltimoreMD,250,Extrapolation,2,0.9830962796320177,39.44106627218534,33.40138425269293,45.48074829167775
BaltimoreMD,300,Extrapolation,2,0.9908964094431261,39.80424304434116,33.664667334830334,45.94381875385199
BaltimoreMD,350,Extrapolation,2,0.9950972117839703,40.06777702960867,33.85517504546555,46.28037901375179
BaltimoreMD,400,Extrapolation,2,0.9973595767361165,40.26772898735388,33.999417929260076,46.53604004544768
BaltimoreMD,450,Extrapolation,2,0.9985779856878862,40.424632266787704,34.11242438248473,46.736840151090675
BaltimoreMD,500,Extrapolation,2,0.9992341664567512,40.55103802166986,34.20334971725527,46.89872632608445
BaltimoreMD,550,Extrapolation,2,0.9995875561793094,40.65505041673644,34.27808981379943,47.03201101967344
BaltimoreMD,600,Extrapolation,2,0.9997778761367591,40.74213588030242,34.340613084761635,47.143658675843206
BaltimoreMD,650,Extrapolation,2,0.9998803739851443,40.81611551239687,34.39368862043976,47.23854240435398
BaltimoreMD,700,Extrapolation,2,0.999935574758959,40.87974079408731,34.43930743274042,47.3201741554342
BaltimoreMD,750,Extrapolation,2,0.9999653034359776,40.93504337450065,34.47893780557677,47.39114894342453
BaltimoreMD,800,Extrapolation,2,0.9999813139767036,40.98355601948248,34.513686277696536,47.45342576126842
BaltimoreMD,850,Extrapolation,2,0.9999899365405057,41.02645688445754,34.54440258435571,47.50851118455937
BaltimoreMD,900,Extrapolation,2,0.9999945802691462,41.06466645774996,34.57175007020386,47.557582845296054
BaltimoreMD,950,Extrapolation,2,0.9999970811744665,41.098914349795606,34.59625413877863,47.60157456081258
BaltimoreMD,1000,Extrapolation,2,0.9999984280506311,41.12978633155719,34.6183363363325,47.641236326781886
BurlingtonVT,50,Rarefaction,0,0.8917260972958876,46.09855417912545,41.638247014483746,50.558861343767155
BurlingtonVT,100,Extrapolation,0,0.9387012455077295,59.23444823544453,52.18363599626559,66.28526047462347
BurlingtonVT,150,Extrapolation,0,0.9621278932507137,67.16503308219559,57.72435197180344,76.60571419258774
BurlingtonVT,200,Extrapolation,0,0.9766015397619507,72.0647730261502,59.98692647597244,84.14261957632797
BurlingtonVT,250,Extrapolation,0,0.9855437685276938,75.09197114360299,60.39251597031857,89.79142631688741
BurlingtonVT,300,Extrapolation,0,0.9910685307385714,76.96225988282808,59.856000474861574,94.06851929079458
BurlingtonVT,350,Extrapolation,0,0.9944818853156397,78.11777723991983,58.885148161082,97.35040631875766
BurlingtonVT,400,Extrapolation,0,0.9965907524530984,78.83168859196783,57.751754646298004,99.91162253763767
BurlingtonVT,450,Extrapolation,0,0.9978936703021057,79.2727632460654,56.59804804482792,101.94747844730287
BurlingtonVT,500,Extrapolation,0,0.9986986498530259,79.54527166035129,55.495363475541666,103.59517984516091
BurlingtonVT,550,Extrapolation,0,0.9991959890197994,79.71363507721674,54.476259395701305,104.95101075873217
BurlingtonVT,600,Extrapolation,0,0.9995032592436508,79.81765476487624,53.55228737878229,106.08302215097018
BurlingtonVT,650,Extrapolation,0,0.9996930994910582,79.88192107416259,52.72391076971767,107.03993137860752
BurlingtonVT,700,Extrapolation,0,0.9998103881729355,79.9216266203166,51.986051649543136,107.85720159109007
BurlingtonVT,750,Extrapolation,0,0.9998828524426803,79.94615783134915,51.331171414767994,108.56114424793032
BurlingtonVT,800,Extrapolation,0,0.9999276229210042,79.96131390834631,50.75094994328975,109.17167787340287
BurlingtonVT,850,Extrapolation,0,0.9999552833905904,79.9706777619954,50.2371678443796,109.70418767961121
BurlingtonVT,900,Extrapolation,0,0.9999723728121549,79.97646301600129,49.782138319722264,110.17078771228032
BurlingtonVT,950,Extrapolation,0,0.9999829311408377,79.98003730978748,49.37888820907355,110.5811864105014
BurlingtonVT,1000,Extrapolation,0,0.9999894543753517,79.98224560972677,49.0212031147526,110.94328810470094
BurlingtonVT,50,Rarefaction,1,0.8917260972958876,32.300722865992995,29.21789504615735,35.38355068582864
BurlingtonVT,100,Extrapolation,1,0.9387012455077295,36.046995855637185,32.33211518029769,39.76187653097668
BurlingtonVT,150,Extrapolation,1,0.9621278932507137,37.91193435631169,33.872402481005835,41.951466231617545
BurlingtonVT,200,Extrapolation,1,0.9766015397619507,39.08753401749931,34.835327306190166,43.33974072880845
BurlingtonVT,250,Extrapolation,1,0.9855437685276938,39.828595753789585,35.43226553926307,44.2249259683161
BurlingtonVT,300,Extrapolation,1,0.9910685307385714,40.29573819617407,35.799259371235145,44.792217021113
BurlingtonVT,350,Extrapolation,1,0.9944818853156397,40.59021037142003,36.02312932707339,45.157291415766664
BurlingtonVT,400,Extrapolation,1,0.9965907524530984,40.77583654049913,36.15864479620804,45.39302828479022
BurlingtonVT,450,Extrapolation,1,0.9978936703021057,40.89284954730768,36.2400046684039,45.545694426211455
BurlingtonVT,500,Extrapolation,1,0.9986986498530259,40.966610934671884,36.288388028942386,45.64483384040138
BurlingtonVT,550,Extrapolation,1,0.9991959890197994,41.01310783629235,36.31682373829747,45.709391934287225
BurlingtonVT,600,Extrapolation,1,0.9995032592436508,41.04241804773982,36.33328100668116,45.75155508879848
BurlingtonVT,650,Extrapolation,1,0.9996930994910582,41.06089430024601,36.34260784305175,45.77918075744027
BurlingtonVT,700,Extrapolation,1,0.9998103881729355,41.07254115947405,36.347736646523515,45.797345672424584
BurlingtonVT,750,Extrapolation,1,0.9998828524426803,41.07988297999919,36.35042945338315,45.80933650661523
BurlingtonVT,800,Extrapolation,1,0.9999276229210042,41.08451103702023,36.351736496825886,45.81728557721457
BurlingtonVT,850,Extrapolation,1,0.9999552833905904,41.087428421300686,36.35227728154796,45.82257956105341
BurlingtonVT,900,Extrapolation,1,0.9999723728121549,41.08926745029302,36.35241224317595,45.826122657410096
BurlingtonVT,950,Extrapolation,1,0.9999829311408377,41.090426717399964,36.35234717775002,45.82850625704991
BurlingtonVT,1000,Extrapolation,1,0.9999894543753517,41.09115748359824,36.35219648243221,45.83011848476426
BurlingtonVT,50,Rarefaction,2,0.8917260972958876,25.037779551023597,22.32154349258208,27.754015609465114
BurlingtonVT,100,Extrapolation,2,0.9387012455077295,26.88003911891468,23.77722937816006,29.9828488596693
BurlingtonVT,150,Extrapolation,2,0.9621278932507137,27.55588571310144,24.303262586840386,30.808508839362492
BurlingtonVT,200,Extrapolation,2,0.9766015397619507,27.906715911304556,24.5746458338854,31.238785988723713
BurlingtonVT,250,Extrapolation,2,0.9855437685276938,28.12153499859615,24.740253635854586,31.502816361337715
BurlingtonVT,300,Extrapolation,2,0.9910685307385714,28.266594562131033,24.851840486319816,31.68134863794225
BurlingtonVT,350,Extrapolation,2,0.9944818853156397,28.37112816368336,24.932131945226374,31.810124382140344
BurlingtonVT,400,Extrapolation,2,0.9965907524530984,28.450037161074444,24.99267434818099,31.907399973967898
BurlingtonVT,450,Extrapolation,2,0.9978936703021057,28.511714949191887,25.039956115136263,31.98347378324751
BurlingtonVT,500,Extrapolation,2,0.9986986498530259,28.561250061422044,25.077903923206602,32.04459619963749
BurlingtonVT,550,Extrapolation,2,0.9991959890197994,28.601906995470117,25.10903340043877,32.094780590501465
BurlingtonVT,600,Extrapolation,2,0.9995032592436508,28.63587629920629,25.135030701312896,32.13672189709969
BurlingtonVT,650,Extrapolation,2,0.9996930994910582,28.664682642096352,25.157068346616608,32.17229693757609
BurlingtonVT,700,Extrapolation,2,0.9998103881729355,28.689419960918062,25.17598696073779,32.20285296109833
BurlingtonVT,750,Extrapolation,2,0.9998828524426803,28.710893532806704,25.192404944564103,32.229382121049305
BurlingtonVT,800,Extrapolation,2,0.9999276229210042,28.729709294640816,25.206787355600696,32.25263123368094
BurlingtonVT,850,Extrapolation,2,0.9999552833905904,28.74633192977336,25.219490663647925,32.27317319589879
BurlingtonVT,900,Extrapolation,2,0.9999723728121549,28.761123761892126,25.230792695863865,32.29145482792038
BurlingtonVT,950,Extrapolation,2,0.9999829311408377,28.774371468440908,25.240913190330286,32.307829746551526
BurlingtonVT,1000,Extrapolation,2,0.9999894543753517,28.786304843162593,25.2500282237239,32.322581462601285
ChicagoIL,50,Rarefaction,0,0.7852387136768354,35.16162439839009,29.901297042187508,40.42195175459267
ChicagoIL,100,Extrapolation,0,0.8531065738456823,50.71033021367363,41.65226517573835,59.76839525160891
ChicagoIL,150,Extrapolation,0,0.8826111757206443,62.58003154797108,49.52729772302757,75.63276537291459
ChicagoIL,200,Extrapolation,0,0.9061895659563904,72.0656179398119,54.706532565408,89.4247033142158
ChicagoIL,250,Extrapolation,0,0.9250320668132113,79.64595603451099,57.944210335343875,101.3477017336781
ChicagoIL,300,Extrapolation,0,0.9400899157583456,85.70372866513853,59.870410770437175,111.53704655983988
ChicagoIL,350,Extrapolation,0,0.9521232873674228,90.5447540634703,60.925735111157124,120.16377301578346
ChicagoIL,400,Extrapolation,0,0.9617396696813745,94.41342466837305,61.40590174179199,127.42094759495411
ChicagoIL,450,Extrapolation,0,0.9694245323958548,97.50504493840845,61.509126531658,133.50096334515888
ChicagoIL,500,Extrapolation,0,0.9755658351240885,99.9756910259768,61.369380319718346,138.58200173223526
ChicagoIL,550,Extrapolation,0,0.9804736129987334,101.95009006494641,61.07795328090151,142.8222268489913
ChicagoIL,600,Extrapolation,0,0.9843956283646461,103.52791684665306,60.69733623043535,146.35849746287076
ChicagoIL,650,Extrapolation,0,0.987529878716506,104.78882576320622,60.27028354107133,149.3073679853411
ChicagoIL,700,Extrapolation,0,0.9900345923271441,105.79647204876588,59.825849517382224,151.76709458014955
ChicagoIL,750,Extrapolation,0,0.9920362161819817,106.601725325567,59.383490109300325,153.81996054183367
ChicagoIL,800,Extrapolation,0,0.9936357994793448,107.24523768609617,58.95589988245874,155.5345754897336
ChicagoIL,850,Extrapolation,0,0.9949140949587973,107.7594959574799,58.55100318071513,156.96798873424467
ChicagoIL,900,Extrapolation,0,0.9959356355909622,108.1704617537998,58.17336765917962,158.16755584841997
ChicagoIL,950,Extrapolation,0,0.9967519924348515,108.49888211209645,57.825216039840925,159.17254818435197
ChicagoIL,1000,Extrapolation,0,0.9974043781311038,108.76133687769874,57.50715407228915,160.01551968310832
ChicagoIL,50,Rarefaction,1,0.7852387136768354,22.52719983116161,18.27388210448276,26.78051755784046
ChicagoIL,100,Extrapolation,1,0.8531065738456823,26.991114585570426,21.365234762558494,32.61699440858236
ChicagoIL,150,Extrapolation,1,0.8826111757206443,29.652972981723085,23.10643112028378,36.19951484316239
ChicagoIL,200,Extrapolation,1,0.9061895659563904,31.548257449460507,24.295579687160032,38.80093521176099
ChicagoIL,250,Extrapolation,1,0.9250320668132113,32.89772938937985,25.10136609216061,40.694092686599085
ChicagoIL,300,Extrapolation,1,0.9400899157583456,33.85857434306834,25.643276840814448,42.07387184532223
ChicagoIL,350,Extrapolation,1,0.9521232873674228,34.54271085433498,26.005317700391537,43.08010400827842
ChicagoIL,400,Extrapolation,1,0.9617396696813745,35.029826662407196,26.245736423795783,43.81391690101861
ChicagoIL,450,Extrapolation,1,0.9694245323958548,35.37666067369909,26.404445335126166,44.348876012272015
ChicagoIL,500,Extrapolation,1,0.9755658351240885,35.62361186968859,26.508549531549047,44.738674207828126
ChicagoIL,550,Extrapolation,1,0.9804736129987334,35.799444951840734,26.57633510826932,45.02255479541215
ChicagoIL,600,Extrapolation,1,0.9843956283646461,35.924640833785105,26.62007676033009,45.22920490724012
ChicagoIL,650,Extrapolation,1,0.987529878716506,36.01378224371766,26.647980662751074,45.37958382468424
ChicagoIL,700,Extrapolation,1,0.9900345923271441,36.07725231031533,26.665513318554943,45.48899130207572
ChicagoIL,750,Extrapolation,1,0.9920362161819817,36.122443982255014,26.676303253633343,45.568584710876685
ChicagoIL,800,Extrapolation,1,0.9936357994793448,36.1546211536711,26.6827495802733,45.62649272706891
ChicagoIL,850,Extrapolation,1,0.9949140949587973,36.1775317988387,26.686431208707326,45.668632388970074
ChicagoIL,900,Extrapolation,1,0.9959356355909622,36.19384453357874,26.688381289124006,45.69930777803347
ChicagoIL,950,Extrapolation,1,0.9967519924348515,36.20545945375024,26.689270898676757,45.72164800882372
ChicagoIL,1000,Extrapolation,1,0.9974043781311038,36.2137294570783,26.689531767932287,45.737927146224315
ChicagoIL,50,Rarefaction,2,0.7852387136768354,14.79241239369821,11.316618699099376,18.268206088297045
ChicagoIL,100,Extrapolation,2,0.8531065738456823,15.968545796876732,11.93771334858312,19.999378245170345
ChicagoIL,150,Extrapolation,2,0.8826111757206443,16.40328330285435,12.154764567865298,20.651802037843403
ChicagoIL,200,Extrapolation,2,0.9061895659563904,16.62965122612312,12.265077949863105,20.994224502383133
ChicagoIL,250,Extrapolation,2,0.9250320668132113,16.768495975933135,12.331818347615101,21.20517360425117
ChicagoIL,300,Extrapolation,2,0.9400899157583456,16.862354403732116,12.376536536256284,21.34817227120795
ChicagoIL,350,Extrapolation,2,0.9521232873674228,16.930042011324794,12.408586150449388,21.4514978722002
ChicagoIL,400,Extrapolation,2,0.9617396696813745,16.98116540873713,12.43268165017967,21.52964916729459
ChicagoIL,450,Extrapolation,2,0.9694245323958548,17.021142012644983,12.451456766838007,21.59082725845196
ChicagoIL,500,Extrapolation,2,0.9755658351240885,17.0532590725462,12.466498202732286,21.640019942360116
ChicagoIL,550,Extrapolation,2,0.9804736129987334,17.079626957289626,12.47881884226602,21.680435072313234
ChicagoIL,600,Extrapolation,2,0.9843956283646461,17.101662562793653,12.48909561623052,21.714229509356784
ChicagoIL,650,Extrapolation,2,0.987529878716506,17.12035253450141,12.497798111781357,21.742906957221464
ChicagoIL,700,Extrapolation,2,0.9900345923271441,17.136405055267225,12.505262306799208,21.76754780373524
ChicagoIL,750,Extrapolation,2,0.9920362161819817,17.15034160937932,12.511734930268098,21.788948288490545
ChicagoIL,800,Extrapolation,2,0.9936357994793448,17.16255470265069,12.517401250133974,21.80770815516741
ChicagoIL,850,Extrapolation,2,0.9949140949587973,17.17334541564878,12.522403088095668,21.82428774320189
ChicagoIL,900,Extrapolation,2,0.9959356355909622,17.182948558178268,12.526850849195869,21.83904626716067
ChicagoIL,950,Extrapolation,2,0.9967519924348515,17.191549951817212,12.530831764329726,21.852268139304698
ChicagoIL,1000,Extrapolation,2,0.9974043781311038,17.19929857209319,12.534415667209405,21.864181476976977
ClevelandOH,50,Rarefaction,0,0.7497979466158252,44.37579260413515,37.88783134865405,50.863753859616246
ClevelandOH,100,Extrapolation,0,0.8547574963681648,61.978101354379284,51.398225718165186,72.55797699059337
ClevelandOH,150,Extrapolation,0,0.9077039658533522,72.94695955214199,57.95194843725963,87.94197066702435
ClevelandOH,200,Extrapolation,0,0.9413494142128516,79.91724776293077,60.498075186929555,99.33642033893199
ClevelandOH,250,Extrapolation,0,0.9627298047529316,84.34659828105222,61.05725206801145,107.635944494093
ClevelandOH,300,Extrapolation,0,0.9763162219931488,87.16128046048001,60.69517829231298,113.62738262864704
ClevelandOH,350,Extrapolation,0,0.9849498684683728,88.94990290947698,59.943265344841834,117.95654047411212
ClevelandOH,400,Extrapolation,0,0.9904362192951751,90.0865037976477,59.06600557790573,121.10700201738966
ClevelandOH,450,Extrapolation,0,0.9939225845848743,90.8087700197422,58.192822958485586,123.42471708099882
ClevelandOH,500,Extrapolation,0,0.9961380358596706,91.26774247085321,57.38335180657481,125.1521331351316
ClevelandOH,550,Extrapolation,0,0.9975458700775877,91.55940184025853,56.660926287930515,126.45787739258654
ClevelandOH,600,Extrapolation,0,0.9984404946661245,91.74474017060058,56.03027520764222,127.45920513355894
ClevelandOH,650,Extrapolation,0,0.999008994241024,91.86251556305245,55.48702519968589,128.23800592641902
ClevelandOH,700,Extrapolation,0,0.9993702538920575,91.93735730270552,55.02281337837962,128.85190122703142
ClevelandOH,750,Extrapolation,0,0.9995998205289155,91.98491635453874,54.627997074835164,129.34183563424233
ClevelandOH,800,Extrapolation,0,0.9997457013119133,92.01513830584238,54.293036202180105,129.73724040950466
ClevelandOH,850,Extrapolation,0,0.9998384029480888,92.03434319545632,54.00914393853696,130.05954245237567
ClevelandOH,900,Extrapolation,0,0.9998973112783913,92.04654716539119,53.76854006795274,130.32455426282962
ClevelandOH,950,Extrapolation,0,0.9999347452603813,92.05430231968603,53.56449544014303,130.54410919922904
ClevelandOH,1000,Extrapolation,0,0.9999585331185743,92.05923042246388,53.39127329651736,130.7271875484104
ClevelandOH,50,Rarefaction,1,0.7497979466158252,33.69938911077205,27.994174070020904,39.4046041515232
ClevelandOH,100,Extrapolation,1,0.8547574963681648,41.894539396742225,34.07254061017502,49.71653818330943
ClevelandOH,150,Extrapolation,1,0.9077039658533522,46.62353131498296,37.43779999892017,55.809262631045755
ClevelandOH,200,Extrapolation,1,0.9413494142128516,49.59081676734499,39.444896263234924,59.736737271455056
ClevelandOH,250,Extrapolation,1,0.9627298047529316,51.452689891263304,40.62004450097722,62.285335281549386
ClevelandOH,300,Extrapolation,1,0.9763162219931488,52.62095347264872,41.295675183925695,63.94623176137175
ClevelandOH,350,Extrapolation,1,0.9849498684683728,53.354000090089116,41.67653785959645,65.03146232058178
ClevelandOH,400,Extrapolation,1,0.9904362192951751,53.813962509446185,41.88610425776173,65.74182076113064
ClevelandOH,450,Extrapolation,1,0.9939225845848743,54.102573659388526,41.99764649563694,66.20750082314011
ClevelandOH,500,Extrapolation,1,0.9961380358596706,54.28366757568601,42.05407997018095,66.51325518119107
ClevelandOH,550,Extrapolation,1,0.9975458700775877,54.39729799684789,42.08023291473504,66.71436307896073
ClevelandOH,600,Extrapolation,1,0.9984404946661245,54.46859731422647,42.09027842053746,66.84691620791548
ClevelandOH,650,Extrapolation,1,0.999008994241024,54.513335269139176,42.092175063194134,66.93449547508422
ClevelandOH,700,Extrapolation,1,0.9993702538920575,54.541406850794644,42.09029405119202,66.99251965039727
ClevelandOH,750,Extrapolation,1,0.9995998205289155,54.55902083646244,42.08696078073845,67.03108089218642
ClevelandOH,800,Extrapolation,1,0.9997457013119133,54.57007302778224,42.08335214342797,67.05679391213651
ClevelandOH,850,Extrapolation,1,0.9998384029480888,54.577007910963886,42.08001409055153,67.07400173137624
ClevelandOH,900,Extrapolation,1,0.9998973112783913,54.58135931996067,42.07715676710083,67.0855618728205
ClevelandOH,950,Extrapolation,1,0.9999347452603813,54.58408968466348,42.07482025286542,67.09335911646154
ClevelandOH,1000,Extrapolation,1,0.9999585331185743,54.58580289788151,42.07296566477463,67.09864013098839
ClevelandOH,50,Rarefaction,2,0.7497979466158252,25.060857739507828,19.790238776545447,30.33147670247021
ClevelandOH,100,Extrapolation,2,0.8547574963681648,28.69136919099069,22.03445074888896,35.348287633092426
ClevelandOH,150,Extrapolation,2,0.9077039658533522,30.147153159113802,22.88355483038033,37.41075148784728
ClevelandOH,200,Extrapolation,2,0.9413494142128516,30.931886436896487,23.329164543093153,38.534608330699825
ClevelandOH,250,Extrapolation,2,0.9627298047529316,31.422647141723015,23.60352400387075,39.24177027957528
ClevelandOH,300,Extrapolation,2,0.9763162219931488,31.75856491672644,23.789398853238268,39.72773098021461
ClevelandOH,350,Extrapolation,2,0.9849498684683728,32.00293724164093,23.923636559653524,40.082237923628334
ClevelandOH,400,Extrapolation,2,0.9904362192951751,32.188698795601525,24.025124470451445,40.352273120751605
ClevelandOH,450,Extrapolation,2,0.9939225845848743,32.33467768740946,24.104541685719795,40.564813689099125
ClevelandOH,500,Extrapolation,2,0.9961380358596706,32.45241759325239,24.168380337448053,40.73645484905673
ClevelandOH,550,Extrapolation,2,0.9975458700775877,32.54938992200222,24.22081409566045,40.87796574834399
ClevelandOH,600,Extrapolation,2,0.9984404946661245,32.63064400033157,24.26464816459719,40.99663983606595
ClevelandOH,650,Extrapolation,2,0.999008994241024,32.699714979957044,24.301837594232136,41.09759236568195
ClevelandOH,700,Extrapolation,2,0.9993702538920575,32.759151836104465,24.33378662803952,41.18451704416941
ClevelandOH,750,Extrapolation,2,0.9995998205289155,32.810838831777886,24.3615298989688,41.260147764586975
ClevelandOH,800,Extrapolation,2,0.9997457013119133,32.856198932766056,24.385846518021168,41.32655134751094
ClevelandOH,850,Extrapolation,2,0.9998384029480888,32.896326832042014,24.407334363760327,41.3853193003237
ClevelandOH,900,Extrapolation,2,0.9998973112783913,32.932078451928845,24.42645987935407,41.43769702450362
ClevelandOH,950,Extrapolation,2,0.9999347452603813,32.96413267761139,24.443592306652533,41.484673048570244
ClevelandOH,1000,Extrapolation,2,0.9999585331185743,32.993034879115605,24.459027750572687,41.52704200765852
DesMoinesIA,50,Rarefaction,0,0.8336067205460005,42.25127510668549,38.268478315980495,46.234071897390486
DesMoinesIA,100,Rarefaction,0,0.92489371106483,55.16806617055997,49.828931853456666,60.50720048766327
DesMoinesIA,150,Extrapolation,0,0.9617451268186409,61.42535590273796,54.26994567234699,68.58076613312893
DesMoinesIA,200,Extrapolation,0,0.9805060640803323,64.61388141779156,55.15537809458251,74.07238474100062
DesMoinesIA,250,Extrapolation,0,0.9900662711430634,66.23869172036443,54.64057882978042,77.83680461094843
DesMoinesIA,300,Extrapolation,0,0.9949379658674483,67.06666330374458,53.71655715829134,80.41676944919782
DesMoinesIA,350,Extrapolation,0,0.9974204863120232,67.48858144508051,52.77278249637395,82.20438039378708
DesMoinesIA,400,Extrapolation,0,0.9986855302251576,67.70358268613958,51.94572569527066,83.46143967700851
DesMoinesIA,450,Extrapolation,0,0.9993301718858761,67.81314311772134,51.268072184411785,84.3582140510309
DesMoinesIA,500,Extrapolation,0,0.9996586686806667,67.86897297297824,50.732031019774254,85.00591492618223
DesMoinesIA,550,Extrapolation,0,0.9998260642288653,67.8974227763699,50.31642814655113,85.47841740618865
DesMoinesIA,600,Extrapolation,0,0.9999113657295225,67.91192024030384,49.99801788191142,85.82582259869626
DesMoinesIA,650,Extrapolation,0,0.9999548337075702,67.91930786466182,49.75581129843049,86.08280443089315
DesMoinesIA,700,Extrapolation,0,0.999976984139872,67.92307245368949,49.57235253335709,86.27379237402188
DesMoinesIA,750,Extrapolation,0,0.9999882715673806,67.9249908147025,49.433727132883405,86.41625449652159
DesMoinesIA,800,Extrapolation,0,0.9999940234198964,67.92596837399229,49.32910764346105,86.52282910452354
DesMoinesIA,850,Extrapolation,0,0.9999969544515543,67.92646651910606,49.25018870555824,86.60274433265388
DesMoinesIA,900,Extrapolation,0,0.9999984480480184,67.92672036412289,49.19065466363058,86.66278606461519
DesMoinesIA,950,Extrapolation,0,0.9999992091555934,67.92684971858364,49.14572793388334,86.70797150328394
DesMoinesIA,1000,Extrapolation,0,0.9999995970011425,67.926915635089415,49.11180540127296,86.74202586890587
DesMoinesIA,50,Rarefaction,1,0.8336067205460005,30.48292111909225,26.92103437779464,34.04480786038986
DesMoinesIA,100,Rarefaction,1,0.92489371106483,35.450433906798494,31.171877281007315,39.72899053258968
DesMoinesIA,150,Extrapolation,1,0.9617451268186409,37.7287669972339,33.107446471663394,42.3500875228044
DesMoinesIA,200,Extrapolation,1,0.9805060640803323,39.17743186204124,34.31725949945378,44.037604224628694
DesMoinesIA,250,Extrapolation,1,0.9900662711430634,40.1002279147139,35.07137041466032,45.129085414767474
DesMoinesIA,300,Extrapolation,1,0.9949379658674483,40.68804679229914,35.539086369617074,45.837007214981206
DesMoinesIA,350,Extrapolation,1,0.9974204863120232,41.062486010851096,35.82778291530328,46.29718910639891
DesMoinesIA,400,Extrapolation,1,0.9986855302251576,41.30100289715077,36.005159375028306,46.59684641927323
DesMoinesIA,450,Extrapolation,1,0.9993301718858761,41.45293758302608,36.11363573755676,46.79223942849539
DesMoinesIA,500,Extrapolation,1,0.9996586686806667,41.54971961439566,36.17964796230116,46.919791266490165
DesMoinesIA,550,Extrapolation,1,0.9998260642288653,41.611369536808446,36.21959543423209,47.0031436393848
DesMoinesIA,600,Extrapolation,1,0.9999113657295225,41.650640389876074,36.24361123431477,47.05766954543738
DesMoinesIA,650,Extrapolation,1,0.9999548337075702,41.67565582931708,36.257933876777244,47.093377781856915
DesMoinesIA,700,Extrapolation,1,0.999976984139872,41.69159060438674,36.26639038660123,47.11679082217225
DesMoinesIA,750,Extrapolation,1,0.9999882715673806,41.7017410179791,36.271319463015715,47.13216257294249
DesMoinesIA,800,Extrapolation,1,0.9999940234198964,41.70820680715062,36.27414407300453,47.142269541296706
DesMoinesIA,850,Extrapolation,1,0.9999969544515543,41.712325499382224,36.27572555756994,47.14892544119451
DesMoinesIA,900,Extrapolation,1,0.9999984480480184,41.714949096478996,36.276582035760015,47.15331615719798
DesMoinesIA,950,Extrapolation,1,0.9999992091555934,41.71662032155218,36.27702275078791,47.15621789231645
DesMoinesIA,1000,Extrapolation,1,0.9999995970011425,41.71768488792506,36.27723046861283,47.15813930723729
DesMoinesIA,50,Rarefaction,2,0.8336067205460005,23.136466809054987,19.77588420078304,26.497049417326934
DesMoinesIA,100,Rarefaction,2,0.92489371106483,25.52330082654703,21.515974927540448,29.53062672555361
DesMoinesIA,150,Extrapolation,2,0.9617451268186409,26.432246662478267,22.159543001402582,30.704950323553952
DesMoinesIA,200,Extrapolation,2,0.9805060640803323,26.911437006473967,22.494591609060848,31.328282403887087
DesMoinesIA,250,Extrapolation,2,0.9900662711430634,27.20738267992571,22.700055198084748,31.714710161766675
DesMoinesIA,300,Extrapolation,2,0.9949379658674483,27.408322637141175,22.83892417598229,31.977721098300062
DesMoinesIA,350,Extrapolation,2,0.9974204863120232,27.55367800801854,22.939058254695986,32.168297761341094
DesMoinesIA,400,Extrapolation,2,0.9986855302251576,27.663710340064878,23.01467962291357,32.312741057216186
DesMoinesIA,450,Extrapolation,2,0.9993301718858761,27.749900502563268,23.073807385957608,32.42599361916893
DesMoinesIA,500,Extrapolation,2,0.9996586686806667,27.81924029283569,23.121306847481634,32.51717373818975
DesMoinesIA,550,Extrapolation,2,0.9998260642288653,27.87623112183164,23.160301107850774,32.5921611358125
DesMoinesIA,600,Extrapolation,2,0.9999113657295225,27.923902155616737,23.192886797685034,32.65491751354844
DesMoinesIA,650,Extrapolation,2,0.9999548337075702,27.964366716796246,23.22052376214838,32.70820967144411
DesMoinesIA,700,Extrapolation,2,0.999976984139872,27.999144083382113,23.24425975039524,32.75402841636899
DesMoinesIA,750,Extrapolation,2,0.9999882715673806,28.029354512508924,23.264866239827064,32.79384278519078
DesMoinesIA,800,Extrapolation,2,0.9999940234198964,28.055842166926002,23.282923863031332,32.828760470820676
DesMoinesIA,850,Extrapolation,2,0.9999969544515543,28.079255234967842,23.298877983030273,32.85963248690541
DesMoinesIA,900,Extrapolation,2,0.9999984480480184,28.100099680901288,23.31307591691799,32.88712344488459
DesMoinesIA,950,Extrapolation,2,0.9999992091555934,28.118776224546238,23.325792508930746,32.91175994016173
DesMoinesIA,1000,Extrapolation,2,0.9999995970011425,28.1356063531721,23.33724809623649,32.933964610107715
HoustonTX,50,Rarefaction,0,0.8667724612334683,37.91611252298284,34.21332635839617,41.61889868756951
HoustonTX,100,Rarefaction,0,0.9120487283219685,52.094684660603,46.13732217154435,58.052047149661654
HoustonTX,150,Extrapolation,0,0.9315656345208105,62.443580348802925,54.191187223831434,70.69597347377442
HoustonTX,200,Extrapolation,0,0.9463613829216211,70.5455341197616,59.54230308778156,81.54876515174163
HoustonTX,250,Extrapolation,0,0.9579582389354384,76.89581723942223,62.82148036344092,90.97015411540353
HoustonTX,300,Extrapolation,0,0.9670478142486983,81.87314700948275,64.63300606002055,99.11328795894495
HoustonTX,350,Extrapolation,0,0.9741721916900483,85.77436073068368,65.4307082591701,106.11801320219726
HoustonTX,400,Extrapolation,0,0.9797562538907071,88.83211844447514,65.53454430396509,112.1296925849852
HoustonTX,450,Extrapolation,0,0.9841330223757465,91.228778280218,65.16733822066992,117.29021833976607
HoustonTX,500,Extrapolation,0,0.9875635182554977,93.10727190394618,64.4848751787971,121.72966862909527
HoustonTX,550,Extrapolation,0,0.9902523289662346,94.57962865719136,63.596898935336675,125.56235837904606
HoustonTX,600,Extrapolation,0,0.9923598094272512,95.73365674727572,62.5812249905561,128.88608850399532
HoustonTX,650,Extrapolation,0,0.9940116452652413,96.63817994097073,61.49322964776069,131.78313023418076
HoustonTX,700,Extrapolation,0,0.9953063484362269,97.34714206673009,60.37231404697687,134.3219700864833
HoustonTX,750,Extrapolation,0,0.9963211322678936,97.90282410923027,59.24638156202417,136.55926665643636
HoustonTX,800,Extrapolation,0,0.9971165162972913,98.33836575685558,58.13499086048754,138.54174065322363
HoustonTX,850,Extrapolation,0,0.9977399355265686,98.67974178182604,57.05160958907721,140.30787397457487
HoustonTX,900,Extrapolation,0,0.9982285693450361,98.94731112005124,56.005245636242684,141.8893766038598
HoustonTX,950,Extrapolation,0,0.9986115588284163,99.15703103451939,55.001639972431164,143.31242209660763
HoustonTX,1000,Extrapolation,0,0.9989117446502652,99.32140877232845,54.04414579941331,144.5986717452436
HoustonTX,50,Rarefaction,1,0.8667724612334683,23.665790828655652,21.108676690845705,26.2229049664656
HoustonTX,100,Rarefaction,1,0.9120487283219685,26.699718018373453,23.648147109770647,29.751288926976258
HoustonTX,150,Extrapolation,1,0.9315656345208105,28.152880621334106,24.848154783430022,31.45760645923819
HoustonTX,200,Extrapolation,1,0.9463613829216211,29.177409500563613,25.690226574424287,32.66459242670294
HoustonTX,250,Extrapolation,1,0.9579582389354384,29.9358267157759,26.3081538050287,33.563499626523104
HoustonTX,300,Extrapolation,1,0.9670478142486983,30.497252249005314,26.759187297897412,34.235317200113215
HoustonTX,350,Extrapolation,1,0.9741721916900483,30.91285282219867,27.086802254004013,34.738903390393325
HoustonTX,400,Extrapolation,1,0.9797562538907071,31.220505086329062,27.323766389641342,35.11724378301678
HoustonTX,450,Extrapolation,1,0.9841330223757465,31.448247591343662,27.494539831219193,35.40195535146813
HoustonTX,500,Extrapolation,1,0.9875635182554977,31.616836139641627,27.61721890895676,35.61645337032649
HoustonTX,550,Extrapolation,1,0.9902523289662346,31.741635410710476,27.705092353873987,35.778178467546965
HoustonTX,600,Extrapolation,1,0.9923598094272512,31.834019254195432,27.76786049266031,35.90017801573055
HoustonTX,650,Extrapolation,1,0.9940116452652413,31.90240727011858,27.812571068899587,35.992243471337574
HoustonTX,700,Extrapolation,1,0.9953063484362269,31.953032147212653,27.844325680581242,36.061738613844064
HoustonTX,750,Extrapolation,1,0.9963211322678936,31.990507692396925,27.86680624802144,36.11420913677241
HoustonTX,800,Extrapolation,1,0.9971165162972913,32.018249319981486,27.88266357944498,36.15383506051799
HoustonTX,850,Extrapolation,1,0.9977399355265686,32.03878532278696,27.893802092968713,36.1837685526052
HoustonTX,900,Extrapolation,1,0.9982285693450361,32.05398729354158,27.90158733080313,36.20638725628003
HoustonTX,950,Extrapolation,1,0.9986115588284163,32.06524069650484,27.906996599339223,36.22348479367045
HoustonTX,1000,Extrapolation,1,0.9989117446502652,32.073571134728766,27.91072799576378,36.236414273693754
HoustonTX,50,Rarefaction,2,0.8667724612334683,16.78351402641714,14.610372853898559,18.95665519893572
HoustonTX,100,Rarefaction,2,0.9120487283219685,17.744282091545557,15.332518831008555,20.156045352082558
HoustonTX,150,Extrapolation,2,0.9315656345208105,18.089457584094202,15.588094360616028,20.590820807572374
HoustonTX,200,Extrapolation,2,0.9463613829216211,18.267130758599652,15.718852036429126,20.815409480770178
HoustonTX,250,Extrapolation,2,0.9579582389354384,18.375419882301063,15.798282020907495,20.952557743694634
HoustonTX,300,Extrapolation,2,0.9670478142486983,18.448328736242185,15.851647692966386,21.045009779517983
HoustonTX,350,Extrapolation,2,0.9741721916900483,18.50076172019174,15.889969895717433,21.111553544666048
HoustonTX,400,Extrapolation,2,0.9797562538907071,18.540282468126552,15.918823770711583,21.16174116554152
HoustonTX,450,Extrapolation,2,0.9841330223757465,18.571137754917356,15.941332500372567,21.200943009462144
HoustonTX,500,Extrapolation,2,0.9875635182554977,18.59589602733491,15.959381743524094,21.232410311145724
HoustonTX,550,Extrapolation,2,0.9902523289662346,18.616201950175093,15.974177329903966,21.25822657044622
HoustonTX,600,Extrapolation,2,0.9923598094272512,18.63315745911632,15.986526298616376,21.279788619616262
HoustonTX,650,Extrapolation,2,0.9940116452652413,18.647528570742015,15.996989167460287,21.298067974023745
HoustonTX,700,Extrapolation,2,0.9953063484362269,18.6598643219201,16.005967383591663,21.313761260248537
HoustonTX,750,Extrapolation,2,0.9963211322678936,18.670568515514912,16.01375601387988,21.327381017149943
HoustonTX,800,Extrapolation,2,0.9971165162972913,18.679944764127455,16.02057679287235,21.33931273538256
HoustonTX,850,Extrapolation,2,0.9977399355265686,18.688225748807067,16.026599571499876,21.34985192611426
HoustonTX,900,Extrapolation,2,0.9982285693450361,18.695592790218562,16.03195665368861,21.359228926748514
HoustonTX,950,Extrapolation,2,0.9986115588284163,18.70218927869271,16.03675262810451,21.367625929280912
HoustonTX,1000,Extrapolation,2,0.9989117446502652,18.70813009957833,16.041071264290906,21.375188934865754
KansasCityMO,50,Rarefaction,0,0.9157480558051,43.241528169032996,39.33994302829983,47.143113309766164
KansasCityMO,100,Extrapolation,0,0.9512599206349206,54.170286195286174,48.48096473451227,59.85960765606008
KansasCityMO,150,Extrapolation,0,0.9679246060362695,61.09875539851292,53.35106006307867,68.84645073394717
KansasCityMO,200,Extrapolation,0,0.9788914808648088,65.65831669086295,55.30662939162015,76.01000399010574
KansasCityMO,250,Extrapolation,0,0.9861086794262117,68.6589216685129,55.588681359735965,81.72916197728983
KansasCityMO,300,Extrapolation,0,0.9908582508300147,70.63359196124566,55.018763069891946,86.24842085259937
KansasCityMO,350,Extrapolation,0,0.9939838996988796,71.9331041576345,54.054110380703264,89.81209793456574
KansasCityMO,400,Extrapolation,0,0.99604086021612,72.78830107571156,52.94263366385197,92.63396848757114
KansasCityMO,450,Extrapolation,0,0.9973945268456741,73.35109823199902,51.81716998755136,94.88502647644668
KansasCityMO,500,Extrapolation,0,0.9982853622937101,73.72146981827349,50.746470083738174,96.69646955280881
KansasCityMO,550,Extrapolation,0,0.9988716128358683,73.96520792246784,49.763154749433895,98.16726109550179
KansasCityMO,600,Extrapolation,0,0.9992574188777569,74.12560970715612,48.879483111500534,99.3717363028117
KansasCityMO,650,Extrapolation,0,0.9995113142539722,74.23116863326752,48.09644090224332,100.3658963642917
KansasCityMO,700,Extrapolation,0,0.9996784004451267,74.30063598304449,47.409039167582606,101.19223279850637
KansasCityMO,750,Extrapolation,0,0.9997883583171079,74.34635180133486,46.809406732890636,101.88329686977909
KansasCityMO,800,Extrapolation,0,0.9998607205723432,74.37643695714792,46.28857645373816,102.46429746055767
KansasCityMO,850,Extrapolation,0,0.9999083415010536,74.39623571902385,45.837491402848826,102.95498003519887
KansasCityMO,900,Extrapolation,0,0.9999396803923561,74.40926510049876,45.447544662906566,103.37098553809095
KansasCityMO,950,Extrapolation,0,0.9999603042259242,74.41783961554583,45.11084206833853,103.72483716275313
KansasCityMO,1000,Extrapolation,0,0.9999738765794237,74.42348242433411,44.82030293337973,104.02666191528849
KansasCityMO,50,Rarefaction,1,0.9157480558051,29.402652892955206,26.463546218910572,32.34175956699984
KansasCityMO,100,Extrapolation,1,0.9512599206349206,32.22395875465001,28.833502352148663,35.61441515715136
KansasCityMO,150,Extrapolation,1,0.9679246060362695,33.57675637807771,29.97069338873085,37.18281936742457
KansasCityMO,200,Extrapolation,1,0.9788914808648088,34.44943965412026,30.700898738242724,38.197980569997796
KansasCityMO,250,Extrapolation,1,0.9861086794262117,35.012403461193415,31.165890948695786,38.85891597369105
KansasCityMO,300,Extrapolation,1,0.9908582508300147,35.37556872031412,31.459666815738778,39.29147062488946
KansasCityMO,350,Extrapolation,1,0.9939838996988796,35.60984489184617,31.643971878156815,39.57571790553553
KansasCityMO,400,Extrapolation,1,0.99604086021612,35.76097532948937,31.758863065012243,39.763087593966496
KansasCityMO,450,Extrapolation,1,0.9973945268456741,35.85846885191147,31.830041250819598,39.88689645300334
KansasCityMO,500,Extrapolation,1,0.9982853622937101,35.92136145688564,31.87385180596879,39.96887110780249
KansasCityMO,550,Extrapolation,1,0.9988716128358683,35.96193317552058,31.900619163281483,40.02324718775967
KansasCityMO,600,Extrapolation,1,0.9992574188777569,35.98810579714546,31.916829060795514,40.0593825334954
KansasCityMO,650,Extrapolation,1,0.9995113142539722,36.00498963016429,31.926536757184916,40.08344250314366
KansasCityMO,700,Extrapolation,1,0.9996784004451267,36.015881310084374,31.93226668190764,40.09949593826111
KansasCityMO,750,Extrapolation,1,0.9997883583171079,36.0229074807027,31.935583120877762,40.11023184052764
KansasCityMO,800,Extrapolation,1,0.9998607205723432,36.027440029760335,31.937450388569815,40.117429670950855
KansasCityMO,850,Extrapolation,1,0.9999083415010536,36.030363955476886,31.938459269133016,40.12226864182076
KansasCityMO,900,Extrapolation,1,0.9999396803923561,36.03225016597064,31.93896892856709,40.12553140337418
KansasCityMO,950,Extrapolation,1,0.9999603042259242,36.03346695133786,31.939195587847614,40.1277383148281
KansasCityMO,1000,Extrapolation,1,0.9999738765794237,36.034251893758004,31.939267756450217,40.12923603106579
KansasCityMO,50,Rarefaction,2,0.9157480558051,22.121625788788613,19.44291060231791,24.800340975259317
KansasCityMO,100,Extrapolation,2,0.9512599206349206,23.407853681124735,20.418669502792426,26.397037859457043
KansasCityMO,150,Extrapolation,2,0.9679246060362695,23.870491344132695,20.76410509637554,26.97687759188985
KansasCityMO,200,Extrapolation,2,0.9788914808648088,24.108736370879694,20.940852550986683,27.276620190772704
KansasCityMO,250,Extrapolation,2,0.9861086794262117,24.253979885221412,21.048223774949708,27.459735995493116
KansasCityMO,300,Extrapolation,2,0.9908582508300147,24.351785062247256,21.120363620131556,27.583206504362956
KansasCityMO,350,Extrapolation,2,0.9939838996988796,24.422130241026032,21.172168406662013,27.67209207539005
KansasCityMO,400,Extrapolation,2,0.99604086021612,24.475156412899146,21.211174083554134,27.739138742244158
KansasCityMO,450,Extrapolation,2,0.9973945268456741,24.516558455531936,21.241602386912092,27.79151452415178
KansasCityMO,500,Extrapolation,2,0.9982853622937101,24.549781077382253,21.266002288514095,27.83355986625041
KansasCityMO,550,Extrapolation,2,0.9988716128358683,24.57703026920302,21.28600381206898,27.868056726337063
KansasCityMO,600,Extrapolation,2,0.9992574188777569,24.599784180115723,21.30269791327225,27.896870446959195
KansasCityMO,650,Extrapolation,2,0.9995113142539722,24.61907042303084,21.31684230657353,27.921298539488152
KansasCityMO,700,Extrapolation,2,0.9996784004451267,24.63562557381836,21.328979676539575,27.942271471097143
KansasCityMO,750,Extrapolation,2,0.9997883583171079,24.64999139166076,21.339508902874503,27.960473880447015
KansasCityMO,800,Extrapolation,2,0.9998607205723432,24.66257523307687,21.348729733971673,27.976420732182063
KansasCityMO,850,Extrapolation,2,0.9999083415010536,24.673689297091734,21.356871781066367,27.9905068131171
KansasCityMO,900,Extrapolation,2,0.9999396803923561,24.683576877802103,21.364113898463316,28.00303985714089
KansasCityMO,950,Extrapolation,2,0.9999603042259242,24.69243038018219,21.3705974741638,28.01426328620058
KansasCityMO,1000,Extrapolation,2,0.9999738765794237,24.700403964307892,21.376435752164205,28.02437217645158
MadisonWI,50,Rarefaction,0,0.8462366606025421,43.43089578953042,39.502508627258045,47.35928295180279
MadisonWI,100,Extrapolation,0,0.9384432233027395,55.102334135317435,49.2576852920127,60.94698297862217
MadisonWI,150,Extrapolation,0,0.9758566859172255,59.74014798019001,51.568667577556546,67.91162838282347
MadisonWI,200,Extrapolation,0,0.9905306995236897,61.559154795067386,51.05155802618653,72.06675156394824
MadisonWI,250,Extrapolation,0,0.99628602555543,62.27259131995689,49.88692103515374,74.65826160476004
MadisonWI,300,Extrapolation,0,0.9985433341977661,62.55240977411739,48.781339472961335,76.32348007527345
MadisonWI,350,Extrapolation,0,0.9994286780129842,62.66215796412057,47.902842072334806,77.42147385590633
MadisonWI,400,Extrapolation,0,0.9997759205904696,62.70520253473371,47.250489429319515,78.1599156401479
MadisonWI,450,Extrapolation,0,0.9999121133390336,62.72208513716402,46.78057231488057,78.66359795944747
MadisonWI,500,Extrapolation,0,0.9999655297861058,62.72870669850753,46.44684484412409,79.01056855289097
MadisonWI,550,Extrapolation,0,0.999986480364223,62.731303755140644,46.211316134546905,79.25129137573438
MadisonWI,600,Extrapolation,0,0.9999946974349477,62.732322352236665,46.04544033199958,79.41920437247376
MadisonWI,650,Extrapolation,0,0.9999979202697027,62.732721858366325,45.928600831401184,79.53684288533147
MadisonWI,700,Extrapolation,0,0.9999991843045645,62.73287854951366,45.84618603361052,79.61957106541679
MadisonWI,750,Extrapolation,0,0.9999996800743614,62.73294000568123,45.78793150381039,79.67794850755206
MadisonWI,800,Extrapolation,0,0.999999874521286,62.73296410953519,45.74665263306316,79.71927558600723
MadisonWI,850,Extrapolation,0,0.9999999507857272,62.73297356335893,45.71732434046905,79.74862278624882
MadisonWI,900,Extrapolation,0,0.9999999806975656,62.73297727126321,45.69642901469779,79.76952552782862
MadisonWI,950,Extrapolation,0,0.9999999924293512,62.73297872554822,45.68150000039383,79.7844574507026
MadisonWI,1000,Extrapolation,0,0.9999999970306997,62.73297929593643,45.67080371132916,79.7951548805437
MadisonWI,50,Rarefaction,1,0.8462366606025421,32.64539883212221,29.218795387957613,36.07200227628681
MadisonWI,100,Extrapolation,1,0.9384432233027395,37.89219366880386,33.74575715310092,42.03863018450681
MadisonWI,150,Extrapolation,1,0.9758566859172255,40.42809619101172,35.90532523476888,44.950867147254556
MadisonWI,200,Extrapolation,1,0.9905306995236897,41.88748530958758,37.12385925580405,46.651111363371115
MadisonWI,250,Extrapolation,1,0.99628602555543,42.72735063594221,37.80690312200173,47.64779814988269
MadisonWI,300,Extrapolation,1,0.9985433341977661,43.21068558577458,38.18738337004631,48.23398780150284
MadisonWI,350,Extrapolation,1,0.9994286780129842,43.488840507044436,38.398115978605446,48.57956503548343
MadisonWI,400,Extrapolation,1,0.9997759205904696,43.64891616524684,38.51418809451721,48.78364423597647
MadisonWI,450,Extrapolation,1,0.9999121133390336,43.74103826839695,38.57774688852688,48.904329648267016
MadisonWI,500,Extrapolation,1,0.9999655297861058,43.7940537111201,38.61231616705148,48.97579125518872
MadisonWI,550,Extrapolation,1,0.999986480364223,43.82456362210803,38.63096396077718,49.01816328343888
MadisonWI,600,Extrapolation,1,0.9999946974349477,43.842121801775654,38.64091870985863,49.04332489369268
MadisonWI,650,Extrapolation,1,0.9999979202697027,43.852226376428874,38.64616095414652,49.05829179871123
MadisonWI,700,Extrapolation,1,0.9999991843045645,43.85804146836068,38.648871519465175,49.06721141725619
MadisonWI,750,Extrapolation,1,0.9999996800743614,43.86138800152372,38.65023780702894,49.072538196018506
MadisonWI,800,Extrapolation,1,0.999999874521286,43.86331390129326,38.65090127461899,49.07572652796753
MadisonWI,850,Extrapolation,1,0.9999999507857272,43.864422239308034,38.65120497103898,49.07763950757709
MadisonWI,900,Extrapolation,1,0.9999999806975656,43.865060077878056,38.65132994627837,49.07879020947774
MadisonWI,950,Extrapolation,1,0.9999999924293512,43.865427148244656,38.651370071920255,49.07948422456906
MadisonWI,1000,Extrapolation,1,0.9999999970306997,43.86563839394282,38.651372836368274,49.07990395151736
MadisonWI,50,Rarefaction,2,0.8462366606025421,25.20091133528194,21.69917671873229,28.70264595183159
MadisonWI,100,Extrapolation,2,0.9384432233027395,28.052663983722933,23.821179735233088,32.28414823221278
MadisonWI,150,Extrapolation,2,0.9758566859172255,29.15229531953119,24.617416169101055,33.68717446996133
MadisonWI,200,Extrapolation,2,0.9905306995236897,29.735085455955986,25.03454284563433,34.43562806627764
MadisonWI,250,Extrapolation,2,0.99628602555543,30.096079985581877,25.29124417420464,34.90091579695911
MadisonWI,300,Extrapolation,2,0.9985433341977661,30.34165229701302,25.465139626307455,35.218164967718586
MadisonWI,350,Extrapolation,2,0.9994286780129842,30.519529076568787,25.590730449613,35.44832770352457
MadisonWI,400,Extrapolation,2,0.9997759205904696,30.654311375177805,25.685688836494723,35.622933913860884
MadisonWI,450,Extrapolation,2,0.9999121133390336,30.759967928560574,25.76000362239315,35.759932234728
MadisonWI,500,Extrapolation,2,0.9999655297861058,30.84501902258949,25.81974650191281,35.87029154326617
MadisonWI,550,Extrapolation,2,0.999986480364223,30.914956907785356,25.86882071463981,35.9610931009309
MadisonWI,600,Extrapolation,2,0.9999946974349477,30.97348120769565,25.909849745761026,36.03711266963027
MadisonWI,650,Extrapolation,2,0.9999979202697027,31.02317511652768,25.944662079181555,36.1016881538738
MadisonWI,700,Extrapolation,2,0.9999991843045645,31.065896985846827,25.974571127604985,36.157222844088665
MadisonWI,750,Extrapolation,2,0.9999996800743614,31.103017896893494,26.000544664501852,36.205491129285136
MadisonWI,800,Extrapolation,2,0.999999874521286,31.135571541951837,26.023311503585525,36.24783158031815
MadisonWI,850,Extrapolation,2,0.9999999507857272,31.164351988779128,26.043430964454647,36.28527301310361
MadisonWI,900,Extrapolation,2,0.9999999806975656,31.18997931246042,26.061339437381054,36.31861918753979
MadisonWI,950,Extrapolation,2,0.9999999924293512,31.212944776105857,26.07738239651544,36.348507155696275
MadisonWI,1000,Extrapolation,2,0.9999999970306997,31.233642628111276,26.091836904149936,36.37544835207262
MilwaukeeWI,50,Rarefaction,0,0.8241754312396516,39.840366011803404,35.57744986305862,44.10328216054819
MilwaukeeWI,100,Rarefaction,0,0.9114436718306629,52.407617079635756,45.79801611772636,59.01721804154515
MilwaukeeWI,150,Extrapolation,0,0.9340123951179113,60.24336463026639,51.369112962293855,69.11761629823893
MilwaukeeWI,200,Extrapolation,0,0.9499399581012675,66.17589708964984,54.75601008720521,77.59578409209446
MilwaukeeWI,250,Extrapolation,0,0.9620230526720773,70.67648207092007,56.634026536844104,84.71893760499604
MilwaukeeWI,300,Extrapolation,0,0.9711896260241778,74.09075166191026,57.57532261324033,90.60618071058019
MilwaukeeWI,350,Extrapolation,0,0.9781436448417103,76.68091202739019,57.94758522917782,95.41423882560257
MilwaukeeWI,400,Extrapolation,0,0.9834191579322719,78.64588009453026,57.97365253604151,99.318107653019
MilwaukeeWI,450,Extrapolation,0,0.9874213096518671,80.13655980546187,57.790000681034336,102.4831189298894
MilwaukeeWI,500,Extrapolation,0,0.990457453835703,81.26743110955253,57.48230508431449,105.05255713479058
MilwaukeeWI,550,Extrapolation,0,0.992760757695951,82.12534169694253,57.105542029142555,107.1451413647425
MilwaukeeWI,600,Extrapolation,0,0.9945081083984889,82.77617665339912,56.69547381525568,108.85687949154256
MilwaukeeWI,650,Extrapolation,0,0.9958336974926397,83.26991824695438,56.275442534916955,110.2643939589918
MilwaukeeWI,700,Extrapolation,0,0.9968393264393529,83.64448442350658,55.860553957757574,111.42841488925559
MilwaukeeWI,750,Extrapolation,0,0.9976022246729983,83.92864079689758,55.46035448470766,112.3969271090875
MilwaukeeWI,800,Extrapolation,0,0.9981809806016154,84.14420976599659,55.08060049705763,113.20781903493555
MilwaukeeWI,850,Extrapolation,0,0.9986200410295168,84.30774641268115,54.72445785331891,113.8910349720434
MilwaukeeWI,900,Extrapolation,0,0.9989531245450664,84.43180988489894,54.393329978207674,114.4702897915902
MilwaukeeWI,950,Extrapolation,0,0.9992058110120775,84.5259279034029,54.08743624028845,114.96441956651736
MilwaukeeWI,1000,Extrapolation,0,0.9993975060303832,84.59732846352557,53.80621833614987,115.38843859090127
MilwaukeeWI,50,Rarefaction,1,0.8241754312396516,28.497668694198094,24.958914903209955,32.036422485186236
MilwaukeeWI,100,Rarefaction,1,0.9114436718306629,33.42456949745769,28.878338104168026,37.97080089074735
MilwaukeeWI,150,Extrapolation,1,0.9340123951179113,35.7166846525593,30.64000797791599,40.79336132720262
MilwaukeeWI,200,Extrapolation,1,0.9499399581012675,37.31499036958911,31.858894941803797,42.771085797374425
MilwaukeeWI,250,Extrapolation,1,0.9620230526720773,38.44914829148488,32.71671623536242,44.181580347607344
MilwaukeeWI,300,Extrapolation,1,0.9711896260241778,39.25394688420302,33.318837590199074,45.18905617820696
MilwaukeeWI,350,Extrapolation,1,0.9781436448417103,39.82503205879533,33.74053022637641,45.90953389121425
MilwaukeeWI,400,Extrapolation,1,0.9834191579322719,40.230274164820415,34.03542999965896,46.42511832998187
MilwaukeeWI,450,Extrapolation,1,0.9874213096518671,40.517834010184785,34.24151693578347,46.7941510845861
MilwaukeeWI,500,Extrapolation,1,0.990457453835703,40.72188650975614,34.385527277061996,47.05824574245028
MilwaukeeWI,550,Extrapolation,1,0.992760757695951,40.86668218708223,34.48619851691906,47.247165857245406
MilwaukeeWI,600,Extrapolation,1,0.9945081083984889,40.969429216480854,34.55662355106112,47.38223488190059
MilwaukeeWI,650,Extrapolation,1,0.9958336974926397,41.04233852044071,34.60593553602051,47.478741504860906
MilwaukeeWI,700,Extrapolation,1,0.9968393264393529,41.09407497097387,34.640500835880644,47.5476491060671
MilwaukeeWI,750,Extrapolation,1,0.9976022246729983,41.13078716226353,34.66475715030895,47.59681717421811
MilwaukeeWI,800,Extrapolation,1,0.9981809806016154,41.156838137454116,34.68179930515542,47.63187696975281
MilwaukeeWI,850,Extrapolation,1,0.9986200410295168,41.17532391246618,34.69378737374719,47.656860451185175
MilwaukeeWI,900,Extrapolation,1,0.9989531245450664,41.18844142055549,34.70223053774619,47.674652303364795
MilwaukeeWI,950,Extrapolation,1,0.9992058110120775,41.197749605814735,34.708184404545,47.68731480708447
MilwaukeeWI,1000,Extrapolation,1,0.9993975060303832,41.204354695152624,34.71238819012332,47.69632120018193
MilwaukeeWI,50,Rarefaction,2,0.8241754312396516,20.65903602462149,17.482060085575963,23.836011963667016
MilwaukeeWI,100,Rarefaction,2,0.9114436718306629,22.76526514951869,18.963200798182964,26.567329500854417
MilwaukeeWI,150,Extrapolation,2,0.9340123951179113,23.566136380001087,19.50799648516066,27.624276274841513
MilwaukeeWI,200,Extrapolation,2,0.9499399581012675,23.988081036709527,19.79096432660952,28.185197746809536
MilwaukeeWI,250,Extrapolation,2,0.9620230526720773,24.24857919197373,19.9642642766459,28.53289410730156
MilwaukeeWI,300,Extrapolation,2,0.9711896260241778,24.42541074513663,20.081296500913663,28.7695249893596
MilwaukeeWI,350,Extrapolation,2,0.9781436448417103,24.553306288207267,20.165635521913856,28.940977054500678
MilwaukeeWI,400,Extrapolation,2,0.9834191579322719,24.65011036916966,20.22930099806952,29.0709197402698
MilwaukeeWI,450,Extrapolation,2,0.9874213096518671,24.725931783646903,20.279064046878524,29.172799520415282
MilwaukeeWI,500,Extrapolation,2,0.990457453835703,24.786925579775342,20.319029990387698,29.254821169162987
MilwaukeeWI,550,Extrapolation,2,0.992760757695951,24.8370538710014,20.35183266912409,29.322275072878714
MilwaukeeWI,600,Extrapolation,2,0.9945081083984889,24.878982591337344,20.379239490138293,29.378725692536396
MilwaukeeWI,650,Extrapolation,2,0.9958336974926397,24.91457146825948,20.40248062462529,29.426662311893672
MilwaukeeWI,700,Extrapolation,2,0.9968393264393529,24.94515735846763,20.422438715719526,29.467876001215732
MilwaukeeWI,750,Extrapolation,2,0.9976022246729983,24.971725939281683,20.43976350324622,29.503688375317147
MilwaukeeWI,800,Extrapolation,2,0.9981809806016154,24.995019916642836,20.45494388883487,29.535095944450802
MilwaukeeWI,850,Extrapolation,2,0.9986200410295168,25.015609545413277,20.468354802668735,29.56286428815782
MilwaukeeWI,900,Extrapolation,2,0.9989531245450664,25.03393993573038,20.480288585053234,29.587591286407527
MilwaukeeWI,950,Extrapolation,2,0.9992058110120775,25.050363596925273,20.490976540361753,29.609750653488792
MilwaukeeWI,1000,Extrapolation,2,0.9993975060303832,25.065163327859093,20.50060407582692,29.629722579891265
MinneapolisMN,50,Rarefaction,0,0.8427786086901695,39.28828897234605,35.48699355784716,43.08958438684495
MinneapolisMN,100,Rarefaction,0,0.915796066156711,52.0211982679272,46.77148219298863,57.270914342865765
MinneapolisMN,150,Extrapolation,0,0.9493893154856589,59.361112953036816,52.45609271801851,66.26613318805512
MinneapolisMN,200,Extrapolation,0,0.9696148439387893,63.771358909247844,54.69977196703339,72.84294585146229
MinneapolisMN,250,Extrapolation,0,0.9817576522087442,66.41913996444833,55.04810295402799,77.79017697486869
MinneapolisMN,300,Extrapolation,0,0.989047834664178,68.00878929146721,54.46137679589539,81.55620178703903
MinneapolisMN,350,Extrapolation,0,0.9934246442993112,68.96316766725033,53.44771188263407,84.4786234518666
MinneapolisMN,400,Extrapolation,0,0.9960523511776098,69.53614817853742,52.272579510197545,86.79971684687729
MinneapolisMN,450,Extrapolation,0,0.9976299485633475,69.88014870772523,51.07425291253905,88.6860445029114
MinneapolisMN,500,Extrapolation,0,0.9985770913105241,70.08667643729089,49.92281574992731,90.25053712465447
MinneapolisMN,550,Extrapolation,0,0.9991457277646911,70.21066956945339,48.85122756240861,91.57011157649816
MinneapolisMN,600,Extrapolation,0,0.9994871202506407,70.28511137373698,47.872210711769995,92.69801203570397
MinneapolisMN,650,Extrapolation,0,0.9996920821882876,70.32980402830866,46.98762312115489,93.67198493546243
MinneapolisMN,700,Extrapolation,0,0.9998151352653558,70.35663617446478,46.19371237080378,94.51955997812578
MinneapolisMN,750,Extrapolation,0,0.999889012688402,70.37274540033742,45.48406151885234,95.2614292818225
MinneapolisMN,800,Extrapolation,0,0.9999333665051939,70.38241690244934,44.85122421165805,95.91360959324062
MinneapolisMN,850,Extrapolation,0,0.9999599952231824,70.3882233858794,44.28761119897844,96.48883557278036
MinneapolisMN,900,Extrapolation,0,0.999975982316808,70.39170942656197,43.785949567541664,96.99746928558228
MinneapolisMN,950,Extrapolation,0,0.9999855804943358,70.39380234214278,43.339499876305965,97.44810480797959
MinneapolisMN,1000,Extrapolation,0,0.9999913429558573,70.39505886667226,42.942138272614784,97.84797946072973
MinneapolisMN,50,Rarefaction,1,0.8427786086901695,28.004717360812773,24.916489004682916,31.09294571694263
MinneapolisMN,100,Rarefaction,1,0.915796066156711,32.39493036377321,28.61807983948013,36.171780888066294
MinneapolisMN,150,Extrapolation,1,0.9493893154856589,34.32938805984648,30.258800722571554,38.39997539712141
MinneapolisMN,200,Extrapolation,1,0.9696148439387893,35.588477037433805,31.324823087724887,39.85213098714272
MinneapolisMN,250,Extrapolation,1,0.9817576522087442,36.466704620164876,32.06333765399789,40.87007158633186
MinneapolisMN,300,Extrapolation,1,0.989047834664178,37.07927744130703,32.572860559979375,41.58569432263468
MinneapolisMN,350,Extrapolation,1,0.9934246442993112,37.506553318973204,32.92290970367352,42.09019693427289
MinneapolisMN,400,Extrapolation,1,0.9960523511776098,37.804582662317245,33.16239808155805,42.44676724307644
MinneapolisMN,450,Extrapolation,1,0.9976299485633475,38.012461211369036,33.32557237553411,42.699350047203964
MinneapolisMN,500,Extrapolation,1,0.9985770913105241,38.157458649107895,33.436286710048414,42.878630588167375
MinneapolisMN,550,Extrapolation,1,0.9991457277646911,38.258595861421206,33.51107657456752,43.006115148274894
MinneapolisMN,600,Extrapolation,1,0.9994871202506407,38.32914011291984,33.561355182817714,43.09692504302196
MinneapolisMN,650,Extrapolation,1,0.9996920821882876,38.378345457873245,33.59497035713613,43.16172055861036
MinneapolisMN,700,Extrapolation,1,0.9998151352653558,38.41266669483514,33.61729987233656,43.20803351733372
MinneapolisMN,750,Extrapolation,1,0.999889012688402,38.436606112549,33.63201711358421,43.24119511151379
MinneapolisMN,800,Extrapolation,1,0.9999333665051939,38.453304103973814,33.641623415101314,43.26498479284631
MinneapolisMN,850,Extrapolation,1,0.9999599952231824,38.464951125674844,33.64781655709416,43.28208569425553
MinneapolisMN,900,Extrapolation,1,0.999975982316808,38.47307504375894,33.65174492931743,43.29440515820045
MinneapolisMN,950,Extrapolation,1,0.9999855804943358,38.47874156063607,33.65418230712221,43.30330081414992
MinneapolisMN,1000,Extrapolation,1,0.9999913429558573,38.482694014758124,33.65564772294857,43.309740306567676
MinneapolisMN,50,Rarefaction,2,0.8427786086901695,20.93757595688362,18.31300172222154,23.5621501915457
MinneapolisMN,100,Rarefaction,2,0.915796066156711,22.915309434647902,19.80969473144165,26.020924137854156
MinneapolisMN,150,Extrapolation,2,0.9493893154856589,23.66028155266156,20.35925743242376,26.961305672899357
MinneapolisMN,200,Extrapolation,2,0.9696148439387893,24.05123191782605,20.644542477225322,27.45792135842678
MinneapolisMN,250,Extrapolation,2,0.9817576522087442,24.29206570341423,20.8192152113185,27.76491619550996
MinneapolisMN,300,Extrapolation,2,0.989047834664178,24.45531907551721,20.937156472831113,27.973481678203306
MinneapolisMN,350,Extrapolation,2,0.9934246442993112,24.573278537018908,21.022142221279864,28.12441485275795
MinneapolisMN,400,Extrapolation,2,0.9960523511776098,24.662497622543576,21.086291511345994,28.238703733741158
MinneapolisMN,450,Extrapolation,2,0.9976299485633475,24.732339417550325,21.13643021581339,28.32824861928726
MinneapolisMN,500,Extrapolation,2,0.9985770913105241,24.788498310913127,21.176696322096383,28.40030029972987
MinneapolisMN,550,Extrapolation,2,0.9991457277646911,24.834636545838592,21.209744373491308,28.459528718185876
MinneapolisMN,600,Extrapolation,2,0.9994871202506407,24.873216478180204,21.237355537817944,28.509077418542464
MinneapolisMN,650,Extrapolation,2,0.9996920821882876,24.905954782496007,21.260769491559415,28.5511400734326
MinneapolisMN,700,Extrapolation,2,0.9998151352653558,24.934084856531445,21.280875655565183,28.587294057497708
MinneapolisMN,750,Extrapolation,2,0.999889012688402,24.95851570371636,21.298328733197557,28.61870267423516
MinneapolisMN,800,Extrapolation,2,0.9999333665051939,24.979932001599984,21.31362134467026,28.646242658529708
MinneapolisMN,850,Extrapolation,2,0.9999599952231824,24.99885928018489,21.32713126126667,28.670587299103115
MinneapolisMN,900,Extrapolation,2,0.999975982316808,25.015707623074256,21.339153031425223,28.69226221472329
MinneapolisMN,950,Extrapolation,2,0.9999855804943358,25.03080171814155,21.34991970172571,28.71168373455739
MinneapolisMN,1000,Extrapolation,2,0.9999913429558573,25.044401986067577,21.359618072457167,28.729185899677987
PittsburghPA,50,Rarefaction,0,0.8554915259987507,46.69314556820654,42.51410080548169,50.87219033093139
PittsburghPA,100,Extrapolation,0,0.9339364503073772,61.39949377530122,55.446567083043206,67.35242046755923
PittsburghPA,150,Extrapolation,0,0.96773039146222,68.42823943707056,60.35586791000784,76.50061096413329
PittsburghPA,200,Extrapolation,0,0.98423748587494,71.86152257235754,61.32706966817655,82.39597547653854
PittsburghPA,250,Extrapolation,0,0.9923005929479488,73.53855481313985,60.84870976860892,86.22839985767078
PittsburghPA,300,Extrapolation,0,0.9962391235000432,74.35772323758972,59.99396333634043,88.72148313883902
PittsburghPA,350,Extrapolation,0,0.9981629504775749,74.75785681361606,59.15519991786354,90.36051370936858
PittsburghPA,400,Extrapolation,0,0.9991026690326361,74.95330731425169,58.45244296931497,91.4541716591884
PittsburghPA,450,Extrapolation,0,0.9995616869032865,75.0487776783688,57.9024148700024,92.19514048673518
PittsburghPA,500,Extrapolation,0,0.9997859002110281,75.09541143164655,57.486639112538484,92.70418375075462
PittsburghPA,550,Extrapolation,0,0.9998954201460519,75.11819030093108,57.17828563431835,93.05809496754381
PittsburghPA,600,Extrapolation,0,0.9999489165967687,75.12931693881482,56.952022324482,93.30661155314765
PittsburghPA,650,Extrapolation,0,0.9999750476407532,75.13475189122838,56.78694879846046,93.4825549839963
PittsburghPA,700,Extrapolation,0,0.9999878116923971,75.13740666511842,56.66685308989724,93.6079602403396
PittsburghPA,750,Extrapolation,0,0.9999940464610679,75.13870342429327,56.57956271332557,93.697844135260965
PittsburghPA,800,Extrapolation,0,0.9999970919157138,75.1393368433441,56.51610316077002,93.76257052591816
PittsburghPA,850,Extrapolation,0,0.9999985795080352,75.13964624519892,56.469925491161355,93.80936699923649
PittsburghPA,900,Extrapolation,0,0.9999993061420428,75.13979737659864,56.43627742463127,93.843317328566
PittsburghPA,950,Extrapolation,0,0.9999996610759675,75.13987119871581,56.41171968608459,93.86802271134704
PittsburghPA,1000,Extrapolation,0,0.9999998344481048,75.13990725809855,56.393765333167984,93.88604918302912
PittsburghPA,50,Rarefaction,1,0.8554915259987507,28.813586044292773,25.83212796074627,31.795044127839276
PittsburghPA,100,Extrapolation,1,0.9339364503073772,32.77439219637435,29.212635546020593,36.33614884672811
PittsburghPA,150,Extrapolation,1,0.96773039146222,34.64265129537817,30.78652927440688,38.498773316349464
PittsburghPA,200,Extrapolation,1,0.98423748587494,35.79269762241496,31.736067210142338,39.84932803468759
PittsburghPA,250,Extrapolation,1,0.9923005929479488,36.50063291631293,32.30634338031437,40.694922452311495
PittsburghPA,300,Extrapolation,1,0.9962391235000432,36.936417430870456,32.64734415518244,41.225490706558475
PittsburghPA,350,Extrapolation,1,0.9981629504775749,37.204673788146394,32.85045316836575,41.558894407927035
PittsburghPA,400,Extrapolation,1,0.9991026690326361,37.36980465171557,32.97099836216835,41.768610941262786
PittsburghPA,450,Extrapolation,1,0.9995616869032865,37.47145444067118,33.04229117373389,41.900617707608475
PittsburghPA,500,Extrapolation,1,0.9997859002110281,37.53402711407328,33.084298377605755,41.98375585054081
PittsburghPA,550,Extrapolation,1,0.9998954201460519,37.572545044084876,33.10894588808077,42.036144200088984
PittsburghPA,600,Extrapolation,1,0.9999489165967687,37.59625556901074,33.12333599475704,42.06917514326443
PittsburghPA,650,Extrapolation,1,0.9999750476407532,37.61085108315417,33.13168697045605,42.09001519585228
PittsburghPA,700,Extrapolation,1,0.9999878116923971,37.61983565999408,33.13649731380279,42.10317400618537
PittsburghPA,750,Extrapolation,1,0.9999940464610679,37.62536630593084,33.13924239455387,42.11149021730781
PittsburghPA,800,Extrapolation,1,0.9999970919157138,37.62877081178824,33.14079031725962,42.116751306316864
PittsburghPA,850,Extrapolation,1,0.9999985795080352,37.63086652723733,33.14164967552462,42.12008337895004
PittsburghPA,900,Extrapolation,1,0.9999993061420428,37.63215658912223,33.142116866677824,42.12219631156664
PittsburghPA,950,Extrapolation,1,0.9999996610759675,37.63295071394848,33.1423634981476,42.12353792974936
PittsburghPA,1000,Extrapolation,1,0.9999998344481048,37.63343955424912,33.14248811775505,42.124390990743194
PittsburghPA,50,Rarefaction,2,0.8554915259987507,19.47250347023374,17.13376910193584,21.81123783853164
PittsburghPA,100,Extrapolation,2,0.9339364503073772,20.64826704602693,18.02318305924409,23.27335103280977
PittsburghPA,150,Extrapolation,2,0.96773039146222,21.072388978678443,18.338665071867783,23.806112885489103
PittsburghPA,200,Extrapolation,2,0.98423748587494,21.29105144235605,18.500215658601128,24.08188722611097
PittsburghPA,250,Extrapolation,2,0.9923005929479488,21.424440808359435,18.59839853649565,24.25048308022322
PittsburghPA,300,Extrapolation,2,0.9962391235000432,21.514299491539173,18.664383631383792,24.364215351694554
PittsburghPA,350,Extrapolation,2,0.9981629504775749,21.578947145665314,18.711777901283696,24.44611639004693
PittsburghPA,400,Extrapolation,2,0.9991026690326361,21.62768842543922,18.747467901255668,24.507908949622774
PittsburghPA,450,Extrapolation,2,0.9995616869032865,21.66575080633835,18.775312734770935,24.556188877905768
PittsburghPA,500,Extrapolation,2,0.9997859002110281,21.696297306396325,18.79764295925525,24.5949516535374
PittsburghPA,550,Extrapolation,2,0.9998954201460519,21.721354038626,18.815949194130397,24.626758883121603
PittsburghPA,600,Extrapolation,2,0.9999489165967687,21.742278901703216,18.831229238155434,24.653328565250998
PittsburghPA,650,Extrapolation,2,0.9999750476407532,21.76001606952588,18.84417618725673,24.67585595179503
PittsburghPA,700,Extrapolation,2,0.9999878116923971,21.77524240595862,18.85528649521009,24.695198316707145
PittsburghPA,750,Extrapolation,2,0.9999940464610679,21.788455811215698,18.864925092695515,24.71198652973588
PittsburghPA,800,Extrapolation,2,0.9999970919157138,21.800030702349037,18.873366236424967,24.726695168273107
PittsburghPA,850,Extrapolation,2,0.9999985795080352,21.810254059313618,18.880820024134447,24.739688094492788
PittsburghPA,900,Extrapolation,2,0.9999993061420428,21.819349540860284,18.887450119423384,24.751248962297183
PittsburghPA,950,Extrapolation,2,0.9999996610759675,21.82749403605114,18.893385908184545,24.761602163917733
PittsburghPA,1000,Extrapolation,2,0.9999998344481048,21.834829282025034,18.89873102600008,24.77092753804999
PortlandME,50,Rarefaction,0,0.872944466704401,34.73236251086704,30.785164111073723,38.67956091066036
PortlandME,100,Rarefaction,0,0.9232609636566483,47.46945798124755,41.79575140231876,53.143164560176345
PortlandME,150,Extrapolation,0,0.9517756753587044,55.40845256453497,47.96252284994373,62.854382279126206
PortlandME,200,Extrapolation,0,0.9697122324054939,60.39481542354254,50.94911136277683,69.84051948430825
PortlandME,250,Extrapolation,0,0.9809774657772341,63.52655030088631,52.12913486770791,74.92396573406472
PortlandME,300,Extrapolation,0,0.9880527078422929,65.49346759497259,52.364542728085624,78.62239246185955
PortlandME,350,Extrapolation,0,0.9924963841184323,66.7288095997393,52.13005788559326,81.32756131388533
PortlandME,400,Extrapolation,0,0.9952872792801176,67.50467845468773,51.680247595020546,83.32910931435492
PortlandME,450,Extrapolation,0,0.9970401287946834,67.99197061973695,51.1500853600507,84.8338558794232
PortlandME,500,Extrapolation,0,0.998141023397567,68.29801931933856,50.60950833956359,85.98653029911354
PortlandME,550,Extrapolation,0,0.998832451222139,68.49023625456954,50.0929796134954,86.88749289564367
PortlandME,600,Extrapolation,0,0.9992667093566963,68.61096001597645,49.615721457459756,87.60619857449313
PortlandME,650,Extrapolation,0,0.9995394495050204,68.6867817772105,49.182713559866,88.190849994555
PortlandME,700,Extrapolation,0,0.9997107466727375,68.73440238983588,48.79368923365095,88.6751155460208
PortlandME,750,Extrapolation,0,0.9998183315657144,68.76431099008344,48.4458897748771,89.08273220528979
PortlandME,800,Extrapolation,0,0.9998859013297163,68.78309538447597,48.135556048389816,89.43063472056213
PortlandME,850,Extrapolation,0,0.9999283391932577,68.79489311054049,47.85870985158346,89.73107636949752
PortlandME,900,Extrapolation,0,0.9999549927163027,68.80230278994696,47.611539327807996,89.99306625208592
PortlandME,950,Extrapolation,0,0.9999717327270247,68.80695651292768,47.39056749801473,90.22334552784064
PortlandME,1000,Extrapolation,0,0.9999822464575548,68.80987933001506,47.192705548985344,90.42705311104478
PortlandME,50,Rarefaction,1,0.872944466704401,20.324688218875917,17.650630838488073,22.99874559926376
PortlandME,100,Rarefaction,1,0.9232609636566483,22.771018422874622,19.68724884243808,25.854788003311164
PortlandME,150,Extrapolation,1,0.9517756753587044,23.95279996939275,20.682170006484636,27.223429932300863
PortlandME,200,Extrapolation,1,0.9697122324054939,24.73619731067548,21.34194369178366,28.1304509295673
PortlandME,250,Extrapolation,1,0.9809774657772341,25.257809920214864,21.77997480122925,28.735645039200477
PortlandME,300,Extrapolation,1,0.9880527078422929,25.605117346590585,22.069896660383904,29.140338032797267
PortlandME,350,Extrapolation,1,0.9924963841184323,25.836366450254403,22.261284047503754,29.41144885300505
PortlandME,400,Extrapolation,1,0.9952872792801176,25.99033997308794,22.387347968287525,29.593331977888358
PortlandME,450,Extrapolation,1,0.9970401287946834,26.09286078444743,22.470226845043364,29.7154947238515
PortlandME,500,Extrapolation,1,0.998141023397567,26.161122629525636,22.524618573442748,29.797626685608524
PortlandME,550,Extrapolation,1,0.998832451222139,26.206573688990446,22.560251544434458,29.852895833546434
PortlandME,600,Extrapolation,1,0.9992667093566963,26.236836551122387,22.5835505129548,29.890122589289973
PortlandME,650,Extrapolation,1,0.9995394495050204,26.256986594602143,22.598751405680662,29.915221783523624
PortlandME,700,Extrapolation,1,0.9997107466727375,26.270403179275,22.60864332911401,29.93216302943599
PortlandME,750,Extrapolation,1,0.9998183315657144,26.27933639792858,22.615060597801516,29.943612198055646
PortlandME,800,Extrapolation,1,0.9998859013297163,26.285284438913568,22.619208185793163,29.951360692033973
PortlandME,850,Extrapolation,1,0.9999283391932577,26.289244847018537,22.621876643599094,29.95661305043798
PortlandME,900,Extrapolation,1,0.9999549927163027,26.291881821511062,22.623583866399965,29.96017977662216
PortlandME,950,Extrapolation,1,0.9999717327270247,26.29363760886679,22.624668535717873,29.962606682015704
PortlandME,1000,Extrapolation,1,0.9999822464575548,26.294806671839247,22.62535166657597,29.964261677102524
PortlandME,50,Rarefaction,2,0.872944466704401,13.914546047330399,11.8743408098535,15.954751284807298
PortlandME,100,Rarefaction,2,0.9232609636566483,14.5695282562646,12.342628375058725,16.796428137470475
PortlandME,150,Extrapolation,2,0.9517756753587044,14.801776831539518,12.505959122793008,17.09759454028603
PortlandME,200,Extrapolation,2,0.9697122324054939,14.920700082703243,12.589042511532327,17.25235765387416
PortlandME,250,Extrapolation,2,0.9809774657772341,14.992975733354731,12.639354433691077,17.346597033018387
PortlandME,300,Extrapolation,2,0.9880527078422929,15.041549763166277,12.673090073119393,17.41000945321316
PortlandME,350,Extrapolation,2,0.9924963841184323,15.076438642995308,12.697282757929653,17.455594528060963
PortlandME,400,Extrapolation,2,0.9952872792801176,15.102711701720152,12.715479894043389,17.489943509396912
PortlandME,450,Extrapolation,2,0.9970401287946834,15.12320969642491,12.72966450806088,17.51675488478894
PortlandME,500,Extrapolation,2,0.998141023397567,15.139648197521332,12.741031959204339,17.538264435838325
PortlandME,550,Extrapolation,2,0.998832451222139,15.15312448466901,12.750345691699497,17.555903277638524
PortlandME,600,Extrapolation,2,0.9992667093566963,15.164373064290476,12.758116149984563,17.57062997859639
PortlandME,650,Extrapolation,2,0.9995394495050204,15.173904145387752,12.764697562696439,17.583110728079063
PortlandME,700,Extrapolation,2,0.9997107466727375,15.182083184438767,12.770343455304024,17.593822913573508
PortlandME,750,Extrapolation,2,0.9998183315657144,15.189178820525399,12.775240061334259,17.60311757971654
PortlandME,800,Extrapolation,2,0.9998859013297163,15.195392945100346,12.779527259203231,17.61125863099746
PortlandME,850,Extrapolation,2,0.9999283391932577,15.20088022021439,12.783312149998864,17.618448290429917
PortlandME,900,Extrapolation,2,0.9999549927163027,15.205761126181923,12.786678126930823,17.62484412543302
PortlandME,950,Extrapolation,2,0.9999717327270247,15.210130910244537,12.78969109129039,17.630570729198684
PortlandME,1000,Extrapolation,2,0.9999822464575548,15.21406586383146,12.792403810145336,17.635727917517585
PortlandOR,50,Rarefaction,0,0.7222483694013975,54.55144519381262,48.19641985561952,60.90647053200572
PortlandOR,100,Rarefaction,0,0.8232469254040298,80.52157839246284,69.85059152124184,91.19256526368385
PortlandOR,150,Extrapolation,0,0.8627321779022225,99.02500352935887,84.32804076305632,113.72196629566142
PortlandOR,200,Extrapolation,0,0.8928089531945093,113.46763619103291,94.55248101902727,132.38279136303856
PortlandOR,250,Extrapolation,0,0.9162956012584471,124.7457412121012,101.4865550027894,148.004927421413
PortlandOR,300,Extrapolation,0,0.9346360859652881,133.55269876934636,106.07826030179257,161.02713723690016
PortlandOR,350,Extrapolation,0,0.9489579840226932,140.4299623938848,109.06183687584529,171.79808791192434
PortlandOR,400,Extrapolation,0,0.9601418086186807,145.80034764372522,110.9560328155303,180.64466247192013
PortlandOR,450,Extrapolation,0,0.968875143550439,149.99402688975516,112.11659720877432,187.871456570736
PortlandOR,500,Extrapolation,0,0.9756949160151854,153.26882837985397,112.7857409864819,193.75191577322605
PortlandOR,550,Extrapolation,0,0.9810204070028017,155.82608757169749,113.12841838951873,198.52375675387623
PortlandOR,600,Extrapolation,0,0.9851790287758576,157.82302527739972,113.25718039881025,202.3888701559892
PortlandOR,650,Extrapolation,0,0.9884264542417068,159.38241363082685,113.24889415754723,205.51593310410647
PortlandOR,700,Extrapolation,0,0.9909623357745196,160.60012414320815,113.15598553137607,208.04426275504022
PortlandOR,750,Extrapolation,0,0.9929425798836109,161.55102190302858,113.01404554911485,210.0879982569423
PortlandOR,800,Extrapolation,0,0.9944889323771523,162.2935682968043,112.84701972334142,211.74011687026717
PortlandOR,850,Extrapolation,0,0.9956964633190719,162.87341522694476,112.67077852670906,213.07605192718046
PortlandOR,900,Extrapolation,0,0.9966394119558049,163.32621179994229,112.49559293991832,214.15683065996626
PortlandOR,950,Extrapolation,0,0.9973757509601725,163.67979604064635,112.32786170642888,215.03173037486383
PortlandOR,1000,Extrapolation,0,0.9979507506030288,163.95590637965938,112.17132208414061,215.74049067517814
PortlandOR,50,Rarefaction,1,0.7222483694013975,36.884305898593986,31.463672707043404,42.30493909014457
PortlandOR,100,Rarefaction,1,0.8232469254040298,46.02286535731966,38.379664831263725,53.666065883375595
PortlandOR,150,Extrapolation,1,0.8627321779022225,51.015093603884154,42.0333066416204,59.99688056614791
PortlandOR,200,Extrapolation,1,0.8928089531945093,54.68239182080622,44.69272928536977,64.67205435624265
PortlandOR,250,Extrapolation,1,0.9162956012584471,57.39625656336209,46.637871213209706,68.15464191351447
PortlandOR,300,Extrapolation,1,0.9346360859652881,59.40456387987732,48.056331938467025,70.75279582128762
PortlandOR,350,Extrapolation,1,0.9489579840226932,60.8907463761244,49.08838560515914,72.69310714708966
PortlandOR,400,Extrapolation,1,0.9601418086186807,61.990547384659166,49.83817738139798,74.14291738792035
PortlandOR,450,Extrapolation,1,0.968875143550439,62.80441934279922,50.382446212816404,75.22639247278204
PortlandOR,500,Extrapolation,1,0.9756949160151854,63.40669880890846,50.7773901861563,76.03600743166062
PortlandOR,550,Extrapolation,1,0.9810204070028017,63.852396134721005,51.06397971095065,76.64081255849136
PortlandOR,600,Extrapolation,1,0.9851790287758576,64.18221994146592,51.27199240954218,77.09244747338965
PortlandOR,650,Extrapolation,1,0.9884264542417068,64.42629531996946,51.42302981169951,77.4295608282394
PortlandOR,700,Extrapolation,1,0.9909623357745196,64.60691536368182,51.53274641950978,77.68108430785387
PortlandOR,750,Extrapolation,1,0.9929425798836109,64.74057735118205,51.612482894642696,77.86867180772141
PortlandOR,800,Extrapolation,1,0.9944889323771523,64.83948955680063,51.67045566279111,78.00852345081015
PortlandOR,850,Extrapolation,1,0.9956964633190719,64.91268631680178,51.71262007480374,78.11275255879983
PortlandOR,900,Extrapolation,1,0.9966394119558049,64.96685319783694,51.74329523650944,78.19041115916444
PortlandOR,950,Extrapolation,1,0.9973757509601725,65.00693763601467,51.76561576354695,78.24825950848239
PortlandOR,1000,Extrapolation,1,0.9979507506030288,65.03660082047939,51.78185827417604,78.29134336678275
PortlandOR,50,Rarefaction,2,0.7222483694013975,23.999641421178346,19.50802335364153,28.491259488715162
PortlandOR,100,Rarefaction,2,0.8232469254040298,26.464968323458187,20.972946698505144,31.95698994841123
PortlandOR,150,Extrapolation,2,0.8627321779022225,27.403288802360244,21.497713352846795,33.30886425187369
PortlandOR,200,Extrapolation,2,0.8928089531945093,27.897850598428125,21.766873310992267,34.02882788586398
PortlandOR,250,Extrapolation,2,0.9162956012584471,28.203250073178943,21.93049547068376,34.476004675674126
PortlandOR,300,Extrapolation,2,0.9346360859652881,28.41059172866315,22.040448247651465,34.78073520967483
PortlandOR,350,Extrapolation,2,0.9489579840226932,28.56056926920707,22.11940712813057,35.00173141028357
PortlandOR,400,Extrapolation,2,0.9601418086186807,28.674095688943954,22.178854203473662,35.169337174414245
PortlandOR,450,Extrapolation,2,0.968875143550439,28.763019915158193,22.22522472416359,35.3008151061528
PortlandOR,500,Extrapolation,2,0.9756949160151854,28.83455739574588,22.26240490571417,35.40670988577759
PortlandOR,550,Extrapolation,2,0.9810204070028017,28.893353280656832,22.292880107641864,35.4938264536718
PortlandOR,600,Extrapolation,2,0.9851790287758576,28.942533327455,22.318313767581447,35.566752887328555
PortlandOR,650,Extrapolation,2,0.9884264542417068,28.98427816851242,22.33986118040518,35.62869515661966
PortlandOR,700,Extrapolation,2,0.9909623357745196,29.020155424075575,22.35834974256091,35.68196110559024
PortlandOR,750,Extrapolation,2,0.9929425798836109,29.051320967431113,22.37438756420216,35.72825437066007
PortlandOR,800,Extrapolation,2,0.9944889323771523,29.078645780469827,22.388431595682654,35.768859965257
PortlandOR,850,Extrapolation,2,0.9956964633190719,29.102798631711135,22.400831843663852,35.80476541975842
PortlandOR,900,Extrapolation,2,0.9966394119558049,29.12430154114863,22.411860925604326,35.836742156692935
PortlandOR,950,Extrapolation,2,0.9973757509601725,29.143567938442278,22.421734337157496,35.86540153972706
PortlandOR,1000,Extrapolation,2,0.9979507506030288,29.160929503224217,22.43062466757464,35.891234338873794
ProvidenceRI,50,Rarefaction,0,0.7991636225310637,47.031838247549004,41.81660859929646,52.24706789580155
ProvidenceRI,100,Extrapolation,0,0.8997370598565253,62.92326774063062,55.08637053954252,70.76016494171871
ProvidenceRI,150,Extrapolation,0,0.9419635647434228,71.70395971266238,60.60398012732924,82.80393929799553
ProvidenceRI,200,Extrapolation,0,0.966406053797435,76.78659603285719,62.235008265002975,91.3381838007114
ProvidenceRI,250,Extrapolation,0,0.9805544014467544,79.72864115249551,62.151114455760236,97.30616784923079
ProvidenceRI,300,Extrapolation,0,0.9887440641592408,81.43162144474982,61.39321406383363,101.47002882566602
ProvidenceRI,350,Extrapolation,0,0.993484587717659,82.41737854835368,60.42669260196101,104.40806449474636
ProvidenceRI,400,Extrapolation,0,0.9962286034844691,82.98797650049978,59.4542689854535,106.52168401554607
ProvidenceRI,450,Extrapolation,0,0.9978169560020155,83.3182627564172,58.55830364258091,108.07822187025349
ProvidenceRI,500,Extrapolation,0,0.998736361695857,83.50944642687668,57.76588586174431,109.25300699200905
ProvidenceRI,550,Extrapolation,0,0.99926855264247,83.62011163075817,57.079331648756366,110.16089161275998
ProvidenceRI,600,Extrapolation,0,0.9995766072972911,83.6841693367364,56.49064554141604,110.87769313205676
ProvidenceRI,650,Extrapolation,0,0.9997549223756683,83.72124864939539,55.98832944133349,111.45416785745729
ProvidenceRI,700,Extrapolation,0,0.9998581386935491,83.74271172563687,55.56048241243486,111.92494103883888
ProvidenceRI,750,Extrapolation,0,0.999917884668897,83.75513546299098,55.196102027330994,112.31416889865096
ProvidenceRI,800,Extrapolation,0,0.9999524681692925,83.76232684823826,54.88552824329486,112.63912545318166
ProvidenceRI,850,Extrapolation,0,0.9999724865637141,83.76648952652909,54.6204952348002,112.91248381825797
ProvidenceRI,900,Extrapolation,0,0.9999840740580577,83.76889906098691,54.39401944114891,113.14377868082491
ProvidenceRI,950,Extrapolation,0,0.9999907813904408,83.77029380155966,54.20023305725361,113.34035454586571
ProvidenceRI,1000,Extrapolation,0,0.9999946638784373,83.7711011364616,54.03421268191914,113.50798959100405
ProvidenceRI,50,Rarefaction,1,0.7991636225310637,32.85417772819281,28.453764276588636,37.25459117979698
ProvidenceRI,100,Extrapolation,1,0.8997370598565253,39.216596718820256,33.80246471804111,44.630728719599404
ProvidenceRI,150,Extrapolation,1,0.9419635647434228,42.54335712757738,36.56354796511159,48.52316629004317
ProvidenceRI,200,Extrapolation,1,0.966406053797435,44.608826300696514,38.24591158930806,50.97174101208497
ProvidenceRI,250,Extrapolation,1,0.9805544014467544,45.89120386352776,39.264015345786234,52.51839238126928
ProvidenceRI,300,Extrapolation,1,0.9887440641592408,46.68738723680444,39.87636778005093,53.49840669355795
ProvidenceRI,350,Extrapolation,1,0.993484587717659,47.181709644070125,40.24274462007891,54.12067466806134
ProvidenceRI,400,Extrapolation,1,0.9962286034844691,47.488617136146104,40.460893091497105,54.5163411807951
ProvidenceRI,450,Extrapolation,1,0.9978169560020155,47.67916526285026,40.59013621299606,54.768194312704466
ProvidenceRI,500,Extrapolation,1,0.998736361695857,47.797469929656756,40.666269963128194,54.92866989618532
ProvidenceRI,550,Extrapolation,1,0.99926855264247,47.87092115917173,40.71080290870599,55.031039409637465
ProvidenceRI,600,Extrapolation,1,0.9995766072972911,47.91652445837281,40.73661529016201,55.09643362658362
ProvidenceRI,650,Extrapolation,1,0.9997549223756683,47.944837951717396,40.75139632990254,55.13827957353225
ProvidenceRI,700,Extrapolation,1,0.9998581386935491,47.962416809375014,40.7597209604485,55.16511265830153
ProvidenceRI,750,Extrapolation,1,0.999917884668897,47.97333090721473,40.7643002711031,55.18236154332636
ProvidenceRI,800,Extrapolation,1,0.9999524681692925,47.98010708880599,40.76673269059752,55.19348148701445
ProvidenceRI,850,Extrapolation,1,0.9999724865637141,47.98431418293617,40.76795441084635,55.200673955025984
ProvidenceRI,900,Extrapolation,1,0.9999840740580577,47.986926220524275,40.768508970920514,55.205343470128035
ProvidenceRI,950,Extrapolation,1,0.9999907813904408,47.988547943297895,40.76870825278611,55.20838763380968
ProvidenceRI,1000,Extrapolation,1,0.9999946638784373,47.98955481424281,40.768728356903054,55.21038127158256
ProvidenceRI,50,Rarefaction,2,0.7991636225310637,21.743542989683018,17.247471671708862,26.239614307657174
ProvidenceRI,100,Extrapolation,2,0.8997370598565253,23.83926629058427,18.472504929905412,29.206027651263128
ProvidenceRI,150,Extrapolation,2,0.9419635647434228,24.630595671896227,18.90933615747773,30.351855186314726
ProvidenceRI,200,Extrapolation,2,0.966406053797435,25.046293617267523,19.133081503411603,30.959505731123443
ProvidenceRI,250,Extrapolation,2,0.9805544014467544,25.302516510114053,19.269011951166846,31.33602106906126
ProvidenceRI,300,Extrapolation,2,0.9887440641592408,25.47626416322854,19.360325656182155,31.592202670274922
ProvidenceRI,350,Extrapolation,2,0.993484587717659,25.601837760523576,19.42588627716801,31.77778924387914
ProvidenceRI,400,Extrapolation,2,0.9962286034844691,25.696833354739365,19.47523945281531,31.91842725666342
ProvidenceRI,450,Extrapolation,2,0.9978169560020155,25.77120760875217,19.513732888451784,32.02868232905256
ProvidenceRI,500,Extrapolation,2,0.998736361695857,25.831017707400772,19.544595114243144,32.1174403005584
ProvidenceRI,550,Extrapolation,2,0.99926855264247,25.880160126630205,19.569890456752937,32.19042979650747
ProvidenceRI,600,Extrapolation,2,0.9995766072972911,25.921255203506156,19.591000348642545,32.25151005836977
ProvidenceRI,650,Extrapolation,2,0.9997549223756683,25.956130034542394,19.60888411436426,32.30337595472053
ProvidenceRI,700,Extrapolation,2,0.9998581386935491,25.98609752382548,19.62422873799478,32.34796630965619
ProvidenceRI,750,Extrapolation,2,0.999917884668897,26.012125377070152,19.63753909413188,32.38671166000842
ProvidenceRI,800,Extrapolation,2,0.9999524681692925,26.034942556738788,19.649194536551658,32.42069057692592
ProvidenceRI,850,Extrapolation,2,0.9999724865637141,26.055108630409343,19.65948562156296,32.45073163925572
ProvidenceRI,900,Extrapolation,2,0.9999840740580577,26.073060273774846,19.668638651870744,32.47748189567895
ProvidenceRI,950,Extrapolation,2,0.9999907813904408,26.089143251537013,19.67683250649867,32.50145399657536
ProvidenceRI,1000,Extrapolation,2,0.9999946638784373,26.1036349052883,19.68421044436223,32.52305936621437
RochesterNY,50,Rarefaction,0,0.7775916842011621,56.7215189039697,51.20855189463088,62.234485913308525
RochesterNY,100,Rarefaction,0,0.8675207859639951,78.63912820135836,69.82654012964663,87.45171627307009
RochesterNY,150,Extrapolation,0,0.9075263016618921,93.13482261844204,80.37458383842976,105.89506139845433
RochesterNY,200,Extrapolation,0,0.9354391508322993,103.25498531858676,86.00631746463638,120.50365317253714
RochesterNY,250,Extrapolation,0,0.9549266081041236,110.32041375260235,88.77182283585546,131.86900466934924
RochesterNY,300,Extrapolation,0,0.9685318473472673,115.25316833721809,89.94680208397024,140.55953459046594
RochesterNY,350,Extrapolation,0,0.9780303946580448,118.69698890935834,90.24803897065519,147.1459388480615
RochesterNY,400,Extrapolation,0,0.9846618400448317,121.10130477986303,90.07967413490834,152.1229354248177
RochesterNY,450,Extrapolation,0,0.9892916077850039,122.77988665835159,89.67320765798739,155.88656565871577
RochesterNY,500,Extrapolation,0,0.9925238969885988,123.95179470810326,89.16220441137881,158.74138500482772
RochesterNY,550,Extrapolation,0,0.994780531464022,124.76996657965321,88.62316091593759,160.91677224336883
RochesterNY,600,Extrapolation,0,0.9963560090388646,125.34117625052916,88.09869277326557,162.58365972779274
RochesterNY,650,Extrapolation,0,0.9974559344436494,125.73996836187871,87.61112097252331,163.8688157512341
RochesterNY,700,Extrapolation,0,0.9982238513695455,126.0183865263169,87.17062976373906,164.86614328889476
RochesterNY,750,Extrapolation,0,0.9987599753671479,126.21276518146834,86.78024649868067,165.64528386425602
RochesterNY,800,Extrapolation,0,0.9991342722879636,126.34847134724504,86.43890837508877,166.2580343194013
RochesterNY,850,Extrapolation,0,0.9993955890459498,126.44321510095327,86.14335321551066,166.74307698639586
RochesterNY,900,Extrapolation,0,0.9995780282919251,126.50936079754231,85.88927688927059,167.12944470581402
RochesterNY,950,Extrapolation,0,0.999705398915717,126.55554065643543,85.67202954772905,167.4390517651418
RochesterNY,1000,Extrapolation,0,0.999794323180441,126.58778129305063,85.487021088418,167.68854149768325
RochesterNY,50,Rarefaction,1,0.7775916842011621,39.789885218702224,35.01833392293119,44.56143651447326
RochesterNY,100,Rarefaction,1,0.8675207859639951,48.24930577052571,41.98966524866527,54.50894629238615
RochesterNY,150,Extrapolation,1,0.9075263016618921,52.67261282910972,45.53064553324273,59.8145801249767
RochesterNY,200,Extrapolation,1,0.9354391508322993,55.7257756642457,47.91157035692714,63.53998097156426
RochesterNY,250,Extrapolation,1,0.9549266081041236,57.83508545523299,49.50651531747832,66.16365559298767
RochesterNY,300,Extrapolation,1,0.9685318473472673,59.29232440205669,50.57042607516176,68.01422272895162
RochesterNY,350,Extrapolation,1,0.9780303946580448,60.29907331926809,51.277751499971465,69.32039513856472
RochesterNY,400,Extrapolation,1,0.9846618400448317,60.994596441619095,51.74678923619341,70.24240364704478
RochesterNY,450,Extrapolation,1,0.9892916077850039,61.47510593654346,52.057149083822566,70.89306278926435
RochesterNY,500,Extrapolation,1,0.9925238969885988,61.807070996068745,52.26210960927316,71.35203238286434
RochesterNY,550,Extrapolation,1,0.994780531464022,62.036412563529296,52.39719255956042,71.67563256749817
RochesterNY,600,Extrapolation,1,0.9963560090388646,62.19485560762699,52.48602080947572,71.90369040577826
RochesterNY,650,Extrapolation,1,0.9974559344436494,62.30431765805648,52.544276914437916,72.06435840167505
RochesterNY,700,Extrapolation,1,0.9982238513695455,62.37994067169184,52.58235875948616,72.17752258389751
RochesterNY,750,Extrapolation,1,0.9987599753671479,62.43218562936306,52.60715287969465,72.25721837903147
RochesterNY,800,Extrapolation,1,0.9991342722879636,62.46827961016142,52.62321522929561,72.31334399102722
RochesterNY,850,Extrapolation,1,0.9993955890459498,62.49321551800672,52.63355608601957,72.35287494999388
RochesterNY,900,Extrapolation,1,0.9995780282919251,62.51044275330513,52.64016131942779,72.38072418718247
RochesterNY,950,Extrapolation,1,0.999705398915717,62.52234437075849,52.644338391052,72.40035035046498
RochesterNY,1000,Extrapolation,1,0.999794323180441,62.53056672887645,52.64694593492095,72.41418752283195
RochesterNY,50,Rarefaction,2,0.7775916842011621,25.028439362958412,20.16132664584846,29.895552080068363
RochesterNY,100,Rarefaction,2,0.8675207859639951,27.44855739620674,21.59357824081855,33.30353655159493
RochesterNY,150,Extrapolation,2,0.9075263016618921,28.362732939525472,22.104655075473637,34.62081080357731
RochesterNY,200,Extrapolation,2,0.9354391508322993,28.84304240684351,22.366484235976177,35.319600577710844
RochesterNY,250,Extrapolation,2,0.9549266081041236,29.139116702319566,22.525566710717502,35.752666693921626
RochesterNY,300,Extrapolation,2,0.9685318473472673,29.3398997316048,22.63243886424714,36.047360598962456
RochesterNY,350,Extrapolation,2,0.9780303946580448,29.485018635828293,22.709172535340976,36.26086473631561
RochesterNY,400,Extrapolation,2,0.9846618400448317,29.594803403668436,22.766937920324487,36.422668887012385
RochesterNY,450,Extrapolation,2,0.9892916077850039,29.680758415773955,22.81199324572757,36.54952358582034
RochesterNY,500,Extrapolation,2,0.9925238969885988,29.749882754866956,22.848116912709894,36.65164859702402
RochesterNY,550,Extrapolation,2,0.994780531464022,29.806678972197194,22.877724914719995,36.735633029674396
RochesterNY,600,Extrapolation,2,0.9963560090388646,29.854175075789456,22.902434057193926,36.80591609438498
RochesterNY,650,Extrapolation,2,0.9974559344436494,29.894482473943103,22.923367138788237,36.86559780909797
RochesterNY,700,Extrapolation,2,0.9982238513695455,29.92911840166485,22.9413282217833,36.9169085815464
RochesterNY,750,Extrapolation,2,0.9987599753671479,29.959201191387262,22.95690823061948,36.96149415215504
RochesterNY,800,Extrapolation,2,0.9991342722879636,29.985573284051046,22.970551179975036,37.00059538812705
RochesterNY,850,Extrapolation,2,0.9993955890459498,30.008881364470074,22.982597154470156,37.03516557446999
RochesterNY,900,Extrapolation,2,0.9995780282919251,30.029630098882176,22.993311034387375,37.06594916337698
RochesterNY,950,Extrapolation,2,0.999705398915717,30.048219091830553,23.002902193392032,37.093535990269075
RochesterNY,1000,Extrapolation,2,0.999794323180441,30.06496887340584,23.011538313578587,37.11839943323309
SanAntonioTX,50,Rarefaction,0,0.8966709199452727,28.32300382626011,25.410631337455676,31.235376315064542
SanAntonioTX,100,Rarefaction,0,0.9502856600025147,36.36078540347033,32.0964298493095,40.62514095763116
SanAntonioTX,150,Extrapolation,0,0.9694803246339417,40.74484986379566,35.4175874238083,46.072112303783015
SanAntonioTX,200,Extrapolation,0,0.980964630027987,43.4735521762544,36.78016174912554,50.16694260338326
SanAntonioTX,250,Extrapolation,0,0.9881274847905365,45.175466021606354,36.91131179494281,53.4396202482699
SanAntonioTX,300,Extrapolation,0,0.992595015615342,46.236963541425844,36.4128828401212,56.06104424273049
SanAntonioTX,350,Extrapolation,0,0.9953814509588229,46.899028185685154,35.632825786012404,58.165230585357904
SanAntonioTX,400,Extrapolation,0,0.9971193733656005,47.31196329386397,34.754100573734476,59.86982601399346
SanAntonioTX,450,Extrapolation,0,0.9982033297183098,47.56951428234398,33.869791592993174,61.26923697169479
SanAntonioTX,500,Extrapolation,0,0.9988794021194692,47.730150930459416,33.02518497589168,62.43511688502715
SanAntonioTX,550,Extrapolation,0,0.9993010739796571,47.830341315555785,32.240141827751096,63.420540803360474
SanAntonioTX,600,Extrapolation,0,0.9995640741514868,47.8928308743428,31.521094820253506,64.26456692843209
SanAntonioTX,650,Extrapolation,0,0.9997281094996168,47.93180612085612,30.867571009017226,64.99604123269502
SanAntonioTX,700,Extrapolation,0,0.9998304196815794,47.95611529938547,30.275761149611707,65.63646944915924
SanAntonioTX,750,Extrapolation,0,0.99989423137492806,47.97127713192373,29.740462594405816,66.20209166944164
SanAntonioTX,800,Extrapolation,0,0.9999340312475304,47.980733690303126,29.25611513749792,66.70535224310834
SanAntonioTX,850,Extrapolation,0,0.9999588547520644,47.986631822745714,28.817329079837624,67.15593456565381
SanAntonioTX,900,Extrapolation,0,0.9999743373739186,47.990310535964056,28.41913071406628,67.56149035786183
SanAntonioTX,950,Extrapolation,0,0.9999839940112057,47.992604979344996,28.0570533320081,67.9281566266819
SanAntonioTX,1000,Extrapolation,0,0.9999900169344919,47.99403604235966,27.727146709325464,68.26092537539385
SanAntonioTX,50,Rarefaction,1,0.8966709199452727,17.520291728264613,15.562085473591843,19.478497982937384
SanAntonioTX,100,Rarefaction,1,0.9502856600025147,19.326070043627492,17.023608094559332,21.628531992695653
SanAntonioTX,150,Extrapolation,1,0.9694803246339417,20.103884111224133,17.655057197525288,22.552711024922978
SanAntonioTX,200,Extrapolation,1,0.980964630027987,20.61356384293142,18.072795972795728,23.154331713067112
SanAntonioTX,250,Extrapolation,1,0.9881274847905365,20.954719553352376,18.354001410904456,23.555437695800297
SanAntonioTX,300,Extrapolation,1,0.992595015615342,21.18307318704105,18.542427234245693,23.823719139836406
SanAntonioTX,350,Extrapolation,1,0.9953814509588229,21.33592240054088,18.66812211365371,24.003722687428052
SanAntonioTX,400,Extrapolation,1,0.9971193733656005,21.438232496027997,18.75163518052101,24.124829811534983
SanAntonioTX,450,Extrapolation,1,0.9982033297183098,21.50671407600416,18.806924941160744,24.20650321084758
SanAntonioTX,500,Extrapolation,1,0.9988794021194692,21.552552434122227,18.843410501016265,24.261694367228188
SanAntonioTX,550,Extrapolation,1,0.9993010739796571,21.58323448140693,18.867411793446653,24.299057169367206
SanAntonioTX,600,Extrapolation,1,0.9995640741514868,21.603771604991422,18.883149781335565,24.32439342864728
SanAntonioTX,650,Extrapolation,1,0.9997281094996168,21.61751819240819,18.893433208284243,24.34160317653214
SanAntonioTX,700,Extrapolation,1,0.9998304196815794,21.626719513363845,18.900125546682844,24.353313480044847
SanAntonioTX,750,Extrapolation,1,0.99989423137492806,21.632878446105636,18.904460046799073,24.3612968454122
SanAntonioTX,800,Extrapolation,1,0.9999340312475304,21.637000946853156,18.907251055713246,24.366750837993067
SanAntonioTX,850,Extrapolation,1,0.9999588547520644,21.639760355524405,18.90903514362896,24.370485567419852
SanAntonioTX,900,Extrapolation,1,0.9999743373739186,21.641607374283474,18.910165051426397,24.37304969714055
SanAntonioTX,950,Extrapolation,1,0.9999839940112057,21.642843682022846,18.91087208211407,24.37481528193162
SanAntonioTX,1000,Extrapolation,1,0.9999900169344919,21.64367120844559,18.91130745885178,24.376034958039398
SanAntonioTX,50,Rarefaction,2,0.8966709199452727,12.670224761988713,11.11233561925221,14.228113904725216
SanAntonioTX,100,Rarefaction,2,0.9502856600025147,13.304880494489446,11.580179453175374,15.029581535803517
SanAntonioTX,150,Extrapolation,2,0.9694803246339417,13.530801258735265,11.74373707965747,15.31786543781306
SanAntonioTX,200,Extrapolation,2,0.980964630027987,13.64666342797193,11.82700998563093,15.46631687031293
SanAntonioTX,250,Extrapolation,2,0.9881274847905365,13.717138073598699,11.877460703344894,15.556815443852503
SanAntonioTX,300,Extrapolation,2,0.992595015615342,13.764526954377745,11.911299495058053,15.617754413697437
SanAntonioTX,350,Extrapolation,2,0.9953814509588229,13.79857711861578,11.935571115667154,15.661583121564407
SanAntonioTX,400,Extrapolation,2,0.9971193733656005,13.824225501794505,11.953830347955673,15.694620655633337
SanAntonioTX,450,Extrapolation,2,0.9982033297183098,13.844240259931997,11.968064982964435,15.720415536899559
SanAntonioTX,500,Extrapolation,2,0.9988794021194692,13.860293842329522,11.97947354126436,15.741114143394684
SanAntonioTX,550,Extrapolation,2,0.9993010739796571,13.873456310347171,11.988821630024317,15.758090990670025
SanAntonioTX,600,Extrapolation,2,0.9995640741514868,13.884444145699575,11.996621216935269,15.772267074463882
SanAntonioTX,650,Extrapolation,2,0.9997281094996168,13.89375514825997,12.003227631578019,15.784282664941921
SanAntonioTX,700,Extrapolation,2,0.9998304196815794,13.901745952776896,12.008895213600358,15.794596691953434
SanAntonioTX,750,Extrapolation,2,0.99989423137492806,13.908678755386806,12.01381081093865,15.80354669983496
SanAntonioTX,800,Extrapolation,2,0.9999340312475304,13.914750632426559,12.01811477402445,15.811386490828667
SanAntonioTX,850,Extrapolation,2,0.9999588547520644,13.920112575228995,12.021914572361734,15.818310578096256
SanAntonioTX,900,Extrapolation,2,0.9999743373739186,13.924882216945518,12.025293890806395,15.82447054308464
SanAntonioTX,950,Extrapolation,2,0.9999839940112057,13.929152562557213,12.02831886446318,15.829986260651246
SanAntonioTX,1000,Extrapolation,2,0.9999900169344919,13.932998113620611,12.031042449995573,15.83495377724565
SanDiegoCA,50,Rarefaction,0,0.6068547428213455,54.25939456223987,46.54281151572029,61.97597760875945
SanDiegoCA,100,Extrapolation,0,0.745448854576686,82.24906443723158,69.39689318510939,95.10123568935377
SanDiegoCA,150,Extrapolation,0,0.8237039432546344,101.3122651312275,83.08739113855587,119.53713912389914
SanDiegoCA,200,Extrapolation,0,0.87790155266329994,114.51498360930815,90.64496676322942,138.3850004553869
SanDiegoCA,250,Extrapolation,0,0.9154375252784841,123.65887177423485,94.45259869029992,152.86514485816977
SanDiegoCA,300,Extrapolation,0,0.941434045337957,129.99171079609982,96.10284159993387,163.88057999226578
SanDiegoCA,350,Extrapolation,0,0.9594386155706515,134.37768417563942,96.55515862685024,172.2002097244286
SanDiegoCA,400,Extrapolation,0,0.9719081518209814,137.41530480986245,96.3722842525716,178.4583253671533
SanDiegoCA,450,Extrapolation,0,0.9805442554484893,139.51908846721474,95.8804118934674,183.1577650409621
SanDiegoCA,500,Extrapolation,0,0.9865254150014824,140.97611888999978,95.26567302276118,186.6865647572384
SanDiegoCA,550,Extrapolation,0,0.990667823562261,141.98522343623105,94.63123311007567,189.33921376238644
SanDiegoCA,600,Extrapolation,0,0.9935367570077541,142.68410519552756,94.03123071199903,191.3369796790561
SanDiegoCA,650,Extrapolation,0,0.9955237119384194,143.16813404595894,93.49110263096657,192.8451654609513
SanDiegoCA,700,Extrapolation,0,0.9968998295694145,143.50336089217933,93.01981506420111,193.98690672015755
SanDiegoCA,750,Extrapolation,0,0.9978528958444013,143.73553101659797,92.61722443611274,194.8538375970832
SanDiegoCA,800,Extrapolation,0,0.9985129668325626,143.89632651158985,92.27848008913206,195.51417293404762
SanDiegoCA,850,Extrapolation,0,0.9989701162678611,144.00768963927226,91.99662035964339,196.01875891890114
SanDiegoCA,900,Extrapolation,0,0.9992867270717626,144.0848170874501,91.7640642134183,196.4055699614819
SanDiegoCA,950,Extrapolation,0,0.9995060041689368,144.1382337199228,91.57343050630308,196.7030369335425
SanDiegoCA,1000,Extrapolation,0,0.9996578702605314,144.17522880652473,91.41795215376243,196.93250545928703
SanDiegoCA,50,Rarefaction,1,0.6068547428213455,44.99439646963698,37.744962146727346,52.24383079254662
SanDiegoCA,100,Extrapolation,1,0.745448854576686,61.256546804097354,50.33118209996882,72.18191150822588
SanDiegoCA,150,Extrapolation,1,0.8237039432546344,71.55434231324378,57.96114095501407,85.14754367147349
SanDiegoCA,200,Extrapolation,1,0.87790155266329994,78.6773929244876,63.0024103651597,94.352375483815507
SanDiegoCA,250,Extrapolation,1,0.9154375252784841,83.60445230970029,66.29186633714627,100.91703828225431
SanDiegoCA,300,Extrapolation,1,0.941434045337957,87.01253060512789,68.4128021631158,105.61225904713999
SanDiegoCA,350,Extrapolation,1,0.9594386155706515,89.36992002540244,69.76444385744004,108.97539619336483
SanDiegoCA,400,Extrapolation,1,0.9719081518209814,91.0005412720675,70.6151643497482,111.38591819438679
SanDiegoCA,450,Extrapolation,1,0.9805442554484893,92.1284523533711,71.14289069071506,113.11401401602714
SanDiegoCA,500,Extrapolation,1,0.9865254150014824,92.90863561783507,71.46433982942139,114.35293140624876
SanDiegoCA,550,Extrapolation,1,0.990667823562261,93.4482933410717,71.65541362766984,115.24117305447356
SanDiegoCA,600,Extrapolation,1,0.9935367570077541,93.82157801854942,71.76508579284845,115.87807024425038
SanDiegoCA,650,Extrapolation,1,0.9955237119384194,94.07978140273138,71.82470717181022,116.33485563365255
SanDiegoCA,700,Extrapolation,1,0.9968998295694145,94.25838232483059,71.85417325273752,116.66259139692366
SanDiegoCA,750,Extrapolation,1,0.9978528958444013,94.38192171791695,71.86597993154814,116.89786350428577
SanDiegoCA,800,Extrapolation,1,0.9985129668325626,94.46737470138851,71.86787431715595,117.06687508562106
SanDiegoCA,850,Extrapolation,1,0.9989701162678611,94.5264830732346,71.86457816677328,117.18838797969592
SanDiegoCA,900,Extrapolation,1,0.9992867270717626,94.56736870976079,71.85890273118379,117.27583468833778
SanDiegoCA,950,Extrapolation,1,0.9995060041689368,94.59564956443404,71.85246605162224,117.33883307724584
SanDiegoCA,1000,Extrapolation,1,0.9996578702605314,94.61521161137776,71.84615162828815,117.38427159446736
SanDiegoCA,50,Rarefaction,2,0.6068547428213455,36.1005211289572,28.896939631026545,43.304102626887854
SanDiegoCA,100,Extrapolation,2,0.745448854576686,44.922561624059966,34.71981351362588,55.12530973449405
SanDiegoCA,150,Extrapolation,2,0.8237039432546344,48.90638308068651,37.183950117523295,60.628816043849724
SanDiegoCA,200,Extrapolation,2,0.87790155266329994,51.17555783366166,38.543984719275166,63.80713094804815
SanDiegoCA,250,Extrapolation,2,0.9154375252784841,52.64103156876914,39.40597958282663,65.87608355471164
SanDiegoCA,300,Extrapolation,2,0.941434045337957,53.66555000878426,40.00111058810528,67.32998942946324
SanDiegoCA,350,Extrapolation,2,0.9594386155706515,54.42210886485614,40.43667193564722,68.40754579406506
SanDiegoCA,400,Extrapolation,2,0.9719081518209814,55.003676347869174,40.769244885911434,69.23810780982691
SanDiegoCA,450,Extrapolation,2,0.9805442554484893,55.464671892408674,41.03149059330153,69.89785319151582
SanDiegoCA,500,Extrapolation,2,0.9865254150014824,55.839069590916566,41.24358124145654,70.43455794037659
SanDiegoCA,550,Extrapolation,2,0.990667823562261,56.14917541962237,41.418648152906634,70.87970268633809
SanDiegoCA,600,Extrapolation,2,0.9935367570077541,56.410240304317206,41.565606954861984,71.25487365377242
SanDiegoCA,650,Extrapolation,2,0.9955237119384194,56.6330449913936,41.690723550395994,71.5753664323912
SanDiegoCA,700,Extrapolation,2,0.9968998295694145,56.82542603829178,41.79853035830545,71.8523217182781
SanDiegoCA,750,Extrapolation,2,0.9978528958444013,56.99321664052865,41.892386973705946,72.09404630735135
SanDiegoCA,800,Extrapolation,2,0.9985129668325626,57.14084835705522,41.97483645679801,72.30686025731242
SanDiegoCA,850,Extrapolation,2,0.9989701162678611,57.27174824614489,42.0478391826762,72.49565730961358
SanDiegoCA,900,Extrapolation,2,0.9992867270717626,57.38860821454908,42.11293068029349,72.66428574880467
SanDiegoCA,950,Extrapolation,2,0.9995060041689368,57.49357210929564,42.171330802888704,72.81581341570258
SanDiegoCA,1000,Extrapolation,2,0.9996578702605314,57.58836844028339,42.224020881347286,72.95271599921949
SpringfieldMO,50,Rarefaction,0,0.8779336699594524,41.920458861759734,38.179194904761616,45.66172281875785
SpringfieldMO,100,Extrapolation,0,0.9546200051773459,51.86449922236868,45.896459036463924,57.83253940827343
SpringfieldMO,150,Extrapolation,0,0.9830501519958957,55.581611690953885,46.88601448294794,64.27720889895983
SpringfieldMO,200,Extrapolation,0,0.9936690749197966,56.96998759542261,45.83411380102261,68.1058613898226
SpringfieldMO,250,Extrapolation,0,0.9976353408973672,57.488558843508365,44.477995762379486,70.49912192463725
SpringfieldMO,300,Extrapolation,0,0.999116777943061,57.68225000342814,43.279498941304325,72.08500106555195
SpringfieldMO,350,Extrapolation,0,0.9996701083885643,57.75459544403935,42.31549194224197,73.19369894583674
SpringfieldMO,400,Extrapolation,0,0.9998767824303745,57.781617135578585,41.56044955793858,74.00278471321859
SpringfieldMO,450,Extrapolation,0,0.9999539770975129,57.791709987422095,40.97055751551112,74.61286245933307
SpringfieldMO,500,Extrapolation,0,0.9999828100200339,57.79547976098297,40.50650542011017,75.08445410185577
SpringfieldMO,550,Extrapolation,0,0.9999935793834098,57.79688780629273,40.1377129412208,75.45606267136466
SpringfieldMO,600,Extrapolation,0,0.9999976018402884,57.79741372424571,39.841458639837484,75.75336880865393
SpringfieldMO,650,Extrapolation,0,0.9999991042651556,57.797610159467894,39.60104989641487,75.99417042252091
SpringfieldMO,700,Extrapolation,0,0.9999996654347466,57.79768352984115,39.40417719672193,76.19118986296037
SpringfieldMO,750,Extrapolation,0,0.9999998750367819,57.79771093435451,39.24166735305943,76.3537545156496
SpringfieldMO,800,Extrapolation,0,0.9999999533250816,57.79772117019385,39.10659349066991,76.4888488497178
SpringfieldMO,850,Extrapolation,0,0.999999982566486,57.79772499337457,38.99365220020374,76.6017977865454
SpringfieldMO,900,Extrapolation,0,0.9999999934884212,57.79772642136795,38.898728490954284,76.69672435178161
SpringfieldMO,950,Extrapolation,0,0.9999999975678651,57.79772695473669,38.81858976735087,76.7768641421225
SpringfieldMO,1000,Extrapolation,0,0.9999999990915751,57.797727153954845,38.750668054373946,76.84478625353574
SpringfieldMO,50,Rarefaction,1,0.8779336699594524,30.69853685467266,27.392944623814916,34.0041290855304
SpringfieldMO,100,Extrapolation,1,0.9546200051773459,34.811936871622635,30.903816802247597,38.72005694099767
SpringfieldMO,150,Extrapolation,1,0.9830501519958957,36.78646138217657,32.567183091947065,41.00573967240607
SpringfieldMO,200,Extrapolation,1,0.9936690749197966,37.86599284976398,33.45879026901523,42.27319543051272
SpringfieldMO,250,Extrapolation,1,0.9976353408973672,38.456204915140916,33.933228466669156,42.979181363612675
SpringfieldMO,300,Extrapolation,1,0.999116777943061,38.7788914625697,34.184129027189435,43.37365389794997
SpringfieldMO,350,Extrapolation,1,0.9996701083885643,38.95531382666525,34.316168650257765,43.59445900307273
SpringfieldMO,400,Extrapolation,1,0.9998767824303745,39.051769197368074,34.38537725124441,43.71816114349174
SpringfieldMO,450,Extrapolation,1,0.9999539770975129,39.10450422665484,34.42152008894395,43.78748836436573
SpringfieldMO,500,Extrapolation,1,0.9999828100200339,39.133336040721936,34.4403242012309,43.82634788021297
SpringfieldMO,550,Extrapolation,1,0.9999935793834098,39.149099253782445,34.45006634351452,43.84813216405037
SpringfieldMO,600,Extrapolation,1,0.9999976018402884,39.15771747271979,34.455088498869856,43.86034644656972
SpringfieldMO,650,Extrapolation,1,0.9999991042651556,39.162429310171134,34.45766176934858,43.867196850993686
SpringfieldMO,700,Extrapolation,1,0.9999996654347466,39.165005412301895,34.458970377236795,43.871040447366994
SpringfieldMO,750,Extrapolation,1,0.9999998750367819,39.166413844204875,34.45962959522876,43.87319809318099
SpringfieldMO,800,Extrapolation,1,0.9999999533250816,39.16718387595231,34.459957707144646,43.874410044759976
SpringfieldMO,850,Extrapolation,1,0.999999982566486,39.16760487528555,34.460118484445275,43.87509126612582
SpringfieldMO,900,Extrapolation,1,0.9999999934884212,39.167835048183186,34.460195637344356,43.875474459022016
SpringfieldMO,950,Extrapolation,1,0.9999999975678651,39.167960890574435,34.46023159994921,43.87569018119966
SpringfieldMO,1000,Extrapolation,1,0.9999999990915751,39.16802969236473,34.460247658681695,43.87581172604777
SpringfieldMO,50,Rarefaction,2,0.8779336699594524,23.787247343196576,20.486241757872257,27.088252928520895
SpringfieldMO,100,Extrapolation,2,0.9546200051773459,25.996508141344368,22.10311295716789,29.889903325520844
SpringfieldMO,150,Extrapolation,2,0.9830501519958957,26.82703606026582,22.695839174356195,30.958232946175443
SpringfieldMO,200,Extrapolation,2,0.9936690749197966,27.262523135709593,23.00337612668925,31.521670144729935
SpringfieldMO,250,Extrapolation,2,0.9976353408973672,27.530668681769214,23.19162840729536,31.869708956243066
SpringfieldMO,300,Extrapolation,2,0.999116777943061,27.712382159763706,23.318721425769322,32.106042893758094
SpringfieldMO,350,Extrapolation,2,0.9996701083885643,27.843653088957804,23.41029368552607,32.27701249238954
SpringfieldMO,400,Extrapolation,2,0.9998767824303745,27.94292533172866,23.479410424316534,32.406440239140785
SpringfieldMO,450,Extrapolation,2,0.9999539770975129,28.0206278353046,23.533429247924055,32.50782642268515
SpringfieldMO,500,Extrapolation,2,0.9999828100200339,28.083101675317963,23.576809980378247,32.58939337025768
SpringfieldMO,550,Extrapolation,2,0.9999935793834098,28.134424221603172,23.612413381322057,32.65643506188429
SpringfieldMO,600,Extrapolation,2,0.9999976018402884,28.17733652389148,23.64215886126668,32.71251418651628
SpringfieldMO,650,Extrapolation,2,0.9999991042651556,28.213749310823403,23.66738224272646,32.760116378920344
SpringfieldMO,700,Extrapolation,2,0.9999996654347466,28.245035258355085,23.689041887141094,32.801028629569075
SpringfieldMO,750,Extrapolation,2,0.9999998750367819,28.272205925249175,23.7078432204116,32.836568630086745
SpringfieldMO,800,Extrapolation,2,0.9999999533250816,28.29602317619173,23.724317012443418,32.86772933994004
SpringfieldMO,850,Extrapolation,2,0.999999982566486,28.317071747155843,23.738870279844445,32.895273214467245
SpringfieldMO,900,Extrapolation,2,0.9999999934884212,28.33580789438604,23.751820366801475,32.919795421970605
SpringfieldMO,950,Extrapolation,2,0.9999999975678651,28.352592844350905,23.76341835116771,32.9417673375341
SpringfieldMO,1000,Extrapolation,2,0.9999999990915751,28.36771631041181,23.773865483024238,32.961567137799385
StLouisMO,50,Rarefaction,0,0.7301159400643593,44.616185880840185,37.85329825808913,51.379073503591236
StLouisMO,100,Extrapolation,0,0.7950187312728849,66.11025362803505,54.31992548637342,77.90058176969669
StLouisMO,150,Extrapolation,0,0.8263431941044447,83.83413876994773,67.12668935687987,100.54158818301559
StLouisMO,200,Extrapolation,0,0.8528807709059836,98.84952676572458,77.07987302725664,120.61918050419251
StLouisMO,250,Extrapolation,0,0.8753629755102408,111.57031991341637,84.65973143483643,138.4809083919963
StLouisMO,300,Extrapolation,0,0.8944095345705381,122.3471695260854,90.38226065857586,154.31207839359493
StLouisMO,350,Extrapolation,0,0.9105454704550774,131.47714170829622,94.68733852281385,168.2669448937786
StLouisMO,400,Extrapolation,0,0.9242155735978916,139.2119060451718,97.91879180029683,180.50502029004673
StLouisMO,450,Extrapolation,0,0.9357966632398151,145.76467292693408,100.33701441693421,191.19233143693396
StLouisMO,500,Extrapolation,0,0.9456079745293549,151.3160707377258,102.1374577153597,200.4946837600919
StLouisMO,550,Extrapolation,0,0.9539199583060612,156.01912491464697,103.46693239363663,208.5713174356573
StLouisMO,600,Extrapolation,0,0.9609617361342593,160.0034761258064,104.43624292845524,215.57070932315756
StLouisMO,650,Extrapolation,0,0.966927416086699,163.37895384234423,105.12954622158742,221.62836146310104
StLouisMO,700,Extrapolation,0,0.9719814433740167,166.23860381068323,105.6111789221508,226.86602869921566
StLouisMO,750,Extrapolation,0,0.9762631333112225,168.66125287791178,105.93062692959015,231.3918788262334
StLouisMO,800,Extrapolation,0,0.9798905115733805,170.7136818702449,106.12615700897507,235.30120673151472
StLouisMO,850,Extrapolation,0,0.9829635675979284,172.45246642041025,106.22748957304991,238.67744326777057
StLouisMO,900,Extrapolation,0,0.9855670108143497,173.92553648675,106.25778281598993,241.59329015751007
StLouisMO,950,Extrapolation,0,0.9877726056772447,175.17349755250694,106.2351193449537,244.11187576006017
StLouisMO,1000,Extrapolation,0,0.9896411498684696,176.23074992442918,106.173630538153,246.28786931070533
StLouisMO,50,Rarefaction,1,0.7301159400643593,34.22343150280611,28.919291494621923,39.52757151099029
StLouisMO,100,Extrapolation,1,0.7950187312728849,43.02878769619435,35.475911209467505,50.581664182921195
StLouisMO,150,Extrapolation,1,0.8263431941044447,48.75939488411429,39.554945691858904,57.96384407636968
StLouisMO,200,Extrapolation,1,0.8528807709059836,53.058985951512305,42.51680414733096,63.60116775569365
StLouisMO,250,Extrapolation,1,0.8753629755102408,56.284906476272425,44.652112348458076,67.91770060408678
StLouisMO,300,Extrapolation,1,0.8944095345705381,58.70526763828552,46.18216882207824,71.2283664544928
StLouisMO,350,Extrapolation,1,0.9105454704550774,60.5212293489408,47.27347332933919,73.76898536854242
StLouisMO,400,Extrapolation,1,0.9242155735978916,61.88371895847628,48.04911942777859,75.71831848917397
StLouisMO,450,Extrapolation,1,0.9357966632398151,62.90597505848088,48.598868942507146,77.2130811744546
StLouisMO,500,Extrapolation,1,0.9456079745293549,63.67295891412503,48.98755403826062,78.35836378998944
StLouisMO,550,Extrapolation,1,0.9539199583060612,64.24841572462107,49.26170191643594,79.2351295328062
StLouisMO,600,Extrapolation,1,0.9609617361342593,64.68017258405087,49.45456266560822,79.90578250249351
StLouisMO,650,Extrapolation,1,0.966927416086699,65.00411346417354,49.5898324231009,80.41839450524618
StLouisMO,700,Extrapolation,1,0.9719814433740167,65.24716158610319,49.68436734023675,80.80995583196963
StLouisMO,750,Extrapolation,1,0.9762631333112225,65.42951705031987,49.75014215926031,81.10889194137944
StLouisMO,800,Extrapolation,1,0.9798905115733805,65.56633569786041,49.79565474659639,81.33701664912442
StLouisMO,850,Extrapolation,1,0.9829635675979284,65.66898873540569,49.82692940247515,81.51104806833624
StLouisMO,900,Extrapolation,1,0.9855670108143497,65.74600781362855,49.84823192470241,81.64378370255469
StLouisMO,950,Extrapolation,1,0.9877726056772447,65.8037941057067,49.862578604783344,81.74500960663005
StLouisMO,1000,Extrapolation,1,0.9896411498684696,65.84715031859824,49.87209832858209,81.82220230861438
StLouisMO,50,Rarefaction,2,0.7301159400643593,26.58475301178453,22.019025306984602,31.15048071658446
StLouisMO,100,Extrapolation,2,0.7950187312728849,30.719108724855314,24.935627704598545,36.50258974511208
StLouisMO,150,Extrapolation,2,0.8263431941044447,32.398609981498936,26.069082751494587,38.72813721150328
StLouisMO,200,Extrapolation,2,0.8528807709059836,33.30916344790268,26.671234269002696,39.94709262680266
StLouisMO,250,Extrapolation,2,0.8753629755102408,33.880484111388135,27.044622268838708,40.71634595393756
StLouisMO,300,Extrapolation,2,0.8944095345705381,34.272378634776985,27.298773853247223,41.24598341630674
StLouisMO,350,Extrapolation,2,0.9105454704550774,34.55790018793818,27.482930663157752,41.63286971271861
StLouisMO,400,Extrapolation,2,0.9242155735978916,34.77518298210145,27.622504500012063,41.92786146419083
StLouisMO,450,Extrapolation,2,0.9357966632398151,34.94607901314928,27.731935289041783,42.160222737256774
StLouisMO,500,Extrapolation,2,0.9456079745293549,35.08400997526329,27.820035239472876,42.34798471105371
StLouisMO,550,Extrapolation,2,0.9539199583060612,35.1976750686441,27.89248687083326,42.502863266454945
StLouisMO,600,Extrapolation,2,0.9609617361342593,35.29296010992569,27.95311902509274,42.632801194758635
StLouisMO,650,Extrapolation,2,0.966927416086699,35.37398979065615,28.004605685482176,42.74337389583012
StLouisMO,700,Extrapolation,2,0.9719814433740167,35.443740527749604,28.048870837338207,42.838610218161
StLouisMO,750,Extrapolation,2,0.9762631333112225,35.50441404868046,28.087334176061944,42.921493921298975
StLouisMO,800,Extrapolation,2,0.9798905115733805,35.557674034554026,28.121066162538302,42.994281906569746
StLouisMO,850,Extrapolation,2,0.9829635675979284,35.60480101323127,28.150889184393343,43.05871284206919
StLouisMO,900,Extrapolation,2,0.9855670108143497,35.64679665668631,28.177445480354773,43.11614783301785
StLouisMO,950,Extrapolation,2,0.9877726056772447,35.68445576867171,28.201243906077156,43.16766763126627
StLouisMO,1000,Extrapolation,2,0.9896411498684696,35.718417066599436,28.222692851136262,43.21414128206261
TrentonNJ,50,Rarefaction,0,0.8167880745976024,56.6424907478597,51.24640987097161,62.038571624747796
TrentonNJ,100,Rarefaction,0,0.8819093536752116,78.87018696998139,70.6573909267398,87.08298301322299
TrentonNJ,150,Extrapolation,0,0.9154135035100169,94.26561566101873,83.58721769712841,104.94401362490905
TrentonNJ,200,Extrapolation,0,0.9394015666624002,105.29493716189928,91.44921411324643,119.14066021055214
TrentonNJ,250,Extrapolation,0,0.956586804332221,113.19643008883725,95.75418020337514,130.63867997429935
TrentonNJ,300,Extrapolation,0,0.9688984441629211,118.85712195183771,97.86478340993698,139.84946049373846
TrentonNJ,350,Extrapolation,0,0.9777186000567827,122.91248625629672,98.67521529901157,147.14975721358186
TrentonNJ,400,Extrapolation,0,0.9840374293160687,125.81778123434967,98.73307804411182,152.9024844245875
TrentonNJ,450,Extrapolation,0,0.9885642884428784,127.89915747475763,98.3714664830031,157.42684846651215
TrentonNJ,500,Extrapolation,0,0.9918073660310033,129.39027183211564,97.79325406743092,160.98728959680037
TrentonNJ,550,Extrapolation,0,0.9941307323978315,130.4585179202344,97.12143338771943,163.7956024527494
TrentonNJ,600,Extrapolation,0,0.9957952103906719,131.22381784451585,96.42940721720602,166.0182284718257
TrentonNJ,650,Extrapolation,0,0.9969876555548122,131.77208474726353,95.75957097770798,167.78459851681907
TrentonNJ,700,Extrapolation,0,0.9978419326768875,132.16486748134096,95.13491528338591,169.19481967929602
TrentonNJ,750,Extrapolation,0,0.9984539435460225,132.4462601304616,94.56636574723979,170.32615451368343
TrentonNJ,800,Extrapolation,0,0.9988923929604577,132.6478520440296,94.05746408064792,171.2382400074113
TrentonNJ,850,Extrapolation,0,0.9992065015796238,132.79227408114753,93.60736310982122,171.97718505247383
TrentonNJ,900,Extrapolation,0,0.999431531472209,132.89573916779767,93.21273932126434,172.578739014331
TrentonNJ,950,Extrapolation,0,0.999592744662383,132.96986237204788,92.86900473338524,173.07072001071055
TrentonNJ,1000,Extrapolation,0,0.9997082390635379,133.0229648202863,92.57106324290297,173.47486639766962
TrentonNJ,50,Rarefaction,1,0.8167880745976024,38.75587101141737,34.60758699881572,42.90415502401902
TrentonNJ,100,Rarefaction,1,0.8819093536752116,45.58359900478808,40.31958992404632,50.847608085529835
TrentonNJ,150,Extrapolation,1,0.9154135035100169,49.13460403303663,43.2900311713597,54.97917689471356
TrentonNJ,200,Extrapolation,1,0.9394015666624002,51.604011255343366,45.36357525413327,57.84444725655346
TrentonNJ,250,Extrapolation,1,0.956586804332221,53.325057742242926,46.80547392459038,59.84464155989547
TrentonNJ,300,Extrapolation,1,0.9688984441629211,54.52453629859965,47.802735709406754,61.246336887792545
TrentonNJ,350,Extrapolation,1,0.9777186000567827,55.36050953820196,48.48963012147747,62.23138895492645
TrentonNJ,400,Extrapolation,1,0.9840374293160687,55.943138759564505,48.96135973779133,62.92491778133768
TrentonNJ,450,Extrapolation,1,0.9885642884428784,56.34920057291514,49.28466925162529,63.413731894204986
TrentonNJ,500,Extrapolation,1,0.9918073660310033,56.63220422294835,49.505949712215624,63.75845873368108
TrentonNJ,550,Extrapolation,1,0.9941307323978315,56.82944282874397,49.657249218227264,64.00163643926068
TrentonNJ,600,Extrapolation,1,0.9957952103906719,56.966907725792595,49.760617496972046,64.17319795461314
TrentonNJ,650,Extrapolation,1,0.9969876555548122,57.06271350298496,49.831186230746596,64.29424077522333
TrentonNJ,700,Extrapolation,1,0.9978419326768875,57.12948507260384,49.87932365549998,64.37964648970771
TrentonNJ,750,Extrapolation,1,0.9984539435460225,57.17602133210744,49.91212797811564,64.43991468609923
TrentonNJ,800,Extrapolation,1,0.9988923929604577,57.20845464857653,49.93445645289311,64.48245284425994
TrentonNJ,850,Extrapolation,1,0.9992065015796238,57.23105895817091,49.949631961659335,64.51248595468249
TrentonNJ,900,Extrapolation,1,0.999431531472209,57.24681296879531,49.95992719305885,64.53369874453178
TrentonNJ,950,Extrapolation,1,0.999592744662383,57.257792682628974,49.96689610458299,64.54868926067495
TrentonNJ,1000,Extrapolation,1,0.9997082390635379,57.26544496360957,49.971600765608834,64.55928916161031
TrentonNJ,50,Rarefaction,2,0.8167880745976024,27.038759263965108,23.26065006904995,30.816868458880265
TrentonNJ,100,Rarefaction,2,0.8819093536752116,29.39191621508782,24.99473394883273,33.78909848134291
TrentonNJ,150,Extrapolation,2,0.9154135035100169,30.27004028140227,25.627306939513147,34.91277362329139
TrentonNJ,200,Extrapolation,2,0.9394015666624002,30.729077077781437,25.95485760198321,35.503296553579666
TrentonNJ,250,Extrapolation,2,0.956586804332221,31.011243238425394,26.155138307377193,35.867348169473594
TrentonNJ,300,Extrapolation,2,0.9688984441629211,31.202250585830573,26.290256503800677,36.11424466786047
TrentonNJ,350,Extrapolation,2,0.9777186000567827,31.340131347101476,26.38756336309867,36.29269933110428
TrentonNJ,400,Extrapolation,2,0.9840374293160687,31.444344265486887,26.46098204143186,36.42770648954192
TrentonNJ,450,Extrapolation,2,0.9885642884428784,31.525879154216035,26.51834727735743,36.53341103107464
TrentonNJ,500,Extrapolation,2,0.9918073660310033,31.591412141694413,26.564405366269757,36.61841891711907
TrentonNJ,550,Extrapolation,2,0.9941307323978315,31.64523303263293,26.602199448008363,36.6882666172575
TrentonNJ,600,Extrapolation,2,0.9957952103906719,31.69022405965852,26.633770556437927,36.746677562879114
TrentonNJ,650,Extrapolation,2,0.9969876555548122,31.72839343248244,26.660538732663948,36.79624813230093
TrentonNJ,700,Extrapolation,2,0.9978419326768875,31.761183295219432,26.683522503417926,36.83884408702094
TrentonNJ,750,Extrapolation,2,0.9984539435460225,31.78965604678569,26.70347142073286,36.87584067283852
TrentonNJ,800,Extrapolation,2,0.9988923929604577,31.814611613891284,26.720949351851573,36.908273875930995
TrentonNJ,850,Extrapolation,2,0.9992065015796238,31.836663792599015,26.73638862468092,36.93693896051711
TrentonNJ,900,Extrapolation,2,0.999431531472209,31.856291409400477,26.750126270895656,36.9624565479053
TrentonNJ,950,Extrapolation,2,0.999592744662383,31.873873486666486,26.76242891165441,36.98531806167856
TrentonNJ,1000,Extrapolation,2,0.9997082390635379,31.88971395807718,26.773510232017326,37.00591768413703
WashingtonDC,50,Rarefaction,0,0.7954596727662514,57.45939005674057,53.2245287960982,61.694251317382935
WashingtonDC,100,Rarefaction,0,0.9020835474550919,76.23352426619041,70.03127186613752,82.43577666624331
WashingtonDC,150,Extrapolation,0,0.9462506967040315,86.01469315151262,77.29660740972705,94.73277889329819
WashingtonDC,200,Extrapolation,0,0.9704931226791004,91.38427282331091,79.79204335381633,102.97650229280549
WashingtonDC,250,Extrapolation,0,0.9838015424230452,94.33202319261531,80.16905929210768,108.49498709312294
WashingtonDC,300,Extrapolation,0,0.9911074958892192,95.95025641957926,79.73256922843687,112.16794361072165
WashingtonDC,350,Extrapolation,0,0.9951182617860633,96.8386215959928,79.05829290238535,114.61895028960026
WashingtonDC,400,Extrapolation,0,0.9973200610657555,97.3263094480986,78.38474430183858,116.26787459435862
WashingtonDC,450,Extrapolation,0,0.998528787825866,97.59403655785738,77.79855529033233,117.38951782538243
WashingtonDC,500,Extrapolation,0,0.9991923453054611,97.74101131843486,77.32004645487285,118.16197618199686
WashingtonDC,550,Extrapolation,0,0.9995566199647615,97.82169638714632,76.94265594250285,118.70073683178978
WashingtonDC,600,Extrapolation,0,0.9997565966532761,97.86599025289166,76.65080511960664,119.08117538617668
WashingtonDC,650,Extrapolation,0,0.9998663783109573,97.89030635714737,76.42763481638048,119.35297789791426
WashingtonDC,700,Extrapolation,0,0.9999266453973499,97.90365522422466,76.25802524422589,119.54928520422344
WashingtonDC,750,Extrapolation,0,0.9999597303568867,97.91098338215545,76.1294826543218,119.6924841099891
WashingtonDC,800,Extrapolation,0,0.9999778930823985,97.91500633768776,76.03212045660347,119.79789221877205
WashingtonDC,850,Extrapolation,0,0.9999878639151466,97.91721482873936,75.95830743463019,119.87612222284854
WashingtonDC,900,Extrapolation,0,0.9999933376258859,97.91842722909672,75.90223930222913,119.93461515596431
WashingtonDC,950,Extrapolation,0,0.9999963425413244,97.91909280327936,75.85953889555825,119.97864671100047
WashingtonDC,1000,Extrapolation,0,0.9999979921565894,97.91945818505272,75.82692027142652,120.01199609867892
WashingtonDC,50,Rarefaction,1,0.7954596727662514,44.22548416184584,40.30924072764992,48.14172759604176
WashingtonDC,100,Rarefaction,1,0.9020835474550919,53.05964233268403,48.0815138306825,58.03777083468555
WashingtonDC,150,Extrapolation,1,0.9462506967040315,57.31186826701057,51.778321584752184,62.84541494926895
WashingtonDC,200,Extrapolation,1,0.9704931226791004,60.05518061813914,54.13428946353405,65.97607177274423
WashingtonDC,250,Extrapolation,1,0.9838015424230452,61.82592766864735,55.63385929263801,68.0179960446567
WashingtonDC,300,Extrapolation,1,0.9911074958892192,62.96890546904022,56.586201737913505,69.35160920016695
WashingtonDC,350,Extrapolation,1,0.9951182617860633,63.70667219400299,57.18991510394029,70.22342928406569
WashingtonDC,400,Extrapolation,1,0.9973200610657555,64.18288419066224,57.572130164984884,70.79363821633959
WashingtonDC,450,Extrapolation,1,0.998528787825866,64.49026843298306,57.81390167678698,71.16663518917913
WashingtonDC,500,Extrapolation,1,0.9991923453054611,64.68867811835423,57.966742176547974,71.41061406016048
WashingtonDC,550,Extrapolation,1,0.9995566199647615,64.81674715322688,58.06331696158323,71.57017734487053
WashingtonDC,600,Extrapolation,1,0.9997565966532761,64.89941286413979,58.12431126544869,71.6745144628309
WashingtonDC,650,Extrapolation,1,0.9998663783109573,64.95277174021417,58.162813646940364,71.74272983348799
WashingtonDC,700,Extrapolation,1,0.9999266453973499,64.98721370683467,58.18710241800898,71.78732499566036
WashingtonDC,750,Extrapolation,1,0.9999597303568867,65.00944522953452,58.20241229313735,71.8164781659317
WashingtonDC,800,Extrapolation,1,0.9999778930823985,65.02379518251487,58.21205282473542,71.83553754029433
WashingtonDC,850,Extrapolation,1,0.9999878639151466,65.03305775770228,58.21811596831294,71.84799954709163
WashingtonDC,900,Extrapolation,1,0.9999933376258859,65.03903654378053,58.22192361549409,71.85614947206696
WashingtonDC,950,Extrapolation,1,0.9999963425413244,65.04289571709316,58.22431066538675,71.86148076879957
WashingtonDC,1000,Extrapolation,1,0.9999979921565894,65.0453867275528,58.2258040919517,71.86496936315389
WashingtonDC,50,Rarefaction,2,0.7954596727662514,34.41708259167976,30.162826260123165,38.671338923236355
WashingtonDC,100,Rarefaction,2,0.9020835474550919,39.23449364235659,33.82604682053469,44.64294046417849
WashingtonDC,150,Extrapolation,2,0.9462506967040315,41.15465331031393,35.24111076202111,47.06819585860676
WashingtonDC,200,Extrapolation,2,0.9704931226791004,42.18698140592972,35.99156985211987,48.38239295973957
WashingtonDC,250,Extrapolation,2,0.9838015424230452,42.8316173596968,36.4565805082455,49.2066542111481
WashingtonDC,300,Extrapolation,2,0.9911074958892192,43.272432110531646,36.77297668655916,49.77188753450413
WashingtonDC,350,Extrapolation,2,0.9951182617860633,43.59289617170674,37.00218537415283,50.18360696926065
WashingtonDC,400,Extrapolation,2,0.9973200610657555,43.836376533788105,37.17588048381412,50.49687258376209
WashingtonDC,450,Extrapolation,2,0.998528787825866,44.02763873099234,37.31205108733549,50.74322637464918
WashingtonDC,500,Extrapolation,2,0.9991923453054611,44.1818543703606,37.421671604864606,50.94203713585659
WashingtonDC,550,Extrapolation,2,0.9995566199647615,44.30883667256619,37.511817184626345,51.10585616050603
WashingtonDC,600,Extrapolation,2,0.9997565966532761,44.4152141705365,37.58725420208941,51.24317413898359
WashingtonDC,650,Extrapolation,2,0.9998663783109573,44.505625669005816,37.651310973096365,51.35994036491527
WashingtonDC,700,Extrapolation,2,0.9999266453973499,44.583414715070575,37.70638205725259,51.46044737288856
WashingtonDC,750,Extrapolation,2,0.9999597303568867,44.65105218057467,37.75423425037828,51.547870110771065
WashingtonDC,800,Extrapolation,2,0.9999778930823985,44.71040353570593,37.79619965007084,51.62460742134102
WashingtonDC,850,Extrapolation,2,0.9999878639151466,44.762903563002496,37.83330159860739,51.6925055273976
WashingtonDC,900,Extrapolation,2,0.9999933376258859,44.80967386780203,37.86633923769083,51.753008497913235
WashingtonDC,950,Extrapolation,2,0.9999963425413244,44.8516039051569,37.89594571911909,51.80726209119471
WashingtonDC,1000,Extrapolation,2,0.9999979921565894,44.889408087958294,37.922629174446705,51.856187001469884
