city,scientific,n,prop,rank,row_number,name,value,prop2
AustinTX,Juniperus ashei,1044,0.48132780082987553,1,1,natural regeneration,1041,0.47994467496542187
AustinTX,Juniperus ashei,1044,0.48132780082987553,1,1,planted,3,0.0013831258644536654
AustinTX,Juniperus ashei,1044,0.48132780082987553,1,1,not sure,0,0
AustinTX,Quercus virginiana,315,0.14522821576763487,2,2,natural regeneration,281,0.12955278930382666
AustinTX,Quercus virginiana,315,0.14522821576763487,2,2,planted,32,0.014753342554172431
AustinTX,Quercus virginiana,315,0.14522821576763487,2,2,not sure,2,9.220839096357769e-4
AustinTX,Ulmus crassifolia,193,0.08898109727985247,3,3,natural regeneration,172,0.0792992162286768
AustinTX,Ulmus crassifolia,193,0.08898109727985247,3,3,planted,21,0.009681881051175657
AustinTX,Ulmus crassifolia,193,0.08898109727985247,3,3,not sure,0,0
AustinTX,Celtis laevigata,79,0.03642231443061319,4,4,natural regeneration,72,0.03319502074688797
AustinTX,Celtis laevigata,79,0.03642231443061319,4,4,planted,7,0.0032272936837252192
AustinTX,Celtis laevigata,79,0.03642231443061319,4,4,not sure,0,0
AustinTX,Prosopis glandulosa,59,0.027201475334255418,5,5,natural regeneration,59,0.027201475334255418
AustinTX,Prosopis glandulosa,59,0.027201475334255418,5,5,planted,0,0
AustinTX,Prosopis glandulosa,59,0.027201475334255418,5,5,not sure,0,0
AustinTX,Quercus buckleyi,59,0.027201475334255418,5,6,natural regeneration,55,0.025357307514983864
AustinTX,Quercus buckleyi,59,0.027201475334255418,5,6,planted,4,0.0018441678192715537
AustinTX,Quercus buckleyi,59,0.027201475334255418,5,6,not sure,0,0
AustinTX,Fraxinus pennsylvanica,50,0.023052097740894423,7,7,natural regeneration,43,0.019824804057169205
AustinTX,Fraxinus pennsylvanica,50,0.023052097740894423,7,7,planted,7,0.0032272936837252197
AustinTX,Fraxinus pennsylvanica,50,0.023052097740894423,7,7,not sure,0,0
AustinTX,Lagerstroemia indica,43,0.0198248040571692,8,8,natural regeneration,3,0.0013831258644536651
AustinTX,Lagerstroemia indica,43,0.0198248040571692,8,8,planted,40,0.018441678192715538
AustinTX,Lagerstroemia indica,43,0.0198248040571692,8,8,not sure,0,0
AustinTX,Carya illinoinensis,34,0.015675426463808206,9,9,natural regeneration,22,0.010142923005993546
AustinTX,Carya illinoinensis,34,0.015675426463808206,9,9,planted,12,0.005532503457814661
AustinTX,Carya illinoinensis,34,0.015675426463808206,9,9,not sure,0,0
AustinTX,Acer negundo,28,0.012909174734900875,10,10,natural regeneration,26,0.011987090825265098
AustinTX,Acer negundo,28,0.012909174734900875,10,10,planted,2,9.220839096357767e-4
AustinTX,Acer negundo,28,0.012909174734900875,10,10,not sure,0,0
AustinTX,Ligustrum sinense,23,0.010603964960811434,11,11,natural regeneration,7,0.0032272936837252192
AustinTX,Ligustrum sinense,23,0.010603964960811434,11,11,planted,16,0.007376671277086215
AustinTX,Ligustrum sinense,23,0.010603964960811434,11,11,not sure,0,0
AustinTX,Melia azedarach,23,0.010603964960811434,11,12,natural regeneration,15,0.006915629322268327
AustinTX,Melia azedarach,23,0.010603964960811434,11,12,planted,8,0.0036883356385431073
AustinTX,Melia azedarach,23,0.010603964960811434,11,12,not sure,0,0
AustinTX,Platanus occidentalis,18,0.008298755186721992,13,13,natural regeneration,14,0.0064545873674504385
AustinTX,Platanus occidentalis,18,0.008298755186721992,13,13,planted,4,0.0018441678192715537
AustinTX,Platanus occidentalis,18,0.008298755186721992,13,13,not sure,0,0
AustinTX,Triadica sebifera,18,0.008298755186721992,13,14,natural regeneration,16,0.007376671277086215
AustinTX,Triadica sebifera,18,0.008298755186721992,13,14,planted,2,9.220839096357768e-4
AustinTX,Triadica sebifera,18,0.008298755186721992,13,14,not sure,0,0
AustinTX,Broussonetia papyrifera,13,0.00599354541263255,15,15,natural regeneration,13,0.00599354541263255
AustinTX,Broussonetia papyrifera,13,0.00599354541263255,15,15,planted,0,0
AustinTX,Broussonetia papyrifera,13,0.00599354541263255,15,15,not sure,0,0
AustinTX,Ligustrum japonicum,13,0.00599354541263255,15,16,natural regeneration,6,0.0027662517289073307
AustinTX,Ligustrum japonicum,13,0.00599354541263255,15,16,planted,7,0.0032272936837252192
AustinTX,Ligustrum japonicum,13,0.00599354541263255,15,16,not sure,0,0
AustinTX,Ligustrum lucidum,12,0.005532503457814661,17,17,natural regeneration,12,0.005532503457814661
AustinTX,Ligustrum lucidum,12,0.005532503457814661,17,17,planted,0,0
AustinTX,Ligustrum lucidum,12,0.005532503457814661,17,17,not sure,0,0
AustinTX,Celtis occidentalis,11,0.005071461502996773,18,18,natural regeneration,8,0.0036883356385431078
AustinTX,Celtis occidentalis,11,0.005071461502996773,18,18,planted,3,0.0013831258644536651
AustinTX,Celtis occidentalis,11,0.005071461502996773,18,18,not sure,0,0
AustinTX,Celtis laevigata var. reticulata,10,0.004610419548178884,19,19,natural regeneration,10,0.004610419548178884
AustinTX,Celtis laevigata var. reticulata,10,0.004610419548178884,19,19,planted,0,0
AustinTX,Celtis laevigata var. reticulata,10,0.004610419548178884,19,19,not sure,0,0
AustinTX,Quercus shumardii,9,0.004149377593360996,20,20,natural regeneration,1,4.610419548178884e-4
AustinTX,Quercus shumardii,9,0.004149377593360996,20,20,planted,8,0.0036883356385431073
AustinTX,Quercus shumardii,9,0.004149377593360996,20,20,not sure,0,0
AustinTX,Fraxinus texensis,8,0.0036883356385431073,21,21,natural regeneration,7,0.003227293683725219
AustinTX,Fraxinus texensis,8,0.0036883356385431073,21,21,planted,1,4.610419548178884e-4
AustinTX,Fraxinus texensis,8,0.0036883356385431073,21,21,not sure,0,0
AustinTX,Juglans nigra,8,0.0036883356385431073,21,22,natural regeneration,8,0.0036883356385431073
AustinTX,Juglans nigra,8,0.0036883356385431073,21,22,planted,0,0
AustinTX,Juglans nigra,8,0.0036883356385431073,21,22,not sure,0,0
AustinTX,Quercus muehlenbergii,8,0.0036883356385431073,21,23,natural regeneration,3,0.0013831258644536651
AustinTX,Quercus muehlenbergii,8,0.0036883356385431073,21,23,planted,5,0.002305209774089442
AustinTX,Quercus muehlenbergii,8,0.0036883356385431073,21,23,not sure,0,0
AustinTX,Quercus macrocarpa,7,0.003227293683725219,24,24,natural regeneration,5,0.002305209774089442
AustinTX,Quercus macrocarpa,7,0.003227293683725219,24,24,planted,2,9.220839096357767e-4
AustinTX,Quercus macrocarpa,7,0.003227293683725219,24,24,not sure,0,0
AustinTX,Juniperus virginiana,6,0.0027662517289073307,25,25,natural regeneration,6,0.0027662517289073307
AustinTX,Juniperus virginiana,6,0.0027662517289073307,25,25,planted,0,0
AustinTX,Juniperus virginiana,6,0.0027662517289073307,25,25,not sure,0,0
AustinTX,Cercis canadensis,5,0.002305209774089442,26,26,natural regeneration,0,0
AustinTX,Cercis canadensis,5,0.002305209774089442,26,26,planted,5,0.002305209774089442
AustinTX,Cercis canadensis,5,0.002305209774089442,26,26,not sure,0,0
AustinTX,Sideroxylon lanuginosum ssp. lanuginosum,5,0.002305209774089442,26,27,natural regeneration,5,0.002305209774089442
AustinTX,Sideroxylon lanuginosum ssp. lanuginosum,5,0.002305209774089442,26,27,planted,0,0
AustinTX,Sideroxylon lanuginosum ssp. lanuginosum,5,0.002305209774089442,26,27,not sure,0,0
AustinTX,Sophora secundiflora,5,0.002305209774089442,26,28,natural regeneration,5,0.002305209774089442
AustinTX,Sophora secundiflora,5,0.002305209774089442,26,28,planted,0,0
AustinTX,Sophora secundiflora,5,0.002305209774089442,26,28,not sure,0,0
AustinTX,Taxodium distichum,5,0.002305209774089442,26,29,natural regeneration,3,0.0013831258644536654
AustinTX,Taxodium distichum,5,0.002305209774089442,26,29,planted,2,9.220839096357769e-4
AustinTX,Taxodium distichum,5,0.002305209774089442,26,29,not sure,0,0
AustinTX,Diospyros texana,4,0.0018441678192715537,30,30,natural regeneration,4,0.0018441678192715537
AustinTX,Diospyros texana,4,0.0018441678192715537,30,30,planted,0,0
AustinTX,Diospyros texana,4,0.0018441678192715537,30,30,not sure,0,0
AustinTX,Fraxinus velutina,4,0.0018441678192715537,30,31,natural regeneration,4,0.0018441678192715537
AustinTX,Fraxinus velutina,4,0.0018441678192715537,30,31,planted,0,0
AustinTX,Fraxinus velutina,4,0.0018441678192715537,30,31,not sure,0,0
AustinTX,Quercus texana,4,0.0018441678192715537,30,32,natural regeneration,3,0.0013831258644536651
AustinTX,Quercus texana,4,0.0018441678192715537,30,32,planted,1,4.610419548178884e-4
AustinTX,Quercus texana,4,0.0018441678192715537,30,32,not sure,0,0
AustinTX,Ulmus americana,4,0.0018441678192715537,30,33,natural regeneration,4,0.0018441678192715537
AustinTX,Ulmus americana,4,0.0018441678192715537,30,33,planted,0,0
AustinTX,Ulmus americana,4,0.0018441678192715537,30,33,not sure,0,0
AustinTX,Ulmus parvifolia,4,0.0018441678192715537,30,34,natural regeneration,0,0
AustinTX,Ulmus parvifolia,4,0.0018441678192715537,30,34,planted,4,0.0018441678192715537
AustinTX,Ulmus parvifolia,4,0.0018441678192715537,30,34,not sure,0,0
AustinTX,Pistacia chinensis,3,0.0013831258644536654,35,35,natural regeneration,0,0
AustinTX,Pistacia chinensis,3,0.0013831258644536654,35,35,planted,3,0.0013831258644536654
AustinTX,Pistacia chinensis,3,0.0013831258644536654,35,35,not sure,0,0
AustinTX,Populus deltoides,3,0.0013831258644536654,35,36,natural regeneration,1,4.610419548178884e-4
AustinTX,Populus deltoides,3,0.0013831258644536654,35,36,planted,2,9.220839096357768e-4
AustinTX,Populus deltoides,3,0.0013831258644536654,35,36,not sure,0,0
AustinTX,Salix nigra,3,0.0013831258644536654,35,37,natural regeneration,3,0.0013831258644536654
AustinTX,Salix nigra,3,0.0013831258644536654,35,37,planted,0,0
AustinTX,Salix nigra,3,0.0013831258644536654,35,37,not sure,0,0
AustinTX,Eugenia ligustrina,2,9.220839096357768e-4,38,38,natural regeneration,0,0
AustinTX,Eugenia ligustrina,2,9.220839096357768e-4,38,38,planted,2,9.220839096357768e-4
AustinTX,Eugenia ligustrina,2,9.220839096357768e-4,38,38,not sure,0,0
AustinTX,Fraxinus berlandieriana,2,9.220839096357768e-4,38,39,natural regeneration,0,0
AustinTX,Fraxinus berlandieriana,2,9.220839096357768e-4,38,39,planted,2,9.220839096357768e-4
AustinTX,Fraxinus berlandieriana,2,9.220839096357768e-4,38,39,not sure,0,0
AustinTX,Morus rubra,2,9.220839096357768e-4,38,40,natural regeneration,1,4.610419548178884e-4
AustinTX,Morus rubra,2,9.220839096357768e-4,38,40,planted,1,4.610419548178884e-4
AustinTX,Morus rubra,2,9.220839096357768e-4,38,40,not sure,0,0
AustinTX,Pyrus calleryana,2,9.220839096357768e-4,38,41,natural regeneration,1,4.610419548178884e-4
AustinTX,Pyrus calleryana,2,9.220839096357768e-4,38,41,planted,1,4.610419548178884e-4
AustinTX,Pyrus calleryana,2,9.220839096357768e-4,38,41,not sure,0,0
AustinTX,Quercus fusiformis,2,9.220839096357768e-4,38,42,natural regeneration,2,9.220839096357768e-4
AustinTX,Quercus fusiformis,2,9.220839096357768e-4,38,42,planted,0,0
AustinTX,Quercus fusiformis,2,9.220839096357768e-4,38,42,not sure,0,0
AustinTX,Quercus polymorpha,2,9.220839096357768e-4,38,43,natural regeneration,0,0
AustinTX,Quercus polymorpha,2,9.220839096357768e-4,38,43,planted,2,9.220839096357768e-4
AustinTX,Quercus polymorpha,2,9.220839096357768e-4,38,43,not sure,0,0
AustinTX,Quercus sinuata var. breviloba,2,9.220839096357768e-4,38,44,natural regeneration,2,9.220839096357768e-4
AustinTX,Quercus sinuata var. breviloba,2,9.220839096357768e-4,38,44,planted,0,0
AustinTX,Quercus sinuata var. breviloba,2,9.220839096357768e-4,38,44,not sure,0,0
AustinTX,Quercus stellata,2,9.220839096357768e-4,38,45,natural regeneration,2,9.220839096357768e-4
AustinTX,Quercus stellata,2,9.220839096357768e-4,38,45,planted,0,0
AustinTX,Quercus stellata,2,9.220839096357768e-4,38,45,not sure,0,0
AustinTX,Sapindus saponaria var. drummondii,2,9.220839096357768e-4,38,46,natural regeneration,2,9.220839096357768e-4
AustinTX,Sapindus saponaria var. drummondii,2,9.220839096357768e-4,38,46,planted,0,0
AustinTX,Sapindus saponaria var. drummondii,2,9.220839096357768e-4,38,46,not sure,0,0
AustinTX,Ailanthus altissima,1,4.610419548178884e-4,47,47,natural regeneration,1,4.610419548178884e-4
AustinTX,Ailanthus altissima,1,4.610419548178884e-4,47,47,planted,0,0
AustinTX,Ailanthus altissima,1,4.610419548178884e-4,47,47,not sure,0,0
AustinTX,Arbutus xalapensis,1,4.610419548178884e-4,47,48,natural regeneration,1,4.610419548178884e-4
AustinTX,Arbutus xalapensis,1,4.610419548178884e-4,47,48,planted,0,0
AustinTX,Arbutus xalapensis,1,4.610419548178884e-4,47,48,not sure,0,0
AustinTX,Koelreuteria paniculata,1,4.610419548178884e-4,47,49,natural regeneration,0,0
AustinTX,Koelreuteria paniculata,1,4.610419548178884e-4,47,49,planted,1,4.610419548178884e-4
AustinTX,Koelreuteria paniculata,1,4.610419548178884e-4,47,49,not sure,0,0
AustinTX,Magnolia grandiflora,1,4.610419548178884e-4,47,50,natural regeneration,0,0
AustinTX,Magnolia grandiflora,1,4.610419548178884e-4,47,50,planted,1,4.610419548178884e-4
AustinTX,Magnolia grandiflora,1,4.610419548178884e-4,47,50,not sure,0,0
AustinTX,Morus alba,1,4.610419548178884e-4,47,51,natural regeneration,1,4.610419548178884e-4
AustinTX,Morus alba,1,4.610419548178884e-4,47,51,planted,0,0
AustinTX,Morus alba,1,4.610419548178884e-4,47,51,not sure,0,0
AustinTX,Parkinsonia aculeata,1,4.610419548178884e-4,47,52,natural regeneration,1,4.610419548178884e-4
AustinTX,Parkinsonia aculeata,1,4.610419548178884e-4,47,52,planted,0,0
AustinTX,Parkinsonia aculeata,1,4.610419548178884e-4,47,52,not sure,0,0
AustinTX,Phoenix dactylifera,1,4.610419548178884e-4,47,53,natural regeneration,0,0
AustinTX,Phoenix dactylifera,1,4.610419548178884e-4,47,53,planted,1,4.610419548178884e-4
AustinTX,Phoenix dactylifera,1,4.610419548178884e-4,47,53,not sure,0,0
AustinTX,Pittosporum tobira,1,4.610419548178884e-4,47,54,natural regeneration,0,0
AustinTX,Pittosporum tobira,1,4.610419548178884e-4,47,54,planted,1,4.610419548178884e-4
AustinTX,Pittosporum tobira,1,4.610419548178884e-4,47,54,not sure,0,0
AustinTX,Prunus persica,1,4.610419548178884e-4,47,55,natural regeneration,0,0
AustinTX,Prunus persica,1,4.610419548178884e-4,47,55,planted,1,4.610419548178884e-4
AustinTX,Prunus persica,1,4.610419548178884e-4,47,55,not sure,0,0
AustinTX,Prunus spp.,1,4.610419548178884e-4,47,56,natural regeneration,0,0
AustinTX,Prunus spp.,1,4.610419548178884e-4,47,56,planted,1,4.610419548178884e-4
AustinTX,Prunus spp.,1,4.610419548178884e-4,47,56,not sure,0,0
AustinTX,Pyrus communis,1,4.610419548178884e-4,47,57,natural regeneration,0,0
AustinTX,Pyrus communis,1,4.610419548178884e-4,47,57,planted,1,4.610419548178884e-4
AustinTX,Pyrus communis,1,4.610419548178884e-4,47,57,not sure,0,0
BaltimoreMD,Ailanthus altissima,40,0.075046904315197,1,1,natural regeneration,40,0.075046904315197
BaltimoreMD,Ailanthus altissima,40,0.075046904315197,1,1,planted,0,0
BaltimoreMD,Ailanthus altissima,40,0.075046904315197,1,1,not sure,0,0
BaltimoreMD,Morus alba,36,0.0675422138836773,2,2,natural regeneration,26,0.04878048780487805
BaltimoreMD,Morus alba,36,0.0675422138836773,2,2,planted,2,0.00375234521575985
BaltimoreMD,Morus alba,36,0.0675422138836773,2,2,not sure,8,0.0150093808630394
BaltimoreMD,Ulmus americana,33,0.06191369606003752,3,3,natural regeneration,17,0.03189493433395872
BaltimoreMD,Ulmus americana,33,0.06191369606003752,3,3,planted,10,0.018761726078799248
BaltimoreMD,Ulmus americana,33,0.06191369606003752,3,3,not sure,6,0.01125703564727955
BaltimoreMD,Acer platanoides,26,0.04878048780487805,4,4,natural regeneration,20,0.0375234521575985
BaltimoreMD,Acer platanoides,26,0.04878048780487805,4,4,planted,4,0.007504690431519701
BaltimoreMD,Acer platanoides,26,0.04878048780487805,4,4,not sure,2,0.0037523452157598503
BaltimoreMD,Liriodendron tulipifera,23,0.043151969981238276,5,5,natural regeneration,21,0.039399624765478425
BaltimoreMD,Liriodendron tulipifera,23,0.043151969981238276,5,5,planted,0,0
BaltimoreMD,Liriodendron tulipifera,23,0.043151969981238276,5,5,not sure,2,0.00375234521575985
BaltimoreMD,Acer rubrum,20,0.0375234521575985,6,6,natural regeneration,12,0.0225140712945591
BaltimoreMD,Acer rubrum,20,0.0375234521575985,6,6,planted,8,0.015009380863039401
BaltimoreMD,Acer rubrum,20,0.0375234521575985,6,6,not sure,0,0
BaltimoreMD,Robinia pseudoacacia,20,0.0375234521575985,6,7,natural regeneration,19,0.03564727954971857
BaltimoreMD,Robinia pseudoacacia,20,0.0375234521575985,6,7,planted,0,0
BaltimoreMD,Robinia pseudoacacia,20,0.0375234521575985,6,7,not sure,1,0.0018761726078799252
BaltimoreMD,Prunus serotina,19,0.03564727954971857,8,8,natural regeneration,15,0.028142589118198873
BaltimoreMD,Prunus serotina,19,0.03564727954971857,8,8,planted,0,0
BaltimoreMD,Prunus serotina,19,0.03564727954971857,8,8,not sure,4,0.007504690431519699
BaltimoreMD,Fagus grandifolia,18,0.03377110694183865,9,9,natural regeneration,18,0.03377110694183865
BaltimoreMD,Fagus grandifolia,18,0.03377110694183865,9,9,planted,0,0
BaltimoreMD,Fagus grandifolia,18,0.03377110694183865,9,9,not sure,0,0
BaltimoreMD,Fraxinus pennsylvanica,18,0.03377110694183865,9,10,natural regeneration,17,0.03189493433395872
BaltimoreMD,Fraxinus pennsylvanica,18,0.03377110694183865,9,10,planted,1,0.001876172607879925
BaltimoreMD,Fraxinus pennsylvanica,18,0.03377110694183865,9,10,not sure,0,0
BaltimoreMD,Picea abies,17,0.03189493433395872,11,11,natural regeneration,1,0.0018761726078799247
BaltimoreMD,Picea abies,17,0.03189493433395872,11,11,planted,16,0.030018761726078796
BaltimoreMD,Picea abies,17,0.03189493433395872,11,11,not sure,0,0
BaltimoreMD,Acer saccharinum,16,0.0300187617260788,12,12,natural regeneration,5,0.009380863039399626
BaltimoreMD,Acer saccharinum,16,0.0300187617260788,12,12,planted,6,0.01125703564727955
BaltimoreMD,Acer saccharinum,16,0.0300187617260788,12,12,not sure,5,0.009380863039399626
BaltimoreMD,Ilex opaca,14,0.02626641651031895,13,13,natural regeneration,0,0
BaltimoreMD,Ilex opaca,14,0.02626641651031895,13,13,planted,7,0.013133208255159476
BaltimoreMD,Ilex opaca,14,0.02626641651031895,13,13,not sure,7,0.013133208255159476
BaltimoreMD,Acer negundo,13,0.024390243902439025,14,14,natural regeneration,12,0.022514071294559103
BaltimoreMD,Acer negundo,13,0.024390243902439025,14,14,planted,1,0.0018761726078799252
BaltimoreMD,Acer negundo,13,0.024390243902439025,14,14,not sure,0,0
BaltimoreMD,Cupressocyparis leylandii,13,0.024390243902439025,14,15,natural regeneration,0,0
BaltimoreMD,Cupressocyparis leylandii,13,0.024390243902439025,14,15,planted,13,0.024390243902439025
BaltimoreMD,Cupressocyparis leylandii,13,0.024390243902439025,14,15,not sure,0,0
BaltimoreMD,Sassafras albidum,12,0.0225140712945591,16,16,natural regeneration,12,0.0225140712945591
BaltimoreMD,Sassafras albidum,12,0.0225140712945591,16,16,planted,0,0
BaltimoreMD,Sassafras albidum,12,0.0225140712945591,16,16,not sure,0,0
BaltimoreMD,Carya cordiformis,10,0.01876172607879925,17,17,natural regeneration,10,0.01876172607879925
BaltimoreMD,Carya cordiformis,10,0.01876172607879925,17,17,planted,0,0
BaltimoreMD,Carya cordiformis,10,0.01876172607879925,17,17,not sure,0,0
BaltimoreMD,Pyrus calleryana,9,0.016885553470919325,18,18,natural regeneration,0,0
BaltimoreMD,Pyrus calleryana,9,0.016885553470919325,18,18,planted,7,0.013133208255159476
BaltimoreMD,Pyrus calleryana,9,0.016885553470919325,18,18,not sure,2,0.00375234521575985
BaltimoreMD,Acer palmatum,8,0.0150093808630394,19,19,natural regeneration,0,0
BaltimoreMD,Acer palmatum,8,0.0150093808630394,19,19,planted,8,0.0150093808630394
BaltimoreMD,Acer palmatum,8,0.0150093808630394,19,19,not sure,0,0
BaltimoreMD,Aesculus flava,8,0.0150093808630394,19,20,natural regeneration,8,0.0150093808630394
BaltimoreMD,Aesculus flava,8,0.0150093808630394,19,20,planted,0,0
BaltimoreMD,Aesculus flava,8,0.0150093808630394,19,20,not sure,0,0
BaltimoreMD,Platanus hybrida,8,0.0150093808630394,19,21,natural regeneration,0,0
BaltimoreMD,Platanus hybrida,8,0.0150093808630394,19,21,planted,8,0.0150093808630394
BaltimoreMD,Platanus hybrida,8,0.0150093808630394,19,21,not sure,0,0
BaltimoreMD,Acer saccharum,7,0.013133208255159476,22,22,natural regeneration,2,0.00375234521575985
BaltimoreMD,Acer saccharum,7,0.013133208255159476,22,22,planted,5,0.009380863039399626
BaltimoreMD,Acer saccharum,7,0.013133208255159476,22,22,not sure,0,0
BaltimoreMD,Fraxinus americana,7,0.013133208255159476,22,23,natural regeneration,3,0.005628517823639775
BaltimoreMD,Fraxinus americana,7,0.013133208255159476,22,23,planted,1,0.001876172607879925
BaltimoreMD,Fraxinus americana,7,0.013133208255159476,22,23,not sure,3,0.005628517823639775
BaltimoreMD,Carya alba,6,0.01125703564727955,24,24,natural regeneration,6,0.01125703564727955
BaltimoreMD,Carya alba,6,0.01125703564727955,24,24,planted,0,0
BaltimoreMD,Carya alba,6,0.01125703564727955,24,24,not sure,0,0
BaltimoreMD,Juglans nigra,6,0.01125703564727955,24,25,natural regeneration,4,0.0075046904315197
BaltimoreMD,Juglans nigra,6,0.01125703564727955,24,25,planted,0,0
BaltimoreMD,Juglans nigra,6,0.01125703564727955,24,25,not sure,2,0.00375234521575985
BaltimoreMD,Pinus strobus,6,0.01125703564727955,24,26,natural regeneration,0,0
BaltimoreMD,Pinus strobus,6,0.01125703564727955,24,26,planted,6,0.01125703564727955
BaltimoreMD,Pinus strobus,6,0.01125703564727955,24,26,not sure,0,0
BaltimoreMD,Quercus alba,6,0.01125703564727955,24,27,natural regeneration,5,0.009380863039399626
BaltimoreMD,Quercus alba,6,0.01125703564727955,24,27,planted,0,0
BaltimoreMD,Quercus alba,6,0.01125703564727955,24,27,not sure,1,0.001876172607879925
BaltimoreMD,Quercus rubra,6,0.01125703564727955,24,28,natural regeneration,6,0.01125703564727955
BaltimoreMD,Quercus rubra,6,0.01125703564727955,24,28,planted,0,0
BaltimoreMD,Quercus rubra,6,0.01125703564727955,24,28,not sure,0,0
BaltimoreMD,Acer ginnala,5,0.009380863039399626,29,29,natural regeneration,0,0
BaltimoreMD,Acer ginnala,5,0.009380863039399626,29,29,planted,0,0
BaltimoreMD,Acer ginnala,5,0.009380863039399626,29,29,not sure,5,0.009380863039399626
BaltimoreMD,Phellodendron amurense,5,0.009380863039399626,29,30,natural regeneration,5,0.009380863039399626
BaltimoreMD,Phellodendron amurense,5,0.009380863039399626,29,30,planted,0,0
BaltimoreMD,Phellodendron amurense,5,0.009380863039399626,29,30,not sure,0,0
BaltimoreMD,Cornus florida,4,0.0075046904315197,31,31,natural regeneration,0,0
BaltimoreMD,Cornus florida,4,0.0075046904315197,31,31,planted,3,0.005628517823639775
BaltimoreMD,Cornus florida,4,0.0075046904315197,31,31,not sure,1,0.001876172607879925
BaltimoreMD,Gleditsia triacanthos,4,0.0075046904315197,31,32,natural regeneration,1,0.001876172607879925
BaltimoreMD,Gleditsia triacanthos,4,0.0075046904315197,31,32,planted,3,0.005628517823639775
BaltimoreMD,Gleditsia triacanthos,4,0.0075046904315197,31,32,not sure,0,0
BaltimoreMD,Magnolia x soulangiana,4,0.0075046904315197,31,33,natural regeneration,4,0.0075046904315197
BaltimoreMD,Magnolia x soulangiana,4,0.0075046904315197,31,33,planted,0,0
BaltimoreMD,Magnolia x soulangiana,4,0.0075046904315197,31,33,not sure,0,0
BaltimoreMD,Pinus nigra,4,0.0075046904315197,31,34,natural regeneration,0,0
BaltimoreMD,Pinus nigra,4,0.0075046904315197,31,34,planted,4,0.0075046904315197
BaltimoreMD,Pinus nigra,4,0.0075046904315197,31,34,not sure,0,0
BaltimoreMD,Prunus avium,4,0.0075046904315197,31,35,natural regeneration,0,0
BaltimoreMD,Prunus avium,4,0.0075046904315197,31,35,planted,4,0.0075046904315197
BaltimoreMD,Prunus avium,4,0.0075046904315197,31,35,not sure,0,0
BaltimoreMD,Quercus coccinea,4,0.0075046904315197,31,36,natural regeneration,4,0.0075046904315197
BaltimoreMD,Quercus coccinea,4,0.0075046904315197,31,36,planted,0,0
BaltimoreMD,Quercus coccinea,4,0.0075046904315197,31,36,not sure,0,0
BaltimoreMD,Ulmus rubra,4,0.0075046904315197,31,37,natural regeneration,3,0.005628517823639775
BaltimoreMD,Ulmus rubra,4,0.0075046904315197,31,37,planted,1,0.001876172607879925
BaltimoreMD,Ulmus rubra,4,0.0075046904315197,31,37,not sure,0,0
BaltimoreMD,Broussonetia papyrifera,3,0.005628517823639775,38,38,natural regeneration,0,0
BaltimoreMD,Broussonetia papyrifera,3,0.005628517823639775,38,38,planted,3,0.005628517823639775
BaltimoreMD,Broussonetia papyrifera,3,0.005628517823639775,38,38,not sure,0,0
BaltimoreMD,Lagerstroemia indica,3,0.005628517823639775,38,39,natural regeneration,0,0
BaltimoreMD,Lagerstroemia indica,3,0.005628517823639775,38,39,planted,3,0.005628517823639775
BaltimoreMD,Lagerstroemia indica,3,0.005628517823639775,38,39,not sure,0,0
BaltimoreMD,Liquidambar styraciflua,3,0.005628517823639775,38,40,natural regeneration,2,0.00375234521575985
BaltimoreMD,Liquidambar styraciflua,3,0.005628517823639775,38,40,planted,1,0.001876172607879925
BaltimoreMD,Liquidambar styraciflua,3,0.005628517823639775,38,40,not sure,0,0
BaltimoreMD,Taxodium distichum,3,0.005628517823639775,38,41,natural regeneration,0,0
BaltimoreMD,Taxodium distichum,3,0.005628517823639775,38,41,planted,3,0.005628517823639775
BaltimoreMD,Taxodium distichum,3,0.005628517823639775,38,41,not sure,0,0
BaltimoreMD,Tilia cordata,3,0.005628517823639775,38,42,natural regeneration,1,0.001876172607879925
BaltimoreMD,Tilia cordata,3,0.005628517823639775,38,42,planted,2,0.00375234521575985
BaltimoreMD,Tilia cordata,3,0.005628517823639775,38,42,not sure,0,0
BaltimoreMD,Tsuga canadensis,3,0.005628517823639775,38,43,natural regeneration,0,0
BaltimoreMD,Tsuga canadensis,3,0.005628517823639775,38,43,planted,1,0.001876172607879925
BaltimoreMD,Tsuga canadensis,3,0.005628517823639775,38,43,not sure,2,0.00375234521575985
BaltimoreMD,Zelkova serrata,3,0.005628517823639775,38,44,natural regeneration,0,0
BaltimoreMD,Zelkova serrata,3,0.005628517823639775,38,44,planted,3,0.005628517823639775
BaltimoreMD,Zelkova serrata,3,0.005628517823639775,38,44,not sure,0,0
BaltimoreMD,Acer x freemanii,2,0.00375234521575985,45,45,natural regeneration,0,0
BaltimoreMD,Acer x freemanii,2,0.00375234521575985,45,45,planted,2,0.00375234521575985
BaltimoreMD,Acer x freemanii,2,0.00375234521575985,45,45,not sure,0,0
BaltimoreMD,Betula nigra,2,0.00375234521575985,45,46,natural regeneration,0,0
BaltimoreMD,Betula nigra,2,0.00375234521575985,45,46,planted,2,0.00375234521575985
BaltimoreMD,Betula nigra,2,0.00375234521575985,45,46,not sure,0,0
BaltimoreMD,Catalpa speciosa,2,0.00375234521575985,45,47,natural regeneration,1,0.001876172607879925
BaltimoreMD,Catalpa speciosa,2,0.00375234521575985,45,47,planted,1,0.001876172607879925
BaltimoreMD,Catalpa speciosa,2,0.00375234521575985,45,47,not sure,0,0
BaltimoreMD,Cryptomeria japonica,2,0.00375234521575985,45,48,natural regeneration,0,0
BaltimoreMD,Cryptomeria japonica,2,0.00375234521575985,45,48,planted,2,0.00375234521575985
BaltimoreMD,Cryptomeria japonica,2,0.00375234521575985,45,48,not sure,0,0
BaltimoreMD,Juniperus virginiana,2,0.00375234521575985,45,49,natural regeneration,0,0
BaltimoreMD,Juniperus virginiana,2,0.00375234521575985,45,49,planted,2,0.00375234521575985
BaltimoreMD,Juniperus virginiana,2,0.00375234521575985,45,49,not sure,0,0
BaltimoreMD,Malus spp.,2,0.00375234521575985,45,50,natural regeneration,0,0
BaltimoreMD,Malus spp.,2,0.00375234521575985,45,50,planted,2,0.00375234521575985
BaltimoreMD,Malus spp.,2,0.00375234521575985,45,50,not sure,0,0
BaltimoreMD,Morus rubra,2,0.00375234521575985,45,51,natural regeneration,2,0.00375234521575985
BaltimoreMD,Morus rubra,2,0.00375234521575985,45,51,planted,0,0
BaltimoreMD,Morus rubra,2,0.00375234521575985,45,51,not sure,0,0
BaltimoreMD,Nyssa sylvatica,2,0.00375234521575985,45,52,natural regeneration,2,0.00375234521575985
BaltimoreMD,Nyssa sylvatica,2,0.00375234521575985,45,52,planted,0,0
BaltimoreMD,Nyssa sylvatica,2,0.00375234521575985,45,52,not sure,0,0
BaltimoreMD,Paulownia tomentosa,2,0.00375234521575985,45,53,natural regeneration,2,0.00375234521575985
BaltimoreMD,Paulownia tomentosa,2,0.00375234521575985,45,53,planted,0,0
BaltimoreMD,Paulownia tomentosa,2,0.00375234521575985,45,53,not sure,0,0
BaltimoreMD,Picea pungens,2,0.00375234521575985,45,54,natural regeneration,0,0
BaltimoreMD,Picea pungens,2,0.00375234521575985,45,54,planted,2,0.00375234521575985
BaltimoreMD,Picea pungens,2,0.00375234521575985,45,54,not sure,0,0
BaltimoreMD,Pyrus spp.,2,0.00375234521575985,45,55,natural regeneration,0,0
BaltimoreMD,Pyrus spp.,2,0.00375234521575985,45,55,planted,2,0.00375234521575985
BaltimoreMD,Pyrus spp.,2,0.00375234521575985,45,55,not sure,0,0
BaltimoreMD,Quercus acutissima,2,0.00375234521575985,45,56,natural regeneration,0,0
BaltimoreMD,Quercus acutissima,2,0.00375234521575985,45,56,planted,2,0.00375234521575985
BaltimoreMD,Quercus acutissima,2,0.00375234521575985,45,56,not sure,0,0
BaltimoreMD,Quercus michauxii,2,0.00375234521575985,45,57,natural regeneration,2,0.00375234521575985
BaltimoreMD,Quercus michauxii,2,0.00375234521575985,45,57,planted,0,0
BaltimoreMD,Quercus michauxii,2,0.00375234521575985,45,57,not sure,0,0
BaltimoreMD,Salix nigra,2,0.00375234521575985,45,58,natural regeneration,2,0.00375234521575985
BaltimoreMD,Salix nigra,2,0.00375234521575985,45,58,planted,0,0
BaltimoreMD,Salix nigra,2,0.00375234521575985,45,58,not sure,0,0
BaltimoreMD,Styphnolobium japonicum,2,0.00375234521575985,45,59,natural regeneration,0,0
BaltimoreMD,Styphnolobium japonicum,2,0.00375234521575985,45,59,planted,2,0.00375234521575985
BaltimoreMD,Styphnolobium japonicum,2,0.00375234521575985,45,59,not sure,0,0
BaltimoreMD,Tilia tomentosa,2,0.00375234521575985,45,60,natural regeneration,0,0
BaltimoreMD,Tilia tomentosa,2,0.00375234521575985,45,60,planted,2,0.00375234521575985
BaltimoreMD,Tilia tomentosa,2,0.00375234521575985,45,60,not sure,0,0
BaltimoreMD,Ulmus pumila,2,0.00375234521575985,45,61,natural regeneration,2,0.00375234521575985
BaltimoreMD,Ulmus pumila,2,0.00375234521575985,45,61,planted,0,0
BaltimoreMD,Ulmus pumila,2,0.00375234521575985,45,61,not sure,0,0
BaltimoreMD,Amelanchier spp.,1,0.001876172607879925,62,62,natural regeneration,0,0
BaltimoreMD,Amelanchier spp.,1,0.001876172607879925,62,62,planted,1,0.001876172607879925
BaltimoreMD,Amelanchier spp.,1,0.001876172607879925,62,62,not sure,0,0
BaltimoreMD,Cedrus atlantica,1,0.001876172607879925,62,63,natural regeneration,0,0
BaltimoreMD,Cedrus atlantica,1,0.001876172607879925,62,63,planted,1,0.001876172607879925
BaltimoreMD,Cedrus atlantica,1,0.001876172607879925,62,63,not sure,0,0
BaltimoreMD,Cercis canadensis,1,0.001876172607879925,62,64,natural regeneration,0,0
BaltimoreMD,Cercis canadensis,1,0.001876172607879925,62,64,planted,1,0.001876172607879925
BaltimoreMD,Cercis canadensis,1,0.001876172607879925,62,64,not sure,0,0
BaltimoreMD,Cornus spp.,1,0.001876172607879925,62,65,natural regeneration,0,0
BaltimoreMD,Cornus spp.,1,0.001876172607879925,62,65,planted,1,0.001876172607879925
BaltimoreMD,Cornus spp.,1,0.001876172607879925,62,65,not sure,0,0
BaltimoreMD,Fagus sylvatica,1,0.001876172607879925,62,66,natural regeneration,0,0
BaltimoreMD,Fagus sylvatica,1,0.001876172607879925,62,66,planted,1,0.001876172607879925
BaltimoreMD,Fagus sylvatica,1,0.001876172607879925,62,66,not sure,0,0
BaltimoreMD,Pinus sylvestris,1,0.001876172607879925,62,67,natural regeneration,0,0
BaltimoreMD,Pinus sylvestris,1,0.001876172607879925,62,67,planted,1,0.001876172607879925
BaltimoreMD,Pinus sylvestris,1,0.001876172607879925,62,67,not sure,0,0
BaltimoreMD,Platanus occidentalis,1,0.001876172607879925,62,68,natural regeneration,0,0
BaltimoreMD,Platanus occidentalis,1,0.001876172607879925,62,68,planted,1,0.001876172607879925
BaltimoreMD,Platanus occidentalis,1,0.001876172607879925,62,68,not sure,0,0
BaltimoreMD,Prunus cerasifera,1,0.001876172607879925,62,69,natural regeneration,0,0
BaltimoreMD,Prunus cerasifera,1,0.001876172607879925,62,69,planted,1,0.001876172607879925
BaltimoreMD,Prunus cerasifera,1,0.001876172607879925,62,69,not sure,0,0
BaltimoreMD,Prunus cerasus,1,0.001876172607879925,62,70,natural regeneration,0,0
BaltimoreMD,Prunus cerasus,1,0.001876172607879925,62,70,planted,1,0.001876172607879925
BaltimoreMD,Prunus cerasus,1,0.001876172607879925,62,70,not sure,0,0
BaltimoreMD,Quercus nigra,1,0.001876172607879925,62,71,natural regeneration,0,0
BaltimoreMD,Quercus nigra,1,0.001876172607879925,62,71,planted,0,0
BaltimoreMD,Quercus nigra,1,0.001876172607879925,62,71,not sure,1,0.001876172607879925
BaltimoreMD,Quercus palustris,1,0.001876172607879925,62,72,natural regeneration,0,0
BaltimoreMD,Quercus palustris,1,0.001876172607879925,62,72,planted,1,0.001876172607879925
BaltimoreMD,Quercus palustris,1,0.001876172607879925,62,72,not sure,0,0
BaltimoreMD,Quercus prinus,1,0.001876172607879925,62,73,natural regeneration,1,0.001876172607879925
BaltimoreMD,Quercus prinus,1,0.001876172607879925,62,73,planted,0,0
BaltimoreMD,Quercus prinus,1,0.001876172607879925,62,73,not sure,0,0
BaltimoreMD,Quercus velutina,1,0.001876172607879925,62,74,natural regeneration,1,0.001876172607879925
BaltimoreMD,Quercus velutina,1,0.001876172607879925,62,74,planted,0,0
BaltimoreMD,Quercus velutina,1,0.001876172607879925,62,74,not sure,0,0
BaltimoreMD,Thuja occidentalis,1,0.001876172607879925,62,75,natural regeneration,0,0
BaltimoreMD,Thuja occidentalis,1,0.001876172607879925,62,75,planted,1,0.001876172607879925
BaltimoreMD,Thuja occidentalis,1,0.001876172607879925,62,75,not sure,0,0
BaltimoreMD,Tilia americana,1,0.001876172607879925,62,76,natural regeneration,1,0.001876172607879925
BaltimoreMD,Tilia americana,1,0.001876172607879925,62,76,planted,0,0
BaltimoreMD,Tilia americana,1,0.001876172607879925,62,76,not sure,0,0
BurlingtonVT,Acer rubrum,125,0.11870845204178537,1,1,natural regeneration,114,0.10826210826210826
BurlingtonVT,Acer rubrum,125,0.11870845204178537,1,1,planted,5,0.004748338081671415
BurlingtonVT,Acer rubrum,125,0.11870845204178537,1,1,not sure,6,0.005698005698005698
BurlingtonVT,Fraxinus pennsylvanica,103,0.09781576448243115,2,2,natural regeneration,99,0.09401709401709402
BurlingtonVT,Fraxinus pennsylvanica,103,0.09781576448243115,2,2,planted,4,0.0037986704653371318
BurlingtonVT,Fraxinus pennsylvanica,103,0.09781576448243115,2,2,not sure,0,0
BurlingtonVT,Pinus strobus,84,0.07977207977207977,3,3,natural regeneration,82,0.0778727445394112
BurlingtonVT,Pinus strobus,84,0.07977207977207977,3,3,planted,1,9.496676163342829e-4
BurlingtonVT,Pinus strobus,84,0.07977207977207977,3,3,not sure,1,9.496676163342829e-4
BurlingtonVT,Quercus rubra,84,0.07977207977207977,3,4,natural regeneration,72,0.06837606837606837
BurlingtonVT,Quercus rubra,84,0.07977207977207977,3,4,planted,1,9.496676163342829e-4
BurlingtonVT,Quercus rubra,84,0.07977207977207977,3,4,not sure,11,0.010446343779677113
BurlingtonVT,Thuja occidentalis,79,0.07502374169040836,5,5,natural regeneration,57,0.05413105413105413
BurlingtonVT,Thuja occidentalis,79,0.07502374169040836,5,5,planted,10,0.009496676163342831
BurlingtonVT,Thuja occidentalis,79,0.07502374169040836,5,5,not sure,12,0.011396011396011397
BurlingtonVT,Acer saccharinum,66,0.06267806267806268,6,6,natural regeneration,61,0.057929724596391265
BurlingtonVT,Acer saccharinum,66,0.06267806267806268,6,6,planted,5,0.004748338081671416
BurlingtonVT,Acer saccharinum,66,0.06267806267806268,6,6,not sure,0,0
BurlingtonVT,Acer negundo,55,0.052231718898385564,7,7,natural regeneration,54,0.05128205128205128
BurlingtonVT,Acer negundo,55,0.052231718898385564,7,7,planted,1,9.496676163342829e-4
BurlingtonVT,Acer negundo,55,0.052231718898385564,7,7,not sure,0,0
BurlingtonVT,Populus deltoides,46,0.04368471035137702,8,8,natural regeneration,46,0.04368471035137702
BurlingtonVT,Populus deltoides,46,0.04368471035137702,8,8,planted,0,0
BurlingtonVT,Populus deltoides,46,0.04368471035137702,8,8,not sure,0,0
BurlingtonVT,Acer platanoides,43,0.04083570750237417,9,9,natural regeneration,28,0.026590693257359927
BurlingtonVT,Acer platanoides,43,0.04083570750237417,9,9,planted,9,0.008547008547008548
BurlingtonVT,Acer platanoides,43,0.04083570750237417,9,9,not sure,6,0.005698005698005698
BurlingtonVT,Acer saccharum,43,0.04083570750237417,9,10,natural regeneration,39,0.037037037037037035
BurlingtonVT,Acer saccharum,43,0.04083570750237417,9,10,planted,2,0.0018993352326685659
BurlingtonVT,Acer saccharum,43,0.04083570750237417,9,10,not sure,2,0.0018993352326685659
BurlingtonVT,Tsuga canadensis,37,0.03513770180436847,11,11,natural regeneration,34,0.032288698955365625
BurlingtonVT,Tsuga canadensis,37,0.03513770180436847,11,11,planted,0,0
BurlingtonVT,Tsuga canadensis,37,0.03513770180436847,11,11,not sure,3,0.0028490028490028487
BurlingtonVT,Populus tremuloides,36,0.03418803418803419,12,12,natural regeneration,35,0.03323836657169991
BurlingtonVT,Populus tremuloides,36,0.03418803418803419,12,12,planted,0,0
BurlingtonVT,Populus tremuloides,36,0.03418803418803419,12,12,not sure,1,9.49667616334283e-4
BurlingtonVT,Malus spp.,18,0.017094017094017096,13,13,natural regeneration,6,0.005698005698005698
BurlingtonVT,Malus spp.,18,0.017094017094017096,13,13,planted,10,0.009496676163342831
BurlingtonVT,Malus spp.,18,0.017094017094017096,13,13,not sure,2,0.001899335232668566
BurlingtonVT,Tilia americana,17,0.016144349477682812,14,14,natural regeneration,17,0.016144349477682812
BurlingtonVT,Tilia americana,17,0.016144349477682812,14,14,planted,0,0
BurlingtonVT,Tilia americana,17,0.016144349477682812,14,14,not sure,0,0
BurlingtonVT,Quercus velutina,16,0.015194681861348529,15,15,natural regeneration,15,0.014245014245014245
BurlingtonVT,Quercus velutina,16,0.015194681861348529,15,15,planted,0,0
BurlingtonVT,Quercus velutina,16,0.015194681861348529,15,15,not sure,1,9.49667616334283e-4
BurlingtonVT,Prunus serotina,14,0.013295346628679962,16,16,natural regeneration,13,0.01234567901234568
BurlingtonVT,Prunus serotina,14,0.013295346628679962,16,16,planted,1,9.496676163342829e-4
BurlingtonVT,Prunus serotina,14,0.013295346628679962,16,16,not sure,0,0
BurlingtonVT,Robinia pseudoacacia,14,0.013295346628679962,16,17,natural regeneration,12,0.011396011396011395
BurlingtonVT,Robinia pseudoacacia,14,0.013295346628679962,16,17,planted,0,0
BurlingtonVT,Robinia pseudoacacia,14,0.013295346628679962,16,17,not sure,2,0.0018993352326685659
BurlingtonVT,Ulmus americana,13,0.012345679012345678,18,18,natural regeneration,13,0.012345679012345678
BurlingtonVT,Ulmus americana,13,0.012345679012345678,18,18,planted,0,0
BurlingtonVT,Ulmus americana,13,0.012345679012345678,18,18,not sure,0,0
BurlingtonVT,Betula papyrifera,12,0.011396011396011397,19,19,natural regeneration,9,0.008547008547008548
BurlingtonVT,Betula papyrifera,12,0.011396011396011397,19,19,planted,2,0.001899335232668566
BurlingtonVT,Betula papyrifera,12,0.011396011396011397,19,19,not sure,1,9.49667616334283e-4
BurlingtonVT,Fraxinus americana,12,0.011396011396011397,19,20,natural regeneration,11,0.010446343779677113
BurlingtonVT,Fraxinus americana,12,0.011396011396011397,19,20,planted,0,0
BurlingtonVT,Fraxinus americana,12,0.011396011396011397,19,20,not sure,1,9.49667616334283e-4
BurlingtonVT,Rhamnus cathartica,11,0.010446343779677113,21,21,natural regeneration,11,0.010446343779677113
BurlingtonVT,Rhamnus cathartica,11,0.010446343779677113,21,21,planted,0,0
BurlingtonVT,Rhamnus cathartica,11,0.010446343779677113,21,21,not sure,0,0
BurlingtonVT,Betula populifolia,9,0.008547008547008548,22,22,natural regeneration,6,0.005698005698005698
BurlingtonVT,Betula populifolia,9,0.008547008547008548,22,22,planted,3,0.002849002849002849
BurlingtonVT,Betula populifolia,9,0.008547008547008548,22,22,not sure,0,0
BurlingtonVT,Fagus grandifolia,8,0.007597340930674264,23,23,natural regeneration,8,0.007597340930674264
BurlingtonVT,Fagus grandifolia,8,0.007597340930674264,23,23,planted,0,0
BurlingtonVT,Fagus grandifolia,8,0.007597340930674264,23,23,not sure,0,0
BurlingtonVT,Gleditsia triacanthos,8,0.007597340930674264,23,24,natural regeneration,0,0
BurlingtonVT,Gleditsia triacanthos,8,0.007597340930674264,23,24,planted,8,0.007597340930674264
BurlingtonVT,Gleditsia triacanthos,8,0.007597340930674264,23,24,not sure,0,0
BurlingtonVT,Ostrya virginiana,8,0.007597340930674264,23,25,natural regeneration,8,0.007597340930674264
BurlingtonVT,Ostrya virginiana,8,0.007597340930674264,23,25,planted,0,0
BurlingtonVT,Ostrya virginiana,8,0.007597340930674264,23,25,not sure,0,0
BurlingtonVT,Juglans cinerea,7,0.006647673314339981,26,26,natural regeneration,6,0.005698005698005697
BurlingtonVT,Juglans cinerea,7,0.006647673314339981,26,26,planted,0,0
BurlingtonVT,Juglans cinerea,7,0.006647673314339981,26,26,not sure,1,9.496676163342829e-4
BurlingtonVT,Populus grandidentata,7,0.006647673314339981,26,27,natural regeneration,7,0.006647673314339981
BurlingtonVT,Populus grandidentata,7,0.006647673314339981,26,27,planted,0,0
BurlingtonVT,Populus grandidentata,7,0.006647673314339981,26,27,not sure,0,0
BurlingtonVT,Quercus alba,7,0.006647673314339981,26,28,natural regeneration,7,0.006647673314339981
BurlingtonVT,Quercus alba,7,0.006647673314339981,26,28,planted,0,0
BurlingtonVT,Quercus alba,7,0.006647673314339981,26,28,not sure,0,0
BurlingtonVT,Celtis occidentalis,5,0.004748338081671415,29,29,natural regeneration,0,0
BurlingtonVT,Celtis occidentalis,5,0.004748338081671415,29,29,planted,5,0.004748338081671415
BurlingtonVT,Celtis occidentalis,5,0.004748338081671415,29,29,not sure,0,0
BurlingtonVT,Juglans nigra,5,0.004748338081671415,29,30,natural regeneration,5,0.004748338081671415
BurlingtonVT,Juglans nigra,5,0.004748338081671415,29,30,planted,0,0
BurlingtonVT,Juglans nigra,5,0.004748338081671415,29,30,not sure,0,0
BurlingtonVT,Salix nigra,5,0.004748338081671415,29,31,natural regeneration,5,0.004748338081671415
BurlingtonVT,Salix nigra,5,0.004748338081671415,29,31,planted,0,0
BurlingtonVT,Salix nigra,5,0.004748338081671415,29,31,not sure,0,0
BurlingtonVT,Tilia cordata,5,0.004748338081671415,29,32,natural regeneration,0,0
BurlingtonVT,Tilia cordata,5,0.004748338081671415,29,32,planted,5,0.004748338081671415
BurlingtonVT,Tilia cordata,5,0.004748338081671415,29,32,not sure,0,0
BurlingtonVT,Picea pungens,4,0.003798670465337132,33,33,natural regeneration,0,0
BurlingtonVT,Picea pungens,4,0.003798670465337132,33,33,planted,4,0.003798670465337132
BurlingtonVT,Picea pungens,4,0.003798670465337132,33,33,not sure,0,0
BurlingtonVT,Pyrus calleryana,4,0.003798670465337132,33,34,natural regeneration,3,0.002849002849002849
BurlingtonVT,Pyrus calleryana,4,0.003798670465337132,33,34,planted,1,9.49667616334283e-4
BurlingtonVT,Pyrus calleryana,4,0.003798670465337132,33,34,not sure,0,0
BurlingtonVT,Amelanchier spp.,3,0.002849002849002849,35,35,natural regeneration,2,0.001899335232668566
BurlingtonVT,Amelanchier spp.,3,0.002849002849002849,35,35,planted,0,0
BurlingtonVT,Amelanchier spp.,3,0.002849002849002849,35,35,not sure,1,9.49667616334283e-4
BurlingtonVT,Ginkgo biloba,3,0.002849002849002849,35,36,natural regeneration,0,0
BurlingtonVT,Ginkgo biloba,3,0.002849002849002849,35,36,planted,3,0.002849002849002849
BurlingtonVT,Ginkgo biloba,3,0.002849002849002849,35,36,not sure,0,0
BurlingtonVT,Juniperus virginiana,3,0.002849002849002849,35,37,natural regeneration,3,0.002849002849002849
BurlingtonVT,Juniperus virginiana,3,0.002849002849002849,35,37,planted,0,0
BurlingtonVT,Juniperus virginiana,3,0.002849002849002849,35,37,not sure,0,0
BurlingtonVT,Picea abies,3,0.002849002849002849,35,38,natural regeneration,0,0
BurlingtonVT,Picea abies,3,0.002849002849002849,35,38,planted,3,0.002849002849002849
BurlingtonVT,Picea abies,3,0.002849002849002849,35,38,not sure,0,0
BurlingtonVT,Syringa reticulata,3,0.002849002849002849,35,39,natural regeneration,0,0
BurlingtonVT,Syringa reticulata,3,0.002849002849002849,35,39,planted,3,0.002849002849002849
BurlingtonVT,Syringa reticulata,3,0.002849002849002849,35,39,not sure,0,0
BurlingtonVT,Ulmus thomasii,3,0.002849002849002849,35,40,natural regeneration,3,0.002849002849002849
BurlingtonVT,Ulmus thomasii,3,0.002849002849002849,35,40,planted,0,0
BurlingtonVT,Ulmus thomasii,3,0.002849002849002849,35,40,not sure,0,0
BurlingtonVT,Acer campestre,2,0.001899335232668566,41,41,natural regeneration,0,0
BurlingtonVT,Acer campestre,2,0.001899335232668566,41,41,planted,1,9.49667616334283e-4
BurlingtonVT,Acer campestre,2,0.001899335232668566,41,41,not sure,1,9.49667616334283e-4
BurlingtonVT,Betula alleghaniensis,2,0.001899335232668566,41,42,natural regeneration,2,0.001899335232668566
BurlingtonVT,Betula alleghaniensis,2,0.001899335232668566,41,42,planted,0,0
BurlingtonVT,Betula alleghaniensis,2,0.001899335232668566,41,42,not sure,0,0
BurlingtonVT,Betula nigra,2,0.001899335232668566,41,43,natural regeneration,0,0
BurlingtonVT,Betula nigra,2,0.001899335232668566,41,43,planted,2,0.001899335232668566
BurlingtonVT,Betula nigra,2,0.001899335232668566,41,43,not sure,0,0
BurlingtonVT,Carya ovata,2,0.001899335232668566,41,44,natural regeneration,2,0.001899335232668566
BurlingtonVT,Carya ovata,2,0.001899335232668566,41,44,planted,0,0
BurlingtonVT,Carya ovata,2,0.001899335232668566,41,44,not sure,0,0
BurlingtonVT,Fraxinus nigra,2,0.001899335232668566,41,45,natural regeneration,2,0.001899335232668566
BurlingtonVT,Fraxinus nigra,2,0.001899335232668566,41,45,planted,0,0
BurlingtonVT,Fraxinus nigra,2,0.001899335232668566,41,45,not sure,0,0
BurlingtonVT,Picea glauca,2,0.001899335232668566,41,46,natural regeneration,0,0
BurlingtonVT,Picea glauca,2,0.001899335232668566,41,46,planted,1,9.49667616334283e-4
BurlingtonVT,Picea glauca,2,0.001899335232668566,41,46,not sure,1,9.49667616334283e-4
BurlingtonVT,Pinus sylvestris,2,0.001899335232668566,41,47,natural regeneration,0,0
BurlingtonVT,Pinus sylvestris,2,0.001899335232668566,41,47,planted,2,0.001899335232668566
BurlingtonVT,Pinus sylvestris,2,0.001899335232668566,41,47,not sure,0,0
BurlingtonVT,Abies balsamea,1,9.49667616334283e-4,48,48,natural regeneration,0,0
BurlingtonVT,Abies balsamea,1,9.49667616334283e-4,48,48,planted,1,9.49667616334283e-4
BurlingtonVT,Abies balsamea,1,9.49667616334283e-4,48,48,not sure,0,0
BurlingtonVT,Acer tataricum,1,9.49667616334283e-4,48,49,natural regeneration,0,0
BurlingtonVT,Acer tataricum,1,9.49667616334283e-4,48,49,planted,0,0
BurlingtonVT,Acer tataricum,1,9.49667616334283e-4,48,49,not sure,1,9.49667616334283e-4
BurlingtonVT,Acer x freemanii,1,9.49667616334283e-4,48,50,natural regeneration,1,9.49667616334283e-4
BurlingtonVT,Acer x freemanii,1,9.49667616334283e-4,48,50,planted,0,0
BurlingtonVT,Acer x freemanii,1,9.49667616334283e-4,48,50,not sure,0,0
BurlingtonVT,Larix decidua,1,9.49667616334283e-4,48,51,natural regeneration,0,0
BurlingtonVT,Larix decidua,1,9.49667616334283e-4,48,51,planted,1,9.49667616334283e-4
BurlingtonVT,Larix decidua,1,9.49667616334283e-4,48,51,not sure,0,0
BurlingtonVT,Picea rubens,1,9.49667616334283e-4,48,52,natural regeneration,0,0
BurlingtonVT,Picea rubens,1,9.49667616334283e-4,48,52,planted,1,9.49667616334283e-4
BurlingtonVT,Picea rubens,1,9.49667616334283e-4,48,52,not sure,0,0
BurlingtonVT,Pinus nigra,1,9.49667616334283e-4,48,53,natural regeneration,0,0
BurlingtonVT,Pinus nigra,1,9.49667616334283e-4,48,53,planted,1,9.49667616334283e-4
BurlingtonVT,Pinus nigra,1,9.49667616334283e-4,48,53,not sure,0,0
BurlingtonVT,Populus balsamifera,1,9.49667616334283e-4,48,54,natural regeneration,1,9.49667616334283e-4
BurlingtonVT,Populus balsamifera,1,9.49667616334283e-4,48,54,planted,0,0
BurlingtonVT,Populus balsamifera,1,9.49667616334283e-4,48,54,not sure,0,0
BurlingtonVT,Prunus americana,1,9.49667616334283e-4,48,55,natural regeneration,0,0
BurlingtonVT,Prunus americana,1,9.49667616334283e-4,48,55,planted,1,9.49667616334283e-4
BurlingtonVT,Prunus americana,1,9.49667616334283e-4,48,55,not sure,0,0
BurlingtonVT,Salix x sepulcralis,1,9.49667616334283e-4,48,56,natural regeneration,1,9.49667616334283e-4
BurlingtonVT,Salix x sepulcralis,1,9.49667616334283e-4,48,56,planted,0,0
BurlingtonVT,Salix x sepulcralis,1,9.49667616334283e-4,48,56,not sure,0,0
BurlingtonVT,Ulmus pumila,1,9.49667616334283e-4,48,57,natural regeneration,1,9.49667616334283e-4
BurlingtonVT,Ulmus pumila,1,9.49667616334283e-4,48,57,planted,0,0
BurlingtonVT,Ulmus pumila,1,9.49667616334283e-4,48,57,not sure,0,0
BurlingtonVT,Ulmus rubra,1,9.49667616334283e-4,48,58,natural regeneration,1,9.49667616334283e-4
BurlingtonVT,Ulmus rubra,1,9.49667616334283e-4,48,58,planted,0,0
BurlingtonVT,Ulmus rubra,1,9.49667616334283e-4,48,58,not sure,0,0
ChicagoIL,Acer platanoides,39,0.14233576642335766,1,1,natural regeneration,0,0
ChicagoIL,Acer platanoides,39,0.14233576642335766,1,1,planted,39,0.14233576642335766
ChicagoIL,Acer platanoides,39,0.14233576642335766,1,1,not sure,0,0
ChicagoIL,Acer negundo,31,0.11313868613138686,2,2,natural regeneration,31,0.11313868613138686
ChicagoIL,Acer negundo,31,0.11313868613138686,2,2,planted,0,0
ChicagoIL,Acer negundo,31,0.11313868613138686,2,2,not sure,0,0
ChicagoIL,Acer saccharinum,29,0.10583941605839416,3,3,natural regeneration,1,0.0036496350364963502
ChicagoIL,Acer saccharinum,29,0.10583941605839416,3,3,planted,23,0.08394160583941605
ChicagoIL,Acer saccharinum,29,0.10583941605839416,3,3,not sure,5,0.018248175182481754
ChicagoIL,Gleditsia triacanthos,21,0.07664233576642336,4,4,natural regeneration,2,0.0072992700729927005
ChicagoIL,Gleditsia triacanthos,21,0.07664233576642336,4,4,planted,18,0.06569343065693431
ChicagoIL,Gleditsia triacanthos,21,0.07664233576642336,4,4,not sure,1,0.0036496350364963502
ChicagoIL,Fraxinus pennsylvanica,12,0.043795620437956206,5,5,natural regeneration,0,0
ChicagoIL,Fraxinus pennsylvanica,12,0.043795620437956206,5,5,planted,11,0.040145985401459854
ChicagoIL,Fraxinus pennsylvanica,12,0.043795620437956206,5,5,not sure,1,0.0036496350364963502
ChicagoIL,Ulmus pumila,12,0.043795620437956206,5,6,natural regeneration,8,0.029197080291970802
ChicagoIL,Ulmus pumila,12,0.043795620437956206,5,6,planted,4,0.014598540145985401
ChicagoIL,Ulmus pumila,12,0.043795620437956206,5,6,not sure,0,0
ChicagoIL,Prunus serotina,10,0.0364963503649635,7,7,natural regeneration,10,0.0364963503649635
ChicagoIL,Prunus serotina,10,0.0364963503649635,7,7,planted,0,0
ChicagoIL,Prunus serotina,10,0.0364963503649635,7,7,not sure,0,0
ChicagoIL,Populus deltoides,9,0.032846715328467155,8,8,natural regeneration,4,0.014598540145985401
ChicagoIL,Populus deltoides,9,0.032846715328467155,8,8,planted,0,0
ChicagoIL,Populus deltoides,9,0.032846715328467155,8,8,not sure,5,0.018248175182481754
ChicagoIL,Rhamnus cathartica,9,0.032846715328467155,8,9,natural regeneration,9,0.032846715328467155
ChicagoIL,Rhamnus cathartica,9,0.032846715328467155,8,9,planted,0,0
ChicagoIL,Rhamnus cathartica,9,0.032846715328467155,8,9,not sure,0,0
ChicagoIL,Morus alba,8,0.029197080291970802,10,10,natural regeneration,2,0.0072992700729927005
ChicagoIL,Morus alba,8,0.029197080291970802,10,10,planted,1,0.0036496350364963502
ChicagoIL,Morus alba,8,0.029197080291970802,10,10,not sure,5,0.01824817518248175
ChicagoIL,Tilia americana,8,0.029197080291970802,10,11,natural regeneration,1,0.0036496350364963502
ChicagoIL,Tilia americana,8,0.029197080291970802,10,11,planted,7,0.025547445255474453
ChicagoIL,Tilia americana,8,0.029197080291970802,10,11,not sure,0,0
ChicagoIL,Celtis occidentalis,7,0.025547445255474453,12,12,natural regeneration,2,0.0072992700729927005
ChicagoIL,Celtis occidentalis,7,0.025547445255474453,12,12,planted,4,0.014598540145985401
ChicagoIL,Celtis occidentalis,7,0.025547445255474453,12,12,not sure,1,0.0036496350364963502
ChicagoIL,Quercus velutina,7,0.025547445255474453,12,13,natural regeneration,7,0.025547445255474453
ChicagoIL,Quercus velutina,7,0.025547445255474453,12,13,planted,0,0
ChicagoIL,Quercus velutina,7,0.025547445255474453,12,13,not sure,0,0
ChicagoIL,Tilia cordata,7,0.025547445255474453,12,14,natural regeneration,0,0
ChicagoIL,Tilia cordata,7,0.025547445255474453,12,14,planted,7,0.025547445255474453
ChicagoIL,Tilia cordata,7,0.025547445255474453,12,14,not sure,0,0
ChicagoIL,Ailanthus altissima,5,0.01824817518248175,15,15,natural regeneration,5,0.01824817518248175
ChicagoIL,Ailanthus altissima,5,0.01824817518248175,15,15,planted,0,0
ChicagoIL,Ailanthus altissima,5,0.01824817518248175,15,15,not sure,0,0
ChicagoIL,Cercis canadensis,5,0.01824817518248175,15,16,natural regeneration,0,0
ChicagoIL,Cercis canadensis,5,0.01824817518248175,15,16,planted,5,0.01824817518248175
ChicagoIL,Cercis canadensis,5,0.01824817518248175,15,16,not sure,0,0
ChicagoIL,Ulmus rubra,5,0.01824817518248175,15,17,natural regeneration,1,0.0036496350364963502
ChicagoIL,Ulmus rubra,5,0.01824817518248175,15,17,planted,4,0.014598540145985401
ChicagoIL,Ulmus rubra,5,0.01824817518248175,15,17,not sure,0,0
ChicagoIL,Acer x freemanii,4,0.014598540145985401,18,18,natural regeneration,0,0
ChicagoIL,Acer x freemanii,4,0.014598540145985401,18,18,planted,4,0.014598540145985401
ChicagoIL,Acer x freemanii,4,0.014598540145985401,18,18,not sure,0,0
ChicagoIL,Fraxinus americana,3,0.010948905109489052,19,19,natural regeneration,0,0
ChicagoIL,Fraxinus americana,3,0.010948905109489052,19,19,planted,3,0.010948905109489052
ChicagoIL,Fraxinus americana,3,0.010948905109489052,19,19,not sure,0,0
ChicagoIL,Juniperus virginiana,3,0.010948905109489052,19,20,natural regeneration,0,0
ChicagoIL,Juniperus virginiana,3,0.010948905109489052,19,20,planted,3,0.010948905109489052
ChicagoIL,Juniperus virginiana,3,0.010948905109489052,19,20,not sure,0,0
ChicagoIL,Picea abies,3,0.010948905109489052,19,21,natural regeneration,0,0
ChicagoIL,Picea abies,3,0.010948905109489052,19,21,planted,3,0.010948905109489052
ChicagoIL,Picea abies,3,0.010948905109489052,19,21,not sure,0,0
ChicagoIL,Pinus strobus,3,0.010948905109489052,19,22,natural regeneration,1,0.0036496350364963502
ChicagoIL,Pinus strobus,3,0.010948905109489052,19,22,planted,1,0.0036496350364963502
ChicagoIL,Pinus strobus,3,0.010948905109489052,19,22,not sure,1,0.0036496350364963502
ChicagoIL,Pyrus calleryana,3,0.010948905109489052,19,23,natural regeneration,0,0
ChicagoIL,Pyrus calleryana,3,0.010948905109489052,19,23,planted,3,0.010948905109489052
ChicagoIL,Pyrus calleryana,3,0.010948905109489052,19,23,not sure,0,0
ChicagoIL,Quercus rubra,3,0.010948905109489052,19,24,natural regeneration,3,0.010948905109489052
ChicagoIL,Quercus rubra,3,0.010948905109489052,19,24,planted,0,0
ChicagoIL,Quercus rubra,3,0.010948905109489052,19,24,not sure,0,0
ChicagoIL,Ulmus americana,3,0.010948905109489052,19,25,natural regeneration,1,0.0036496350364963502
ChicagoIL,Ulmus americana,3,0.010948905109489052,19,25,planted,2,0.0072992700729927005
ChicagoIL,Ulmus americana,3,0.010948905109489052,19,25,not sure,0,0
ChicagoIL,Catalpa speciosa,2,0.0072992700729927005,26,26,natural regeneration,0,0
ChicagoIL,Catalpa speciosa,2,0.0072992700729927005,26,26,planted,1,0.0036496350364963502
ChicagoIL,Catalpa speciosa,2,0.0072992700729927005,26,26,not sure,1,0.0036496350364963502
ChicagoIL,Picea pungens,2,0.0072992700729927005,26,27,natural regeneration,0,0
ChicagoIL,Picea pungens,2,0.0072992700729927005,26,27,planted,2,0.0072992700729927005
ChicagoIL,Picea pungens,2,0.0072992700729927005,26,27,not sure,0,0
ChicagoIL,Quercus macrocarpa,2,0.0072992700729927005,26,28,natural regeneration,2,0.0072992700729927005
ChicagoIL,Quercus macrocarpa,2,0.0072992700729927005,26,28,planted,0,0
ChicagoIL,Quercus macrocarpa,2,0.0072992700729927005,26,28,not sure,0,0
ChicagoIL,Acer nigrum,1,0.0036496350364963502,29,29,natural regeneration,0,0
ChicagoIL,Acer nigrum,1,0.0036496350364963502,29,29,planted,1,0.0036496350364963502
ChicagoIL,Acer nigrum,1,0.0036496350364963502,29,29,not sure,0,0
ChicagoIL,Acer rubrum,1,0.0036496350364963502,29,30,natural regeneration,0,0
ChicagoIL,Acer rubrum,1,0.0036496350364963502,29,30,planted,1,0.0036496350364963502
ChicagoIL,Acer rubrum,1,0.0036496350364963502,29,30,not sure,0,0
ChicagoIL,Carya ovata,1,0.0036496350364963502,29,31,natural regeneration,1,0.0036496350364963502
ChicagoIL,Carya ovata,1,0.0036496350364963502,29,31,planted,0,0
ChicagoIL,Carya ovata,1,0.0036496350364963502,29,31,not sure,0,0
ChicagoIL,Cornus spp.,1,0.0036496350364963502,29,32,natural regeneration,0,0
ChicagoIL,Cornus spp.,1,0.0036496350364963502,29,32,planted,1,0.0036496350364963502
ChicagoIL,Cornus spp.,1,0.0036496350364963502,29,32,not sure,0,0
ChicagoIL,Corylus colurna,1,0.0036496350364963502,29,33,natural regeneration,0,0
ChicagoIL,Corylus colurna,1,0.0036496350364963502,29,33,planted,1,0.0036496350364963502
ChicagoIL,Corylus colurna,1,0.0036496350364963502,29,33,not sure,0,0
ChicagoIL,Crataegus spp.,1,0.0036496350364963502,29,34,natural regeneration,0,0
ChicagoIL,Crataegus spp.,1,0.0036496350364963502,29,34,planted,1,0.0036496350364963502
ChicagoIL,Crataegus spp.,1,0.0036496350364963502,29,34,not sure,0,0
ChicagoIL,Ginkgo biloba,1,0.0036496350364963502,29,35,natural regeneration,0,0
ChicagoIL,Ginkgo biloba,1,0.0036496350364963502,29,35,planted,1,0.0036496350364963502
ChicagoIL,Ginkgo biloba,1,0.0036496350364963502,29,35,not sure,0,0
ChicagoIL,Juglans nigra,1,0.0036496350364963502,29,36,natural regeneration,1,0.0036496350364963502
ChicagoIL,Juglans nigra,1,0.0036496350364963502,29,36,planted,0,0
ChicagoIL,Juglans nigra,1,0.0036496350364963502,29,36,not sure,0,0
ChicagoIL,Malus spp.,1,0.0036496350364963502,29,37,natural regeneration,0,0
ChicagoIL,Malus spp.,1,0.0036496350364963502,29,37,planted,1,0.0036496350364963502
ChicagoIL,Malus spp.,1,0.0036496350364963502,29,37,not sure,0,0
ChicagoIL,Morus rubra,1,0.0036496350364963502,29,38,natural regeneration,1,0.0036496350364963502
ChicagoIL,Morus rubra,1,0.0036496350364963502,29,38,planted,0,0
ChicagoIL,Morus rubra,1,0.0036496350364963502,29,38,not sure,0,0
ChicagoIL,Ostrya virginiana,1,0.0036496350364963502,29,39,natural regeneration,0,0
ChicagoIL,Ostrya virginiana,1,0.0036496350364963502,29,39,planted,1,0.0036496350364963502
ChicagoIL,Ostrya virginiana,1,0.0036496350364963502,29,39,not sure,0,0
ChicagoIL,Platanus hybrida,1,0.0036496350364963502,29,40,natural regeneration,0,0
ChicagoIL,Platanus hybrida,1,0.0036496350364963502,29,40,planted,1,0.0036496350364963502
ChicagoIL,Platanus hybrida,1,0.0036496350364963502,29,40,not sure,0,0
ChicagoIL,Populus alba,1,0.0036496350364963502,29,41,natural regeneration,0,0
ChicagoIL,Populus alba,1,0.0036496350364963502,29,41,planted,1,0.0036496350364963502
ChicagoIL,Populus alba,1,0.0036496350364963502,29,41,not sure,0,0
ChicagoIL,Prunus persica,1,0.0036496350364963502,29,42,natural regeneration,0,0
ChicagoIL,Prunus persica,1,0.0036496350364963502,29,42,planted,1,0.0036496350364963502
ChicagoIL,Prunus persica,1,0.0036496350364963502,29,42,not sure,0,0
ChicagoIL,Prunus x yedoensis,1,0.0036496350364963502,29,43,natural regeneration,0,0
ChicagoIL,Prunus x yedoensis,1,0.0036496350364963502,29,43,planted,1,0.0036496350364963502
ChicagoIL,Prunus x yedoensis,1,0.0036496350364963502,29,43,not sure,0,0
ChicagoIL,Quercus alba,1,0.0036496350364963502,29,44,natural regeneration,0,0
ChicagoIL,Quercus alba,1,0.0036496350364963502,29,44,planted,1,0.0036496350364963502
ChicagoIL,Quercus alba,1,0.0036496350364963502,29,44,not sure,0,0
ChicagoIL,Quercus palustris,1,0.0036496350364963502,29,45,natural regeneration,1,0.0036496350364963502
ChicagoIL,Quercus palustris,1,0.0036496350364963502,29,45,planted,0,0
ChicagoIL,Quercus palustris,1,0.0036496350364963502,29,45,not sure,0,0
ChicagoIL,Taxodium distichum,1,0.0036496350364963502,29,46,natural regeneration,0,0
ChicagoIL,Taxodium distichum,1,0.0036496350364963502,29,46,planted,1,0.0036496350364963502
ChicagoIL,Taxodium distichum,1,0.0036496350364963502,29,46,not sure,0,0
ChicagoIL,Ulmus parvifolia,1,0.0036496350364963502,29,47,natural regeneration,0,0
ChicagoIL,Ulmus parvifolia,1,0.0036496350364963502,29,47,planted,1,0.0036496350364963502
ChicagoIL,Ulmus parvifolia,1,0.0036496350364963502,29,47,not sure,0,0
ClevelandOH,Acer saccharinum,42,0.14334470989761092,1,1,natural regeneration,26,0.08873720136518772
ClevelandOH,Acer saccharinum,42,0.14334470989761092,1,1,planted,6,0.020477815699658702
ClevelandOH,Acer saccharinum,42,0.14334470989761092,1,1,not sure,10,0.0341296928327645
ClevelandOH,Morus alba,25,0.08532423208191127,2,2,natural regeneration,25,0.08532423208191127
ClevelandOH,Morus alba,25,0.08532423208191127,2,2,planted,0,0
ClevelandOH,Morus alba,25,0.08532423208191127,2,2,not sure,0,0
ClevelandOH,Acer rubrum,19,0.06484641638225255,3,3,natural regeneration,15,0.051194539249146756
ClevelandOH,Acer rubrum,19,0.06484641638225255,3,3,planted,4,0.0136518771331058
ClevelandOH,Acer rubrum,19,0.06484641638225255,3,3,not sure,0,0
ClevelandOH,Robinia pseudoacacia,19,0.06484641638225255,3,4,natural regeneration,19,0.06484641638225255
ClevelandOH,Robinia pseudoacacia,19,0.06484641638225255,3,4,planted,0,0
ClevelandOH,Robinia pseudoacacia,19,0.06484641638225255,3,4,not sure,0,0
ClevelandOH,Acer platanoides,18,0.06143344709897611,5,5,natural regeneration,10,0.034129692832764506
ClevelandOH,Acer platanoides,18,0.06143344709897611,5,5,planted,6,0.020477815699658702
ClevelandOH,Acer platanoides,18,0.06143344709897611,5,5,not sure,2,0.0068259385665529
ClevelandOH,Pyrus calleryana,12,0.040955631399317405,6,6,natural regeneration,0,0
ClevelandOH,Pyrus calleryana,12,0.040955631399317405,6,6,planted,12,0.040955631399317405
ClevelandOH,Pyrus calleryana,12,0.040955631399317405,6,6,not sure,0,0
ClevelandOH,Crataegus spp.,11,0.03754266211604096,7,7,natural regeneration,0,0
ClevelandOH,Crataegus spp.,11,0.03754266211604096,7,7,planted,11,0.03754266211604096
ClevelandOH,Crataegus spp.,11,0.03754266211604096,7,7,not sure,0,0
ClevelandOH,Picea pungens,10,0.034129692832764506,8,8,natural regeneration,2,0.006825938566552902
ClevelandOH,Picea pungens,10,0.034129692832764506,8,8,planted,8,0.027303754266211608
ClevelandOH,Picea pungens,10,0.034129692832764506,8,8,not sure,0,0
ClevelandOH,Juglans nigra,9,0.030716723549488054,9,9,natural regeneration,8,0.0273037542662116
ClevelandOH,Juglans nigra,9,0.030716723549488054,9,9,planted,0,0
ClevelandOH,Juglans nigra,9,0.030716723549488054,9,9,not sure,1,0.00341296928327645
ClevelandOH,Prunus serotina,9,0.030716723549488054,9,10,natural regeneration,9,0.030716723549488054
ClevelandOH,Prunus serotina,9,0.030716723549488054,9,10,planted,0,0
ClevelandOH,Prunus serotina,9,0.030716723549488054,9,10,not sure,0,0
ClevelandOH,Fraxinus pennsylvanica,8,0.027303754266211604,11,11,natural regeneration,2,0.006825938566552901
ClevelandOH,Fraxinus pennsylvanica,8,0.027303754266211604,11,11,planted,1,0.0034129692832764505
ClevelandOH,Fraxinus pennsylvanica,8,0.027303754266211604,11,11,not sure,5,0.017064846416382253
ClevelandOH,Salix nigra,8,0.027303754266211604,11,12,natural regeneration,8,0.027303754266211604
ClevelandOH,Salix nigra,8,0.027303754266211604,11,12,planted,0,0
ClevelandOH,Salix nigra,8,0.027303754266211604,11,12,not sure,0,0
ClevelandOH,Ulmus americana,8,0.027303754266211604,11,13,natural regeneration,8,0.027303754266211604
ClevelandOH,Ulmus americana,8,0.027303754266211604,11,13,planted,0,0
ClevelandOH,Ulmus americana,8,0.027303754266211604,11,13,not sure,0,0
ClevelandOH,Malus spp.,7,0.023890784982935155,14,14,natural regeneration,0,0
ClevelandOH,Malus spp.,7,0.023890784982935155,14,14,planted,7,0.023890784982935155
ClevelandOH,Malus spp.,7,0.023890784982935155,14,14,not sure,0,0
ClevelandOH,Fraxinus americana,6,0.020477815699658702,15,15,natural regeneration,5,0.017064846416382253
ClevelandOH,Fraxinus americana,6,0.020477815699658702,15,15,planted,1,0.00341296928327645
ClevelandOH,Fraxinus americana,6,0.020477815699658702,15,15,not sure,0,0
ClevelandOH,Quercus coccinea,5,0.017064846416382253,16,16,natural regeneration,5,0.017064846416382253
ClevelandOH,Quercus coccinea,5,0.017064846416382253,16,16,planted,0,0
ClevelandOH,Quercus coccinea,5,0.017064846416382253,16,16,not sure,0,0
ClevelandOH,Quercus palustris,5,0.017064846416382253,16,17,natural regeneration,3,0.010238907849829351
ClevelandOH,Quercus palustris,5,0.017064846416382253,16,17,planted,0,0
ClevelandOH,Quercus palustris,5,0.017064846416382253,16,17,not sure,2,0.006825938566552902
ClevelandOH,Tilia cordata,5,0.017064846416382253,16,18,natural regeneration,0,0
ClevelandOH,Tilia cordata,5,0.017064846416382253,16,18,planted,5,0.017064846416382253
ClevelandOH,Tilia cordata,5,0.017064846416382253,16,18,not sure,0,0
ClevelandOH,Catalpa speciosa,4,0.013651877133105802,19,19,natural regeneration,3,0.010238907849829351
ClevelandOH,Catalpa speciosa,4,0.013651877133105802,19,19,planted,1,0.0034129692832764505
ClevelandOH,Catalpa speciosa,4,0.013651877133105802,19,19,not sure,0,0
ClevelandOH,Ginkgo biloba,4,0.013651877133105802,19,20,natural regeneration,0,0
ClevelandOH,Ginkgo biloba,4,0.013651877133105802,19,20,planted,4,0.013651877133105802
ClevelandOH,Ginkgo biloba,4,0.013651877133105802,19,20,not sure,0,0
ClevelandOH,Gleditsia triacanthos,4,0.013651877133105802,19,21,natural regeneration,0,0
ClevelandOH,Gleditsia triacanthos,4,0.013651877133105802,19,21,planted,4,0.013651877133105802
ClevelandOH,Gleditsia triacanthos,4,0.013651877133105802,19,21,not sure,0,0
ClevelandOH,Morus rubra,4,0.013651877133105802,19,22,natural regeneration,4,0.013651877133105802
ClevelandOH,Morus rubra,4,0.013651877133105802,19,22,planted,0,0
ClevelandOH,Morus rubra,4,0.013651877133105802,19,22,not sure,0,0
ClevelandOH,Platanus occidentalis,4,0.013651877133105802,19,23,natural regeneration,0,0
ClevelandOH,Platanus occidentalis,4,0.013651877133105802,19,23,planted,3,0.010238907849829351
ClevelandOH,Platanus occidentalis,4,0.013651877133105802,19,23,not sure,1,0.0034129692832764505
ClevelandOH,Taxus cuspidata,4,0.013651877133105802,19,24,natural regeneration,0,0
ClevelandOH,Taxus cuspidata,4,0.013651877133105802,19,24,planted,4,0.013651877133105802
ClevelandOH,Taxus cuspidata,4,0.013651877133105802,19,24,not sure,0,0
ClevelandOH,Acer saccharum,3,0.010238907849829351,25,25,natural regeneration,3,0.010238907849829351
ClevelandOH,Acer saccharum,3,0.010238907849829351,25,25,planted,0,0
ClevelandOH,Acer saccharum,3,0.010238907849829351,25,25,not sure,0,0
ClevelandOH,Platanus hybrida,3,0.010238907849829351,25,26,natural regeneration,0,0
ClevelandOH,Platanus hybrida,3,0.010238907849829351,25,26,planted,3,0.010238907849829351
ClevelandOH,Platanus hybrida,3,0.010238907849829351,25,26,not sure,0,0
ClevelandOH,Acer campestre,2,0.006825938566552901,27,27,natural regeneration,0,0
ClevelandOH,Acer campestre,2,0.006825938566552901,27,27,planted,2,0.006825938566552901
ClevelandOH,Acer campestre,2,0.006825938566552901,27,27,not sure,0,0
ClevelandOH,Acer ginnala,2,0.006825938566552901,27,28,natural regeneration,0,0
ClevelandOH,Acer ginnala,2,0.006825938566552901,27,28,planted,2,0.006825938566552901
ClevelandOH,Acer ginnala,2,0.006825938566552901,27,28,not sure,0,0
ClevelandOH,Ailanthus altissima,2,0.006825938566552901,27,29,natural regeneration,2,0.006825938566552901
ClevelandOH,Ailanthus altissima,2,0.006825938566552901,27,29,planted,0,0
ClevelandOH,Ailanthus altissima,2,0.006825938566552901,27,29,not sure,0,0
ClevelandOH,Picea abies,2,0.006825938566552901,27,30,natural regeneration,1,0.0034129692832764505
ClevelandOH,Picea abies,2,0.006825938566552901,27,30,planted,1,0.0034129692832764505
ClevelandOH,Picea abies,2,0.006825938566552901,27,30,not sure,0,0
ClevelandOH,Populus deltoides,2,0.006825938566552901,27,31,natural regeneration,2,0.006825938566552901
ClevelandOH,Populus deltoides,2,0.006825938566552901,27,31,planted,0,0
ClevelandOH,Populus deltoides,2,0.006825938566552901,27,31,not sure,0,0
ClevelandOH,Prunus cerasus,2,0.006825938566552901,27,32,natural regeneration,0,0
ClevelandOH,Prunus cerasus,2,0.006825938566552901,27,32,planted,0,0
ClevelandOH,Prunus cerasus,2,0.006825938566552901,27,32,not sure,2,0.006825938566552901
ClevelandOH,Quercus robur,2,0.006825938566552901,27,33,natural regeneration,0,0
ClevelandOH,Quercus robur,2,0.006825938566552901,27,33,planted,2,0.006825938566552901
ClevelandOH,Quercus robur,2,0.006825938566552901,27,33,not sure,0,0
ClevelandOH,Quercus rubra,2,0.006825938566552901,27,34,natural regeneration,1,0.0034129692832764505
ClevelandOH,Quercus rubra,2,0.006825938566552901,27,34,planted,1,0.0034129692832764505
ClevelandOH,Quercus rubra,2,0.006825938566552901,27,34,not sure,0,0
ClevelandOH,Quercus velutina,2,0.006825938566552901,27,35,natural regeneration,2,0.006825938566552901
ClevelandOH,Quercus velutina,2,0.006825938566552901,27,35,planted,0,0
ClevelandOH,Quercus velutina,2,0.006825938566552901,27,35,not sure,0,0
ClevelandOH,Ulmus pumila,2,0.006825938566552901,27,36,natural regeneration,1,0.0034129692832764505
ClevelandOH,Ulmus pumila,2,0.006825938566552901,27,36,planted,0,0
ClevelandOH,Ulmus pumila,2,0.006825938566552901,27,36,not sure,1,0.0034129692832764505
ClevelandOH,Acer negundo,1,0.0034129692832764505,37,37,natural regeneration,1,0.0034129692832764505
ClevelandOH,Acer negundo,1,0.0034129692832764505,37,37,planted,0,0
ClevelandOH,Acer negundo,1,0.0034129692832764505,37,37,not sure,0,0
ClevelandOH,Aesculus glabra,1,0.0034129692832764505,37,38,natural regeneration,0,0
ClevelandOH,Aesculus glabra,1,0.0034129692832764505,37,38,planted,0,0
ClevelandOH,Aesculus glabra,1,0.0034129692832764505,37,38,not sure,1,0.0034129692832764505
ClevelandOH,Amelanchier laevis,1,0.0034129692832764505,37,39,natural regeneration,0,0
ClevelandOH,Amelanchier laevis,1,0.0034129692832764505,37,39,planted,1,0.0034129692832764505
ClevelandOH,Amelanchier laevis,1,0.0034129692832764505,37,39,not sure,0,0
ClevelandOH,Fagus grandifolia,1,0.0034129692832764505,37,40,natural regeneration,1,0.0034129692832764505
ClevelandOH,Fagus grandifolia,1,0.0034129692832764505,37,40,planted,0,0
ClevelandOH,Fagus grandifolia,1,0.0034129692832764505,37,40,not sure,0,0
ClevelandOH,Fraxinus spp.,1,0.0034129692832764505,37,41,natural regeneration,1,0.0034129692832764505
ClevelandOH,Fraxinus spp.,1,0.0034129692832764505,37,41,planted,0,0
ClevelandOH,Fraxinus spp.,1,0.0034129692832764505,37,41,not sure,0,0
ClevelandOH,Liriodendron tulipifera,1,0.0034129692832764505,37,42,natural regeneration,0,0
ClevelandOH,Liriodendron tulipifera,1,0.0034129692832764505,37,42,planted,1,0.0034129692832764505
ClevelandOH,Liriodendron tulipifera,1,0.0034129692832764505,37,42,not sure,0,0
ClevelandOH,Phellodendron amurense,1,0.0034129692832764505,37,43,natural regeneration,0,0
ClevelandOH,Phellodendron amurense,1,0.0034129692832764505,37,43,planted,1,0.0034129692832764505
ClevelandOH,Phellodendron amurense,1,0.0034129692832764505,37,43,not sure,0,0
ClevelandOH,Prunus avium,1,0.0034129692832764505,37,44,natural regeneration,1,0.0034129692832764505
ClevelandOH,Prunus avium,1,0.0034129692832764505,37,44,planted,0,0
ClevelandOH,Prunus avium,1,0.0034129692832764505,37,44,not sure,0,0
ClevelandOH,Prunus spp.,1,0.0034129692832764505,37,45,natural regeneration,0,0
ClevelandOH,Prunus spp.,1,0.0034129692832764505,37,45,planted,1,0.0034129692832764505
ClevelandOH,Prunus spp.,1,0.0034129692832764505,37,45,not sure,0,0
ClevelandOH,Prunus virginiana,1,0.0034129692832764505,37,46,natural regeneration,0,0
ClevelandOH,Prunus virginiana,1,0.0034129692832764505,37,46,planted,0,0
ClevelandOH,Prunus virginiana,1,0.0034129692832764505,37,46,not sure,1,0.0034129692832764505
ClevelandOH,Prunus x yedoensis,1,0.0034129692832764505,37,47,natural regeneration,0,0
ClevelandOH,Prunus x yedoensis,1,0.0034129692832764505,37,47,planted,1,0.0034129692832764505
ClevelandOH,Prunus x yedoensis,1,0.0034129692832764505,37,47,not sure,0,0
ClevelandOH,Quercus imbricaria,1,0.0034129692832764505,37,48,natural regeneration,0,0
ClevelandOH,Quercus imbricaria,1,0.0034129692832764505,37,48,planted,1,0.0034129692832764505
ClevelandOH,Quercus imbricaria,1,0.0034129692832764505,37,48,not sure,0,0
ClevelandOH,Quercus phellos,1,0.0034129692832764505,37,49,natural regeneration,0,0
ClevelandOH,Quercus phellos,1,0.0034129692832764505,37,49,planted,1,0.0034129692832764505
ClevelandOH,Quercus phellos,1,0.0034129692832764505,37,49,not sure,0,0
ClevelandOH,Syringa reticulata,1,0.0034129692832764505,37,50,natural regeneration,0,0
ClevelandOH,Syringa reticulata,1,0.0034129692832764505,37,50,planted,1,0.0034129692832764505
ClevelandOH,Syringa reticulata,1,0.0034129692832764505,37,50,not sure,0,0
ClevelandOH,Tilia americana,1,0.0034129692832764505,37,51,natural regeneration,1,0.0034129692832764505
ClevelandOH,Tilia americana,1,0.0034129692832764505,37,51,planted,0,0
ClevelandOH,Tilia americana,1,0.0034129692832764505,37,51,not sure,0,0
ClevelandOH,Ulmus rubra,1,0.0034129692832764505,37,52,natural regeneration,1,0.0034129692832764505
ClevelandOH,Ulmus rubra,1,0.0034129692832764505,37,52,planted,0,0
ClevelandOH,Ulmus rubra,1,0.0034129692832764505,37,52,not sure,0,0
ClevelandOH,Zelkova serrata,1,0.0034129692832764505,37,53,natural regeneration,0,0
ClevelandOH,Zelkova serrata,1,0.0034129692832764505,37,53,planted,1,0.0034129692832764505
ClevelandOH,Zelkova serrata,1,0.0034129692832764505,37,53,not sure,0,0
DesMoinesIA,Morus alba,63,0.10535117056856187,1,1,natural regeneration,59,0.09866220735785954
DesMoinesIA,Morus alba,63,0.10535117056856187,1,1,planted,1,0.0016722408026755853
DesMoinesIA,Morus alba,63,0.10535117056856187,1,1,not sure,3,0.005016722408026755
DesMoinesIA,Acer saccharinum,51,0.08528428093645485,2,2,natural regeneration,33,0.05518394648829432
DesMoinesIA,Acer saccharinum,51,0.08528428093645485,2,2,planted,11,0.01839464882943144
DesMoinesIA,Acer saccharinum,51,0.08528428093645485,2,2,not sure,7,0.011705685618729098
DesMoinesIA,Ulmus pumila,50,0.08361204013377926,3,3,natural regeneration,43,0.07190635451505016
DesMoinesIA,Ulmus pumila,50,0.08361204013377926,3,3,planted,0,0
DesMoinesIA,Ulmus pumila,50,0.08361204013377926,3,3,not sure,7,0.011705685618729098
DesMoinesIA,Acer negundo,33,0.05518394648829431,4,4,natural regeneration,32,0.05351170568561873
DesMoinesIA,Acer negundo,33,0.05518394648829431,4,4,planted,1,0.0016722408026755853
DesMoinesIA,Acer negundo,33,0.05518394648829431,4,4,not sure,0,0
DesMoinesIA,Celtis occidentalis,33,0.05518394648829431,4,5,natural regeneration,30,0.05016722408026755
DesMoinesIA,Celtis occidentalis,33,0.05518394648829431,4,5,planted,1,0.0016722408026755853
DesMoinesIA,Celtis occidentalis,33,0.05518394648829431,4,5,not sure,2,0.0033444816053511705
DesMoinesIA,Ulmus americana,31,0.051839464882943144,6,6,natural regeneration,30,0.05016722408026756
DesMoinesIA,Ulmus americana,31,0.051839464882943144,6,6,planted,1,0.0016722408026755853
DesMoinesIA,Ulmus americana,31,0.051839464882943144,6,6,not sure,0,0
DesMoinesIA,Morus rubra,30,0.05016722408026756,7,7,natural regeneration,30,0.05016722408026756
DesMoinesIA,Morus rubra,30,0.05016722408026756,7,7,planted,0,0
DesMoinesIA,Morus rubra,30,0.05016722408026756,7,7,not sure,0,0
DesMoinesIA,Pinus strobus,27,0.0451505016722408,8,8,natural regeneration,0,0
DesMoinesIA,Pinus strobus,27,0.0451505016722408,8,8,planted,20,0.033444816053511704
DesMoinesIA,Pinus strobus,27,0.0451505016722408,8,8,not sure,7,0.011705685618729096
DesMoinesIA,Juglans nigra,26,0.043478260869565216,9,9,natural regeneration,25,0.04180602006688963
DesMoinesIA,Juglans nigra,26,0.043478260869565216,9,9,planted,1,0.0016722408026755853
DesMoinesIA,Juglans nigra,26,0.043478260869565216,9,9,not sure,0,0
DesMoinesIA,Populus deltoides,26,0.043478260869565216,9,10,natural regeneration,26,0.043478260869565216
DesMoinesIA,Populus deltoides,26,0.043478260869565216,9,10,planted,0,0
DesMoinesIA,Populus deltoides,26,0.043478260869565216,9,10,not sure,0,0
DesMoinesIA,Fraxinus pennsylvanica,22,0.03678929765886288,11,11,natural regeneration,14,0.023411371237458196
DesMoinesIA,Fraxinus pennsylvanica,22,0.03678929765886288,11,11,planted,5,0.008361204013377926
DesMoinesIA,Fraxinus pennsylvanica,22,0.03678929765886288,11,11,not sure,3,0.005016722408026756
DesMoinesIA,Malus spp.,18,0.030100334448160536,12,12,natural regeneration,0,0
DesMoinesIA,Malus spp.,18,0.030100334448160536,12,12,planted,18,0.030100334448160536
DesMoinesIA,Malus spp.,18,0.030100334448160536,12,12,not sure,0,0
DesMoinesIA,Prunus serotina,15,0.02508361204013378,13,13,natural regeneration,15,0.02508361204013378
DesMoinesIA,Prunus serotina,15,0.02508361204013378,13,13,planted,0,0
DesMoinesIA,Prunus serotina,15,0.02508361204013378,13,13,not sure,0,0
DesMoinesIA,Robinia pseudoacacia,15,0.02508361204013378,13,14,natural regeneration,15,0.02508361204013378
DesMoinesIA,Robinia pseudoacacia,15,0.02508361204013378,13,14,planted,0,0
DesMoinesIA,Robinia pseudoacacia,15,0.02508361204013378,13,14,not sure,0,0
DesMoinesIA,Gleditsia triacanthos,14,0.023411371237458192,15,15,natural regeneration,8,0.01337792642140468
DesMoinesIA,Gleditsia triacanthos,14,0.023411371237458192,15,15,planted,6,0.01003344481605351
DesMoinesIA,Gleditsia triacanthos,14,0.023411371237458192,15,15,not sure,0,0
DesMoinesIA,Quercus rubra,14,0.023411371237458192,15,16,natural regeneration,9,0.015050167224080268
DesMoinesIA,Quercus rubra,14,0.023411371237458192,15,16,planted,5,0.008361204013377926
DesMoinesIA,Quercus rubra,14,0.023411371237458192,15,16,not sure,0,0
DesMoinesIA,Tilia americana,14,0.023411371237458192,15,17,natural regeneration,14,0.023411371237458192
DesMoinesIA,Tilia americana,14,0.023411371237458192,15,17,planted,0,0
DesMoinesIA,Tilia americana,14,0.023411371237458192,15,17,not sure,0,0
DesMoinesIA,Acer ginnala,10,0.016722408026755852,18,18,natural regeneration,0,0
DesMoinesIA,Acer ginnala,10,0.016722408026755852,18,18,planted,10,0.016722408026755852
DesMoinesIA,Acer ginnala,10,0.016722408026755852,18,18,not sure,0,0
DesMoinesIA,Quercus alba,8,0.013377926421404682,19,19,natural regeneration,6,0.010033444816053512
DesMoinesIA,Quercus alba,8,0.013377926421404682,19,19,planted,2,0.0033444816053511705
DesMoinesIA,Quercus alba,8,0.013377926421404682,19,19,not sure,0,0
DesMoinesIA,Quercus macrocarpa,7,0.011705685618729096,20,20,natural regeneration,6,0.01003344481605351
DesMoinesIA,Quercus macrocarpa,7,0.011705685618729096,20,20,planted,0,0
DesMoinesIA,Quercus macrocarpa,7,0.011705685618729096,20,20,not sure,1,0.001672240802675585
DesMoinesIA,Cercis canadensis,6,0.010033444816053512,21,21,natural regeneration,1,0.0016722408026755853
DesMoinesIA,Cercis canadensis,6,0.010033444816053512,21,21,planted,4,0.006688963210702341
DesMoinesIA,Cercis canadensis,6,0.010033444816053512,21,21,not sure,1,0.0016722408026755853
DesMoinesIA,Tsuga canadensis,6,0.010033444816053512,21,22,natural regeneration,0,0
DesMoinesIA,Tsuga canadensis,6,0.010033444816053512,21,22,planted,6,0.010033444816053512
DesMoinesIA,Tsuga canadensis,6,0.010033444816053512,21,22,not sure,0,0
DesMoinesIA,Carya ovata,5,0.008361204013377926,23,23,natural regeneration,4,0.006688963210702341
DesMoinesIA,Carya ovata,5,0.008361204013377926,23,23,planted,0,0
DesMoinesIA,Carya ovata,5,0.008361204013377926,23,23,not sure,1,0.0016722408026755853
DesMoinesIA,Acer platanoides,4,0.006688963210702341,24,24,natural regeneration,0,0
DesMoinesIA,Acer platanoides,4,0.006688963210702341,24,24,planted,4,0.006688963210702341
DesMoinesIA,Acer platanoides,4,0.006688963210702341,24,24,not sure,0,0
DesMoinesIA,Ailanthus altissima,4,0.006688963210702341,24,25,natural regeneration,4,0.006688963210702341
DesMoinesIA,Ailanthus altissima,4,0.006688963210702341,24,25,planted,0,0
DesMoinesIA,Ailanthus altissima,4,0.006688963210702341,24,25,not sure,0,0
DesMoinesIA,Betula nigra,4,0.006688963210702341,24,26,natural regeneration,0,0
DesMoinesIA,Betula nigra,4,0.006688963210702341,24,26,planted,4,0.006688963210702341
DesMoinesIA,Betula nigra,4,0.006688963210702341,24,26,not sure,0,0
DesMoinesIA,Juniperus virginiana,4,0.006688963210702341,24,27,natural regeneration,1,0.0016722408026755853
DesMoinesIA,Juniperus virginiana,4,0.006688963210702341,24,27,planted,2,0.0033444816053511705
DesMoinesIA,Juniperus virginiana,4,0.006688963210702341,24,27,not sure,1,0.0016722408026755853
DesMoinesIA,Salix nigra,4,0.006688963210702341,24,28,natural regeneration,2,0.0033444816053511705
DesMoinesIA,Salix nigra,4,0.006688963210702341,24,28,planted,2,0.0033444816053511705
DesMoinesIA,Salix nigra,4,0.006688963210702341,24,28,not sure,0,0
DesMoinesIA,Tilia cordata,4,0.006688963210702341,24,29,natural regeneration,0,0
DesMoinesIA,Tilia cordata,4,0.006688963210702341,24,29,planted,3,0.005016722408026756
DesMoinesIA,Tilia cordata,4,0.006688963210702341,24,29,not sure,1,0.0016722408026755853
DesMoinesIA,Acer rubrum,3,0.005016722408026756,30,30,natural regeneration,0,0
DesMoinesIA,Acer rubrum,3,0.005016722408026756,30,30,planted,3,0.005016722408026756
DesMoinesIA,Acer rubrum,3,0.005016722408026756,30,30,not sure,0,0
DesMoinesIA,Acer x freemanii,3,0.005016722408026756,30,31,natural regeneration,0,0
DesMoinesIA,Acer x freemanii,3,0.005016722408026756,30,31,planted,3,0.005016722408026756
DesMoinesIA,Acer x freemanii,3,0.005016722408026756,30,31,not sure,0,0
DesMoinesIA,Carya cordiformis,3,0.005016722408026756,30,32,natural regeneration,3,0.005016722408026756
DesMoinesIA,Carya cordiformis,3,0.005016722408026756,30,32,planted,0,0
DesMoinesIA,Carya cordiformis,3,0.005016722408026756,30,32,not sure,0,0
DesMoinesIA,Catalpa speciosa,3,0.005016722408026756,30,33,natural regeneration,2,0.0033444816053511705
DesMoinesIA,Catalpa speciosa,3,0.005016722408026756,30,33,planted,1,0.0016722408026755853
DesMoinesIA,Catalpa speciosa,3,0.005016722408026756,30,33,not sure,0,0
DesMoinesIA,Fraxinus americana,3,0.005016722408026756,30,34,natural regeneration,1,0.0016722408026755853
DesMoinesIA,Fraxinus americana,3,0.005016722408026756,30,34,planted,2,0.0033444816053511705
DesMoinesIA,Fraxinus americana,3,0.005016722408026756,30,34,not sure,0,0
DesMoinesIA,Picea glauca,3,0.005016722408026756,30,35,natural regeneration,0,0
DesMoinesIA,Picea glauca,3,0.005016722408026756,30,35,planted,3,0.005016722408026756
DesMoinesIA,Picea glauca,3,0.005016722408026756,30,35,not sure,0,0
DesMoinesIA,Pyrus calleryana,3,0.005016722408026756,30,36,natural regeneration,0,0
DesMoinesIA,Pyrus calleryana,3,0.005016722408026756,30,36,planted,3,0.005016722408026756
DesMoinesIA,Pyrus calleryana,3,0.005016722408026756,30,36,not sure,0,0
DesMoinesIA,Quercus palustris,3,0.005016722408026756,30,37,natural regeneration,0,0
DesMoinesIA,Quercus palustris,3,0.005016722408026756,30,37,planted,2,0.0033444816053511705
DesMoinesIA,Quercus palustris,3,0.005016722408026756,30,37,not sure,1,0.0016722408026755853
DesMoinesIA,Thuja occidentalis,3,0.005016722408026756,30,38,natural regeneration,0,0
DesMoinesIA,Thuja occidentalis,3,0.005016722408026756,30,38,planted,3,0.005016722408026756
DesMoinesIA,Thuja occidentalis,3,0.005016722408026756,30,38,not sure,0,0
DesMoinesIA,Diospyros kaki,2,0.0033444816053511705,39,39,natural regeneration,0,0
DesMoinesIA,Diospyros kaki,2,0.0033444816053511705,39,39,planted,2,0.0033444816053511705
DesMoinesIA,Diospyros kaki,2,0.0033444816053511705,39,39,not sure,0,0
DesMoinesIA,Ginkgo biloba,2,0.0033444816053511705,39,40,natural regeneration,0,0
DesMoinesIA,Ginkgo biloba,2,0.0033444816053511705,39,40,planted,2,0.0033444816053511705
DesMoinesIA,Ginkgo biloba,2,0.0033444816053511705,39,40,not sure,0,0
DesMoinesIA,Picea pungens,2,0.0033444816053511705,39,41,natural regeneration,0,0
DesMoinesIA,Picea pungens,2,0.0033444816053511705,39,41,planted,2,0.0033444816053511705
DesMoinesIA,Picea pungens,2,0.0033444816053511705,39,41,not sure,0,0
DesMoinesIA,Pinus resinosa,2,0.0033444816053511705,39,42,natural regeneration,0,0
DesMoinesIA,Pinus resinosa,2,0.0033444816053511705,39,42,planted,2,0.0033444816053511705
DesMoinesIA,Pinus resinosa,2,0.0033444816053511705,39,42,not sure,0,0
DesMoinesIA,Pyrus communis,2,0.0033444816053511705,39,43,natural regeneration,0,0
DesMoinesIA,Pyrus communis,2,0.0033444816053511705,39,43,planted,2,0.0033444816053511705
DesMoinesIA,Pyrus communis,2,0.0033444816053511705,39,43,not sure,0,0
DesMoinesIA,Quercus velutina,2,0.0033444816053511705,39,44,natural regeneration,2,0.0033444816053511705
DesMoinesIA,Quercus velutina,2,0.0033444816053511705,39,44,planted,0,0
DesMoinesIA,Quercus velutina,2,0.0033444816053511705,39,44,not sure,0,0
DesMoinesIA,Acer nigrum,1,0.0016722408026755853,45,45,natural regeneration,0,0
DesMoinesIA,Acer nigrum,1,0.0016722408026755853,45,45,planted,0,0
DesMoinesIA,Acer nigrum,1,0.0016722408026755853,45,45,not sure,1,0.0016722408026755853
DesMoinesIA,Acer saccharum,1,0.0016722408026755853,45,46,natural regeneration,0,0
DesMoinesIA,Acer saccharum,1,0.0016722408026755853,45,46,planted,0,0
DesMoinesIA,Acer saccharum,1,0.0016722408026755853,45,46,not sure,1,0.0016722408026755853
DesMoinesIA,Crataegus spp.,1,0.0016722408026755853,45,47,natural regeneration,1,0.0016722408026755853
DesMoinesIA,Crataegus spp.,1,0.0016722408026755853,45,47,planted,0,0
DesMoinesIA,Crataegus spp.,1,0.0016722408026755853,45,47,not sure,0,0
DesMoinesIA,Gymnocladus dioicus,1,0.0016722408026755853,45,48,natural regeneration,0,0
DesMoinesIA,Gymnocladus dioicus,1,0.0016722408026755853,45,48,planted,0,0
DesMoinesIA,Gymnocladus dioicus,1,0.0016722408026755853,45,48,not sure,1,0.0016722408026755853
DesMoinesIA,Malus floribunda,1,0.0016722408026755853,45,49,natural regeneration,0,0
DesMoinesIA,Malus floribunda,1,0.0016722408026755853,45,49,planted,1,0.0016722408026755853
DesMoinesIA,Malus floribunda,1,0.0016722408026755853,45,49,not sure,0,0
DesMoinesIA,Picea abies,1,0.0016722408026755853,45,50,natural regeneration,0,0
DesMoinesIA,Picea abies,1,0.0016722408026755853,45,50,planted,1,0.0016722408026755853
DesMoinesIA,Picea abies,1,0.0016722408026755853,45,50,not sure,0,0
DesMoinesIA,Platanus occidentalis,1,0.0016722408026755853,45,51,natural regeneration,1,0.0016722408026755853
DesMoinesIA,Platanus occidentalis,1,0.0016722408026755853,45,51,planted,0,0
DesMoinesIA,Platanus occidentalis,1,0.0016722408026755853,45,51,not sure,0,0
DesMoinesIA,Prunus spp.,1,0.0016722408026755853,45,52,natural regeneration,0,0
DesMoinesIA,Prunus spp.,1,0.0016722408026755853,45,52,planted,1,0.0016722408026755853
DesMoinesIA,Prunus spp.,1,0.0016722408026755853,45,52,not sure,0,0
DesMoinesIA,Pyrus spp.,1,0.0016722408026755853,45,53,natural regeneration,0,0
DesMoinesIA,Pyrus spp.,1,0.0016722408026755853,45,53,planted,1,0.0016722408026755853
DesMoinesIA,Pyrus spp.,1,0.0016722408026755853,45,53,not sure,0,0
DesMoinesIA,Quercus bicolor,1,0.0016722408026755853,45,54,natural regeneration,0,0
DesMoinesIA,Quercus bicolor,1,0.0016722408026755853,45,54,planted,1,0.0016722408026755853
DesMoinesIA,Quercus bicolor,1,0.0016722408026755853,45,54,not sure,0,0
DesMoinesIA,Ulmus rubra,1,0.0016722408026755853,45,55,natural regeneration,1,0.0016722408026755853
DesMoinesIA,Ulmus rubra,1,0.0016722408026755853,45,55,planted,0,0
DesMoinesIA,Ulmus rubra,1,0.0016722408026755853,45,55,not sure,0,0
DetroitMI,Morus rubra,38,0.09523809523809523,1,1,natural regeneration,27,0.06766917293233082
DetroitMI,Morus rubra,38,0.09523809523809523,1,1,planted,0,0
DetroitMI,Morus rubra,38,0.09523809523809523,1,1,not sure,11,0.02756892230576441
DetroitMI,Acer saccharinum,37,0.09273182957393483,2,2,natural regeneration,26,0.06516290726817042
DetroitMI,Acer saccharinum,37,0.09273182957393483,2,2,planted,8,0.020050125313283207
DetroitMI,Acer saccharinum,37,0.09273182957393483,2,2,not sure,3,0.007518796992481203
DetroitMI,Ulmus pumila,35,0.08771929824561403,3,3,natural regeneration,26,0.06516290726817042
DetroitMI,Ulmus pumila,35,0.08771929824561403,3,3,planted,1,0.002506265664160401
DetroitMI,Ulmus pumila,35,0.08771929824561403,3,3,not sure,8,0.020050125313283207
DetroitMI,Acer negundo,34,0.08521303258145363,4,4,natural regeneration,32,0.08020050125313283
DetroitMI,Acer negundo,34,0.08521303258145363,4,4,planted,0,0
DetroitMI,Acer negundo,34,0.08521303258145363,4,4,not sure,2,0.005012531328320802
DetroitMI,Morus alba,34,0.08521303258145363,4,5,natural regeneration,30,0.07518796992481203
DetroitMI,Morus alba,34,0.08521303258145363,4,5,planted,0,0
DetroitMI,Morus alba,34,0.08521303258145363,4,5,not sure,4,0.010025062656641603
DetroitMI,Ailanthus altissima,32,0.08020050125313283,6,6,natural regeneration,31,0.07769423558897243
DetroitMI,Ailanthus altissima,32,0.08020050125313283,6,6,planted,1,0.002506265664160401
DetroitMI,Ailanthus altissima,32,0.08020050125313283,6,6,not sure,0,0
DetroitMI,Ulmus americana,25,0.06265664160401002,7,7,natural regeneration,21,0.05263157894736842
DetroitMI,Ulmus americana,25,0.06265664160401002,7,7,planted,3,0.007518796992481203
DetroitMI,Ulmus americana,25,0.06265664160401002,7,7,not sure,1,0.002506265664160401
DetroitMI,Acer platanoides,20,0.05012531328320802,8,8,natural regeneration,1,0.002506265664160401
DetroitMI,Acer platanoides,20,0.05012531328320802,8,8,planted,18,0.045112781954887216
DetroitMI,Acer platanoides,20,0.05012531328320802,8,8,not sure,1,0.002506265664160401
DetroitMI,Gleditsia triacanthos,18,0.045112781954887216,9,9,natural regeneration,1,0.002506265664160401
DetroitMI,Gleditsia triacanthos,18,0.045112781954887216,9,9,planted,14,0.03508771929824561
DetroitMI,Gleditsia triacanthos,18,0.045112781954887216,9,9,not sure,3,0.007518796992481203
DetroitMI,Populus deltoides,16,0.040100250626566414,10,10,natural regeneration,15,0.03759398496240601
DetroitMI,Populus deltoides,16,0.040100250626566414,10,10,planted,0,0
DetroitMI,Populus deltoides,16,0.040100250626566414,10,10,not sure,1,0.002506265664160401
DetroitMI,Celtis occidentalis,13,0.03258145363408521,11,11,natural regeneration,11,0.02756892230576441
DetroitMI,Celtis occidentalis,13,0.03258145363408521,11,11,planted,1,0.002506265664160401
DetroitMI,Celtis occidentalis,13,0.03258145363408521,11,11,not sure,1,0.002506265664160401
DetroitMI,Picea pungens,8,0.020050125313283207,12,12,natural regeneration,0,0
DetroitMI,Picea pungens,8,0.020050125313283207,12,12,planted,8,0.020050125313283207
DetroitMI,Picea pungens,8,0.020050125313283207,12,12,not sure,0,0
DetroitMI,Malus spp.,7,0.017543859649122806,13,13,natural regeneration,1,0.002506265664160401
DetroitMI,Malus spp.,7,0.017543859649122806,13,13,planted,5,0.012531328320802004
DetroitMI,Malus spp.,7,0.017543859649122806,13,13,not sure,1,0.002506265664160401
DetroitMI,Ulmus rubra,7,0.017543859649122806,13,14,natural regeneration,4,0.010025062656641603
DetroitMI,Ulmus rubra,7,0.017543859649122806,13,14,planted,0,0
DetroitMI,Ulmus rubra,7,0.017543859649122806,13,14,not sure,3,0.007518796992481203
DetroitMI,Picea glauca,6,0.015037593984962405,15,15,natural regeneration,0,0
DetroitMI,Picea glauca,6,0.015037593984962405,15,15,planted,5,0.012531328320802004
DetroitMI,Picea glauca,6,0.015037593984962405,15,15,not sure,1,0.002506265664160401
DetroitMI,Juniperus virginiana,5,0.012531328320802004,16,16,natural regeneration,4,0.010025062656641603
DetroitMI,Juniperus virginiana,5,0.012531328320802004,16,16,planted,1,0.002506265664160401
DetroitMI,Juniperus virginiana,5,0.012531328320802004,16,16,not sure,0,0
DetroitMI,Acer saccharum,4,0.010025062656641603,17,17,natural regeneration,1,0.002506265664160401
DetroitMI,Acer saccharum,4,0.010025062656641603,17,17,planted,3,0.007518796992481203
DetroitMI,Acer saccharum,4,0.010025062656641603,17,17,not sure,0,0
DetroitMI,Juglans nigra,4,0.010025062656641603,17,18,natural regeneration,3,0.007518796992481203
DetroitMI,Juglans nigra,4,0.010025062656641603,17,18,planted,0,0
DetroitMI,Juglans nigra,4,0.010025062656641603,17,18,not sure,1,0.002506265664160401
DetroitMI,Pinus resinosa,4,0.010025062656641603,17,19,natural regeneration,0,0
DetroitMI,Pinus resinosa,4,0.010025062656641603,17,19,planted,4,0.010025062656641603
DetroitMI,Pinus resinosa,4,0.010025062656641603,17,19,not sure,0,0
DetroitMI,Quercus rubra,4,0.010025062656641603,17,20,natural regeneration,1,0.002506265664160401
DetroitMI,Quercus rubra,4,0.010025062656641603,17,20,planted,2,0.005012531328320802
DetroitMI,Quercus rubra,4,0.010025062656641603,17,20,not sure,1,0.002506265664160401
DetroitMI,Thuja occidentalis,4,0.010025062656641603,17,21,natural regeneration,1,0.002506265664160401
DetroitMI,Thuja occidentalis,4,0.010025062656641603,17,21,planted,3,0.007518796992481203
DetroitMI,Thuja occidentalis,4,0.010025062656641603,17,21,not sure,0,0
DetroitMI,Tilia americana,4,0.010025062656641603,17,22,natural regeneration,4,0.010025062656641603
DetroitMI,Tilia americana,4,0.010025062656641603,17,22,planted,0,0
DetroitMI,Tilia americana,4,0.010025062656641603,17,22,not sure,0,0
DetroitMI,Tilia cordata,4,0.010025062656641603,17,23,natural regeneration,0,0
DetroitMI,Tilia cordata,4,0.010025062656641603,17,23,planted,4,0.010025062656641603
DetroitMI,Tilia cordata,4,0.010025062656641603,17,23,not sure,0,0
DetroitMI,Prunus serotina,3,0.007518796992481203,24,24,natural regeneration,0,0
DetroitMI,Prunus serotina,3,0.007518796992481203,24,24,planted,2,0.005012531328320802
DetroitMI,Prunus serotina,3,0.007518796992481203,24,24,not sure,1,0.002506265664160401
DetroitMI,Betula papyrifera,2,0.005012531328320802,25,25,natural regeneration,0,0
DetroitMI,Betula papyrifera,2,0.005012531328320802,25,25,planted,2,0.005012531328320802
DetroitMI,Betula papyrifera,2,0.005012531328320802,25,25,not sure,0,0
DetroitMI,Carya ovata,2,0.005012531328320802,25,26,natural regeneration,2,0.005012531328320802
DetroitMI,Carya ovata,2,0.005012531328320802,25,26,planted,0,0
DetroitMI,Carya ovata,2,0.005012531328320802,25,26,not sure,0,0
DetroitMI,Catalpa speciosa,2,0.005012531328320802,25,27,natural regeneration,0,0
DetroitMI,Catalpa speciosa,2,0.005012531328320802,25,27,planted,2,0.005012531328320802
DetroitMI,Catalpa speciosa,2,0.005012531328320802,25,27,not sure,0,0
DetroitMI,Fraxinus pennsylvanica,2,0.005012531328320802,25,28,natural regeneration,2,0.005012531328320802
DetroitMI,Fraxinus pennsylvanica,2,0.005012531328320802,25,28,planted,0,0
DetroitMI,Fraxinus pennsylvanica,2,0.005012531328320802,25,28,not sure,0,0
DetroitMI,Picea abies,2,0.005012531328320802,25,29,natural regeneration,0,0
DetroitMI,Picea abies,2,0.005012531328320802,25,29,planted,2,0.005012531328320802
DetroitMI,Picea abies,2,0.005012531328320802,25,29,not sure,0,0
DetroitMI,Pinus nigra,2,0.005012531328320802,25,30,natural regeneration,0,0
DetroitMI,Pinus nigra,2,0.005012531328320802,25,30,planted,2,0.005012531328320802
DetroitMI,Pinus nigra,2,0.005012531328320802,25,30,not sure,0,0
DetroitMI,Platanus occidentalis,2,0.005012531328320802,25,31,natural regeneration,0,0
DetroitMI,Platanus occidentalis,2,0.005012531328320802,25,31,planted,2,0.005012531328320802
DetroitMI,Platanus occidentalis,2,0.005012531328320802,25,31,not sure,0,0
DetroitMI,Quercus bicolor,2,0.005012531328320802,25,32,natural regeneration,1,0.002506265664160401
DetroitMI,Quercus bicolor,2,0.005012531328320802,25,32,planted,1,0.002506265664160401
DetroitMI,Quercus bicolor,2,0.005012531328320802,25,32,not sure,0,0
DetroitMI,Salix x sepulcralis,2,0.005012531328320802,25,33,natural regeneration,0,0
DetroitMI,Salix x sepulcralis,2,0.005012531328320802,25,33,planted,2,0.005012531328320802
DetroitMI,Salix x sepulcralis,2,0.005012531328320802,25,33,not sure,0,0
DetroitMI,Acer rubrum,1,0.002506265664160401,34,34,natural regeneration,0,0
DetroitMI,Acer rubrum,1,0.002506265664160401,34,34,planted,1,0.002506265664160401
DetroitMI,Acer rubrum,1,0.002506265664160401,34,34,not sure,0,0
DetroitMI,Carya cordiformis,1,0.002506265664160401,34,35,natural regeneration,1,0.002506265664160401
DetroitMI,Carya cordiformis,1,0.002506265664160401,34,35,planted,0,0
DetroitMI,Carya cordiformis,1,0.002506265664160401,34,35,not sure,0,0
DetroitMI,Catalpa spp.,1,0.002506265664160401,34,36,natural regeneration,0,0
DetroitMI,Catalpa spp.,1,0.002506265664160401,34,36,planted,0,0
DetroitMI,Catalpa spp.,1,0.002506265664160401,34,36,not sure,1,0.002506265664160401
DetroitMI,Cornus florida,1,0.002506265664160401,34,37,natural regeneration,1,0.002506265664160401
DetroitMI,Cornus florida,1,0.002506265664160401,34,37,planted,0,0
DetroitMI,Cornus florida,1,0.002506265664160401,34,37,not sure,0,0
DetroitMI,Fraxinus americana,1,0.002506265664160401,34,38,natural regeneration,1,0.002506265664160401
DetroitMI,Fraxinus americana,1,0.002506265664160401,34,38,planted,0,0
DetroitMI,Fraxinus americana,1,0.002506265664160401,34,38,not sure,0,0
DetroitMI,Magnolia grandiflora,1,0.002506265664160401,34,39,natural regeneration,0,0
DetroitMI,Magnolia grandiflora,1,0.002506265664160401,34,39,planted,1,0.002506265664160401
DetroitMI,Magnolia grandiflora,1,0.002506265664160401,34,39,not sure,0,0
DetroitMI,Ostrya virginiana,1,0.002506265664160401,34,40,natural regeneration,1,0.002506265664160401
DetroitMI,Ostrya virginiana,1,0.002506265664160401,34,40,planted,0,0
DetroitMI,Ostrya virginiana,1,0.002506265664160401,34,40,not sure,0,0
DetroitMI,Pinus strobus,1,0.002506265664160401,34,41,natural regeneration,0,0
DetroitMI,Pinus strobus,1,0.002506265664160401,34,41,planted,1,0.002506265664160401
DetroitMI,Pinus strobus,1,0.002506265664160401,34,41,not sure,0,0
DetroitMI,Prunus americana,1,0.002506265664160401,34,42,natural regeneration,0,0
DetroitMI,Prunus americana,1,0.002506265664160401,34,42,planted,1,0.002506265664160401
DetroitMI,Prunus americana,1,0.002506265664160401,34,42,not sure,0,0
DetroitMI,Prunus avium,1,0.002506265664160401,34,43,natural regeneration,0,0
DetroitMI,Prunus avium,1,0.002506265664160401,34,43,planted,1,0.002506265664160401
DetroitMI,Prunus avium,1,0.002506265664160401,34,43,not sure,0,0
DetroitMI,Pseudotsuga menziesii,1,0.002506265664160401,34,44,natural regeneration,0,0
DetroitMI,Pseudotsuga menziesii,1,0.002506265664160401,34,44,planted,1,0.002506265664160401
DetroitMI,Pseudotsuga menziesii,1,0.002506265664160401,34,44,not sure,0,0
DetroitMI,Pyrus communis,1,0.002506265664160401,34,45,natural regeneration,0,0
DetroitMI,Pyrus communis,1,0.002506265664160401,34,45,planted,1,0.002506265664160401
DetroitMI,Pyrus communis,1,0.002506265664160401,34,45,not sure,0,0
DetroitMI,Quercus alba,1,0.002506265664160401,34,46,natural regeneration,0,0
DetroitMI,Quercus alba,1,0.002506265664160401,34,46,planted,1,0.002506265664160401
DetroitMI,Quercus alba,1,0.002506265664160401,34,46,not sure,0,0
DetroitMI,Quercus palustris,1,0.002506265664160401,34,47,natural regeneration,0,0
DetroitMI,Quercus palustris,1,0.002506265664160401,34,47,planted,1,0.002506265664160401
DetroitMI,Quercus palustris,1,0.002506265664160401,34,47,not sure,0,0
DetroitMI,Taxus cuspidata,1,0.002506265664160401,34,48,natural regeneration,0,0
DetroitMI,Taxus cuspidata,1,0.002506265664160401,34,48,planted,1,0.002506265664160401
DetroitMI,Taxus cuspidata,1,0.002506265664160401,34,48,not sure,0,0
FargoND,Fraxinus pennsylvanica,65,0.3282828282828283,1,1,natural regeneration,13,0.06565656565656566
FargoND,Fraxinus pennsylvanica,65,0.3282828282828283,1,1,planted,39,0.19696969696969696
FargoND,Fraxinus pennsylvanica,65,0.3282828282828283,1,1,not sure,13,0.06565656565656566
FargoND,Acer negundo,27,0.13636363636363635,2,2,natural regeneration,27,0.13636363636363635
FargoND,Acer negundo,27,0.13636363636363635,2,2,planted,0,0
FargoND,Acer negundo,27,0.13636363636363635,2,2,not sure,0,0
FargoND,Populus deltoides,14,0.0707070707070707,3,3,natural regeneration,1,0.00505050505050505
FargoND,Populus deltoides,14,0.0707070707070707,3,3,planted,12,0.0606060606060606
FargoND,Populus deltoides,14,0.0707070707070707,3,3,not sure,1,0.00505050505050505
FargoND,Ulmus americana,12,0.06060606060606061,4,4,natural regeneration,1,0.00505050505050505
FargoND,Ulmus americana,12,0.06060606060606061,4,4,planted,6,0.030303030303030304
FargoND,Ulmus americana,12,0.06060606060606061,4,4,not sure,5,0.025252525252525256
FargoND,Malus spp.,11,0.05555555555555555,5,5,natural regeneration,0,0
FargoND,Malus spp.,11,0.05555555555555555,5,5,planted,11,0.05555555555555555
FargoND,Malus spp.,11,0.05555555555555555,5,5,not sure,0,0
FargoND,Picea pungens,8,0.04040404040404041,6,6,natural regeneration,0,0
FargoND,Picea pungens,8,0.04040404040404041,6,6,planted,8,0.04040404040404041
FargoND,Picea pungens,8,0.04040404040404041,6,6,not sure,0,0
FargoND,Acer saccharinum,7,0.03535353535353535,7,7,natural regeneration,0,0
FargoND,Acer saccharinum,7,0.03535353535353535,7,7,planted,6,0.0303030303030303
FargoND,Acer saccharinum,7,0.03535353535353535,7,7,not sure,1,0.00505050505050505
FargoND,Picea glauca,7,0.03535353535353535,7,8,natural regeneration,0,0
FargoND,Picea glauca,7,0.03535353535353535,7,8,planted,7,0.03535353535353535
FargoND,Picea glauca,7,0.03535353535353535,7,8,not sure,0,0
FargoND,Pinus contorta,7,0.03535353535353535,7,9,natural regeneration,0,0
FargoND,Pinus contorta,7,0.03535353535353535,7,9,planted,7,0.03535353535353535
FargoND,Pinus contorta,7,0.03535353535353535,7,9,not sure,0,0
FargoND,Betula papyrifera,6,0.030303030303030304,10,10,natural regeneration,0,0
FargoND,Betula papyrifera,6,0.030303030303030304,10,10,planted,5,0.025252525252525256
FargoND,Betula papyrifera,6,0.030303030303030304,10,10,not sure,1,0.00505050505050505
FargoND,Tilia americana,4,0.020202020202020204,11,11,natural regeneration,0,0
FargoND,Tilia americana,4,0.020202020202020204,11,11,planted,4,0.020202020202020204
FargoND,Tilia americana,4,0.020202020202020204,11,11,not sure,0,0
FargoND,Ulmus pumila,4,0.020202020202020204,11,12,natural regeneration,2,0.010101010101010102
FargoND,Ulmus pumila,4,0.020202020202020204,11,12,planted,0,0
FargoND,Ulmus pumila,4,0.020202020202020204,11,12,not sure,2,0.010101010101010102
FargoND,Ulmus rubra,4,0.020202020202020204,11,13,natural regeneration,0,0
FargoND,Ulmus rubra,4,0.020202020202020204,11,13,planted,2,0.010101010101010102
FargoND,Ulmus rubra,4,0.020202020202020204,11,13,not sure,2,0.010101010101010102
FargoND,Acer platanoides,3,0.015151515151515152,14,14,natural regeneration,0,0
FargoND,Acer platanoides,3,0.015151515151515152,14,14,planted,3,0.015151515151515152
FargoND,Acer platanoides,3,0.015151515151515152,14,14,not sure,0,0
FargoND,Tilia cordata,3,0.015151515151515152,14,15,natural regeneration,0,0
FargoND,Tilia cordata,3,0.015151515151515152,14,15,planted,3,0.015151515151515152
FargoND,Tilia cordata,3,0.015151515151515152,14,15,not sure,0,0
FargoND,Celtis occidentalis,2,0.010101010101010102,16,16,natural regeneration,1,0.005050505050505051
FargoND,Celtis occidentalis,2,0.010101010101010102,16,16,planted,1,0.005050505050505051
FargoND,Celtis occidentalis,2,0.010101010101010102,16,16,not sure,0,0
FargoND,Quercus macrocarpa,2,0.010101010101010102,16,17,natural regeneration,0,0
FargoND,Quercus macrocarpa,2,0.010101010101010102,16,17,planted,2,0.010101010101010102
FargoND,Quercus macrocarpa,2,0.010101010101010102,16,17,not sure,0,0
FargoND,Salix alba,2,0.010101010101010102,16,18,natural regeneration,0,0
FargoND,Salix alba,2,0.010101010101010102,16,18,planted,2,0.010101010101010102
FargoND,Salix alba,2,0.010101010101010102,16,18,not sure,0,0
FargoND,Thuja occidentalis,2,0.010101010101010102,16,19,natural regeneration,0,0
FargoND,Thuja occidentalis,2,0.010101010101010102,16,19,planted,2,0.010101010101010102
FargoND,Thuja occidentalis,2,0.010101010101010102,16,19,not sure,0,0
FargoND,Acer x freemanii,1,0.005050505050505051,20,20,natural regeneration,0,0
FargoND,Acer x freemanii,1,0.005050505050505051,20,20,planted,1,0.005050505050505051
FargoND,Acer x freemanii,1,0.005050505050505051,20,20,not sure,0,0
FargoND,Aesculus glabra,1,0.005050505050505051,20,21,natural regeneration,0,0
FargoND,Aesculus glabra,1,0.005050505050505051,20,21,planted,1,0.005050505050505051
FargoND,Aesculus glabra,1,0.005050505050505051,20,21,not sure,0,0
FargoND,Fraxinus excelsior,1,0.005050505050505051,20,22,natural regeneration,0,0
FargoND,Fraxinus excelsior,1,0.005050505050505051,20,22,planted,1,0.005050505050505051
FargoND,Fraxinus excelsior,1,0.005050505050505051,20,22,not sure,0,0
FargoND,Fraxinus nigra,1,0.005050505050505051,20,23,natural regeneration,0,0
FargoND,Fraxinus nigra,1,0.005050505050505051,20,23,planted,1,0.005050505050505051
FargoND,Fraxinus nigra,1,0.005050505050505051,20,23,not sure,0,0
FargoND,Morus alba,1,0.005050505050505051,20,24,natural regeneration,1,0.005050505050505051
FargoND,Morus alba,1,0.005050505050505051,20,24,planted,0,0
FargoND,Morus alba,1,0.005050505050505051,20,24,not sure,0,0
FargoND,Pinus ponderosa,1,0.005050505050505051,20,25,natural regeneration,0,0
FargoND,Pinus ponderosa,1,0.005050505050505051,20,25,planted,1,0.005050505050505051
FargoND,Pinus ponderosa,1,0.005050505050505051,20,25,not sure,0,0
FargoND,Pyrus calleryana,1,0.005050505050505051,20,26,natural regeneration,0,0
FargoND,Pyrus calleryana,1,0.005050505050505051,20,26,planted,1,0.005050505050505051
FargoND,Pyrus calleryana,1,0.005050505050505051,20,26,not sure,0,0
FargoND,Syringa reticulata,1,0.005050505050505051,20,27,natural regeneration,0,0
FargoND,Syringa reticulata,1,0.005050505050505051,20,27,planted,1,0.005050505050505051
FargoND,Syringa reticulata,1,0.005050505050505051,20,27,not sure,0,0
HoustonTX,Triadica sebifera,144,0.17370325693606756,1,1,natural regeneration,132,0.15922798552472858
HoustonTX,Triadica sebifera,144,0.17370325693606756,1,1,planted,10,0.012062726176115804
HoustonTX,Triadica sebifera,144,0.17370325693606756,1,1,not sure,2,0.0024125452352231603
HoustonTX,Pinus taeda,82,0.09891435464414958,2,2,natural regeneration,75,0.09047044632086852
HoustonTX,Pinus taeda,82,0.09891435464414958,2,2,planted,6,0.00723763570566948
HoustonTX,Pinus taeda,82,0.09891435464414958,2,2,not sure,1,0.0012062726176115804
HoustonTX,Quercus nigra,82,0.09891435464414958,2,3,natural regeneration,66,0.0796139927623643
HoustonTX,Quercus nigra,82,0.09891435464414958,2,3,planted,8,0.009650180940892643
HoustonTX,Quercus nigra,82,0.09891435464414958,2,3,not sure,8,0.009650180940892643
HoustonTX,Fraxinus pennsylvanica,63,0.07599517490952955,4,4,natural regeneration,61,0.07358262967430639
HoustonTX,Fraxinus pennsylvanica,63,0.07599517490952955,4,4,planted,2,0.0024125452352231603
HoustonTX,Fraxinus pennsylvanica,63,0.07599517490952955,4,4,not sure,0,0
HoustonTX,Quercus virginiana,54,0.06513872135102533,5,5,natural regeneration,9,0.01085645355850422
HoustonTX,Quercus virginiana,54,0.06513872135102533,5,5,planted,41,0.04945717732207479
HoustonTX,Quercus virginiana,54,0.06513872135102533,5,5,not sure,4,0.0048250904704463205
HoustonTX,Celtis laevigata,52,0.06272617611580217,6,6,natural regeneration,44,0.053075995174909525
HoustonTX,Celtis laevigata,52,0.06272617611580217,6,6,planted,4,0.0048250904704463205
HoustonTX,Celtis laevigata,52,0.06272617611580217,6,6,not sure,4,0.0048250904704463205
HoustonTX,Liquidambar styraciflua,52,0.06272617611580217,6,7,natural regeneration,51,0.06151990349819059
HoustonTX,Liquidambar styraciflua,52,0.06272617611580217,6,7,planted,0,0
HoustonTX,Liquidambar styraciflua,52,0.06272617611580217,6,7,not sure,1,0.0012062726176115801
HoustonTX,Ulmus americana,33,0.039806996381182146,8,8,natural regeneration,28,0.033775633293124246
HoustonTX,Ulmus americana,33,0.039806996381182146,8,8,planted,3,0.0036188178528347406
HoustonTX,Ulmus americana,33,0.039806996381182146,8,8,not sure,2,0.0024125452352231603
HoustonTX,Lagerstroemia indica,29,0.03498190591073583,9,9,natural regeneration,1,0.0012062726176115804
HoustonTX,Lagerstroemia indica,29,0.03498190591073583,9,9,planted,28,0.033775633293124246
HoustonTX,Lagerstroemia indica,29,0.03498190591073583,9,9,not sure,0,0
HoustonTX,Quercus phellos,25,0.030156815440289506,10,10,natural regeneration,22,0.026537997587454766
HoustonTX,Quercus phellos,25,0.030156815440289506,10,10,planted,3,0.0036188178528347406
HoustonTX,Quercus phellos,25,0.030156815440289506,10,10,not sure,0,0
HoustonTX,Ulmus alata,21,0.025331724969843185,11,11,natural regeneration,21,0.025331724969843185
HoustonTX,Ulmus alata,21,0.025331724969843185,11,11,planted,0,0
HoustonTX,Ulmus alata,21,0.025331724969843185,11,11,not sure,0,0
HoustonTX,Salix nigra,19,0.022919179734620022,12,12,natural regeneration,19,0.022919179734620022
HoustonTX,Salix nigra,19,0.022919179734620022,12,12,planted,0,0
HoustonTX,Salix nigra,19,0.022919179734620022,12,12,not sure,0,0
HoustonTX,Carya illinoinensis,16,0.019300361881785282,13,13,natural regeneration,4,0.0048250904704463205
HoustonTX,Carya illinoinensis,16,0.019300361881785282,13,13,planted,9,0.01085645355850422
HoustonTX,Carya illinoinensis,16,0.019300361881785282,13,13,not sure,3,0.00361881785283474
HoustonTX,Quercus stellata,15,0.018094089264173704,14,14,natural regeneration,10,0.012062726176115802
HoustonTX,Quercus stellata,15,0.018094089264173704,14,14,planted,0,0
HoustonTX,Quercus stellata,15,0.018094089264173704,14,14,not sure,5,0.006031363088057901
HoustonTX,Acer negundo,14,0.016887816646562123,15,15,natural regeneration,13,0.015681544028950542
HoustonTX,Acer negundo,14,0.016887816646562123,15,15,planted,1,0.0012062726176115801
HoustonTX,Acer negundo,14,0.016887816646562123,15,15,not sure,0,0
HoustonTX,Melia azedarach,14,0.016887816646562123,15,16,natural regeneration,13,0.015681544028950542
HoustonTX,Melia azedarach,14,0.016887816646562123,15,16,planted,1,0.0012062726176115801
HoustonTX,Melia azedarach,14,0.016887816646562123,15,16,not sure,0,0
HoustonTX,Ligustrum japonicum,11,0.013268998793727383,17,17,natural regeneration,11,0.013268998793727383
HoustonTX,Ligustrum japonicum,11,0.013268998793727383,17,17,planted,0,0
HoustonTX,Ligustrum japonicum,11,0.013268998793727383,17,17,not sure,0,0
HoustonTX,Ulmus parvifolia,10,0.012062726176115802,18,18,natural regeneration,6,0.00723763570566948
HoustonTX,Ulmus parvifolia,10,0.012062726176115802,18,18,planted,4,0.004825090470446321
HoustonTX,Ulmus parvifolia,10,0.012062726176115802,18,18,not sure,0,0
HoustonTX,Pyrus calleryana,7,0.008443908323281062,19,19,natural regeneration,0,0
HoustonTX,Pyrus calleryana,7,0.008443908323281062,19,19,planted,7,0.008443908323281062
HoustonTX,Pyrus calleryana,7,0.008443908323281062,19,19,not sure,0,0
HoustonTX,Juniperus virginiana,6,0.007237635705669481,20,20,natural regeneration,1,0.0012062726176115801
HoustonTX,Juniperus virginiana,6,0.007237635705669481,20,20,planted,5,0.006031363088057901
HoustonTX,Juniperus virginiana,6,0.007237635705669481,20,20,not sure,0,0
HoustonTX,Ligustrum lucidum,6,0.007237635705669481,20,21,natural regeneration,2,0.0024125452352231603
HoustonTX,Ligustrum lucidum,6,0.007237635705669481,20,21,planted,4,0.0048250904704463205
HoustonTX,Ligustrum lucidum,6,0.007237635705669481,20,21,not sure,0,0
HoustonTX,Platanus occidentalis,6,0.007237635705669481,20,22,natural regeneration,3,0.0036188178528347406
HoustonTX,Platanus occidentalis,6,0.007237635705669481,20,22,planted,2,0.0024125452352231603
HoustonTX,Platanus occidentalis,6,0.007237635705669481,20,22,not sure,1,0.0012062726176115801
HoustonTX,Washingtonia robusta,5,0.006031363088057901,23,23,natural regeneration,0,0
HoustonTX,Washingtonia robusta,5,0.006031363088057901,23,23,planted,5,0.006031363088057901
HoustonTX,Washingtonia robusta,5,0.006031363088057901,23,23,not sure,0,0
HoustonTX,Carpinus caroliniana,4,0.0048250904704463205,24,24,natural regeneration,4,0.0048250904704463205
HoustonTX,Carpinus caroliniana,4,0.0048250904704463205,24,24,planted,0,0
HoustonTX,Carpinus caroliniana,4,0.0048250904704463205,24,24,not sure,0,0
HoustonTX,Magnolia grandiflora,4,0.0048250904704463205,24,25,natural regeneration,1,0.0012062726176115801
HoustonTX,Magnolia grandiflora,4,0.0048250904704463205,24,25,planted,1,0.0012062726176115801
HoustonTX,Magnolia grandiflora,4,0.0048250904704463205,24,25,not sure,2,0.0024125452352231603
HoustonTX,Ulmus crassifolia,4,0.0048250904704463205,24,26,natural regeneration,2,0.0024125452352231603
HoustonTX,Ulmus crassifolia,4,0.0048250904704463205,24,26,planted,2,0.0024125452352231603
HoustonTX,Ulmus crassifolia,4,0.0048250904704463205,24,26,not sure,0,0
HoustonTX,Carya aquatica,3,0.0036188178528347406,27,27,natural regeneration,3,0.0036188178528347406
HoustonTX,Carya aquatica,3,0.0036188178528347406,27,27,planted,0,0
HoustonTX,Carya aquatica,3,0.0036188178528347406,27,27,not sure,0,0
HoustonTX,Koelreuteria bipinnata,3,0.0036188178528347406,27,28,natural regeneration,1,0.0012062726176115801
HoustonTX,Koelreuteria bipinnata,3,0.0036188178528347406,27,28,planted,2,0.0024125452352231603
HoustonTX,Koelreuteria bipinnata,3,0.0036188178528347406,27,28,not sure,0,0
HoustonTX,Morus rubra,3,0.0036188178528347406,27,29,natural regeneration,3,0.0036188178528347406
HoustonTX,Morus rubra,3,0.0036188178528347406,27,29,planted,0,0
HoustonTX,Morus rubra,3,0.0036188178528347406,27,29,not sure,0,0
HoustonTX,Quercus pagoda,3,0.0036188178528347406,27,30,natural regeneration,3,0.0036188178528347406
HoustonTX,Quercus pagoda,3,0.0036188178528347406,27,30,planted,0,0
HoustonTX,Quercus pagoda,3,0.0036188178528347406,27,30,not sure,0,0
HoustonTX,Sabal mexicana,3,0.0036188178528347406,27,31,natural regeneration,0,0
HoustonTX,Sabal mexicana,3,0.0036188178528347406,27,31,planted,3,0.0036188178528347406
HoustonTX,Sabal mexicana,3,0.0036188178528347406,27,31,not sure,0,0
HoustonTX,Diospyros virginiana,2,0.0024125452352231603,32,32,natural regeneration,2,0.0024125452352231603
HoustonTX,Diospyros virginiana,2,0.0024125452352231603,32,32,planted,0,0
HoustonTX,Diospyros virginiana,2,0.0024125452352231603,32,32,not sure,0,0
HoustonTX,Fraxinus americana,2,0.0024125452352231603,32,33,natural regeneration,1,0.0012062726176115801
HoustonTX,Fraxinus americana,2,0.0024125452352231603,32,33,planted,0,0
HoustonTX,Fraxinus americana,2,0.0024125452352231603,32,33,not sure,1,0.0012062726176115801
HoustonTX,Fraxinus berlandieriana,2,0.0024125452352231603,32,34,natural regeneration,2,0.0024125452352231603
HoustonTX,Fraxinus berlandieriana,2,0.0024125452352231603,32,34,planted,0,0
HoustonTX,Fraxinus berlandieriana,2,0.0024125452352231603,32,34,not sure,0,0
HoustonTX,Populus deltoides,2,0.0024125452352231603,32,35,natural regeneration,0,0
HoustonTX,Populus deltoides,2,0.0024125452352231603,32,35,planted,0,0
HoustonTX,Populus deltoides,2,0.0024125452352231603,32,35,not sure,2,0.0024125452352231603
HoustonTX,Prosopis glandulosa,2,0.0024125452352231603,32,36,natural regeneration,2,0.0024125452352231603
HoustonTX,Prosopis glandulosa,2,0.0024125452352231603,32,36,planted,0,0
HoustonTX,Prosopis glandulosa,2,0.0024125452352231603,32,36,not sure,0,0
HoustonTX,Prunus laurocerasus,2,0.0024125452352231603,32,37,natural regeneration,0,0
HoustonTX,Prunus laurocerasus,2,0.0024125452352231603,32,37,planted,0,0
HoustonTX,Prunus laurocerasus,2,0.0024125452352231603,32,37,not sure,2,0.0024125452352231603
HoustonTX,Quercus alba,2,0.0024125452352231603,32,38,natural regeneration,2,0.0024125452352231603
HoustonTX,Quercus alba,2,0.0024125452352231603,32,38,planted,0,0
HoustonTX,Quercus alba,2,0.0024125452352231603,32,38,not sure,0,0
HoustonTX,Quercus falcata,2,0.0024125452352231603,32,39,natural regeneration,1,0.0012062726176115801
HoustonTX,Quercus falcata,2,0.0024125452352231603,32,39,planted,1,0.0012062726176115801
HoustonTX,Quercus falcata,2,0.0024125452352231603,32,39,not sure,0,0
HoustonTX,Ulmus rubra,2,0.0024125452352231603,32,40,natural regeneration,2,0.0024125452352231603
HoustonTX,Ulmus rubra,2,0.0024125452352231603,32,40,planted,0,0
HoustonTX,Ulmus rubra,2,0.0024125452352231603,32,40,not sure,0,0
HoustonTX,Acacia farnesiana,1,0.0012062726176115801,41,41,natural regeneration,0,0
HoustonTX,Acacia farnesiana,1,0.0012062726176115801,41,41,planted,1,0.0012062726176115801
HoustonTX,Acacia farnesiana,1,0.0012062726176115801,41,41,not sure,0,0
HoustonTX,Chionanthus retusus,1,0.0012062726176115801,41,42,natural regeneration,0,0
HoustonTX,Chionanthus retusus,1,0.0012062726176115801,41,42,planted,1,0.0012062726176115801
HoustonTX,Chionanthus retusus,1,0.0012062726176115801,41,42,not sure,0,0
HoustonTX,Crataegus spp.,1,0.0012062726176115801,41,43,natural regeneration,1,0.0012062726176115801
HoustonTX,Crataegus spp.,1,0.0012062726176115801,41,43,planted,0,0
HoustonTX,Crataegus spp.,1,0.0012062726176115801,41,43,not sure,0,0
HoustonTX,Eriobotrya japonica,1,0.0012062726176115801,41,44,natural regeneration,0,0
HoustonTX,Eriobotrya japonica,1,0.0012062726176115801,41,44,planted,1,0.0012062726176115801
HoustonTX,Eriobotrya japonica,1,0.0012062726176115801,41,44,not sure,0,0
HoustonTX,Fraxinus velutina,1,0.0012062726176115801,41,45,natural regeneration,1,0.0012062726176115801
HoustonTX,Fraxinus velutina,1,0.0012062726176115801,41,45,planted,0,0
HoustonTX,Fraxinus velutina,1,0.0012062726176115801,41,45,not sure,0,0
HoustonTX,Gleditsia triacanthos,1,0.0012062726176115801,41,46,natural regeneration,0,0
HoustonTX,Gleditsia triacanthos,1,0.0012062726176115801,41,46,planted,1,0.0012062726176115801
HoustonTX,Gleditsia triacanthos,1,0.0012062726176115801,41,46,not sure,0,0
HoustonTX,Ilex opaca,1,0.0012062726176115801,41,47,natural regeneration,1,0.0012062726176115801
HoustonTX,Ilex opaca,1,0.0012062726176115801,41,47,planted,0,0
HoustonTX,Ilex opaca,1,0.0012062726176115801,41,47,not sure,0,0
HoustonTX,Morus alba,1,0.0012062726176115801,41,48,natural regeneration,0,0
HoustonTX,Morus alba,1,0.0012062726176115801,41,48,planted,1,0.0012062726176115801
HoustonTX,Morus alba,1,0.0012062726176115801,41,48,not sure,0,0
HoustonTX,Phoenix dactylifera,1,0.0012062726176115801,41,49,natural regeneration,0,0
HoustonTX,Phoenix dactylifera,1,0.0012062726176115801,41,49,planted,1,0.0012062726176115801
HoustonTX,Phoenix dactylifera,1,0.0012062726176115801,41,49,not sure,0,0
HoustonTX,Pinus elliottii,1,0.0012062726176115801,41,50,natural regeneration,1,0.0012062726176115801
HoustonTX,Pinus elliottii,1,0.0012062726176115801,41,50,planted,0,0
HoustonTX,Pinus elliottii,1,0.0012062726176115801,41,50,not sure,0,0
HoustonTX,Platanus mexicana,1,0.0012062726176115801,41,51,natural regeneration,0,0
HoustonTX,Platanus mexicana,1,0.0012062726176115801,41,51,planted,1,0.0012062726176115801
HoustonTX,Platanus mexicana,1,0.0012062726176115801,41,51,not sure,0,0
HoustonTX,Poncirus trifoliata,1,0.0012062726176115801,41,52,natural regeneration,0,0
HoustonTX,Poncirus trifoliata,1,0.0012062726176115801,41,52,planted,1,0.0012062726176115801
HoustonTX,Poncirus trifoliata,1,0.0012062726176115801,41,52,not sure,0,0
HoustonTX,Prunus serotina,1,0.0012062726176115801,41,53,natural regeneration,1,0.0012062726176115801
HoustonTX,Prunus serotina,1,0.0012062726176115801,41,53,planted,0,0
HoustonTX,Prunus serotina,1,0.0012062726176115801,41,53,not sure,0,0
HoustonTX,Quercus laurifolia,1,0.0012062726176115801,41,54,natural regeneration,1,0.0012062726176115801
HoustonTX,Quercus laurifolia,1,0.0012062726176115801,41,54,planted,0,0
HoustonTX,Quercus laurifolia,1,0.0012062726176115801,41,54,not sure,0,0
HoustonTX,Quercus michauxii,1,0.0012062726176115801,41,55,natural regeneration,0,0
HoustonTX,Quercus michauxii,1,0.0012062726176115801,41,55,planted,1,0.0012062726176115801
HoustonTX,Quercus michauxii,1,0.0012062726176115801,41,55,not sure,0,0
HoustonTX,Quercus shumardii,1,0.0012062726176115801,41,56,natural regeneration,0,0
HoustonTX,Quercus shumardii,1,0.0012062726176115801,41,56,planted,1,0.0012062726176115801
HoustonTX,Quercus shumardii,1,0.0012062726176115801,41,56,not sure,0,0
HoustonTX,Taxodium distichum,1,0.0012062726176115801,41,57,natural regeneration,1,0.0012062726176115801
HoustonTX,Taxodium distichum,1,0.0012062726176115801,41,57,planted,0,0
HoustonTX,Taxodium distichum,1,0.0012062726176115801,41,57,not sure,0,0
HoustonTX,Tilia americana var. caroliniana,1,0.0012062726176115801,41,58,natural regeneration,1,0.0012062726176115801
HoustonTX,Tilia americana var. caroliniana,1,0.0012062726176115801,41,58,planted,0,0
HoustonTX,Tilia americana var. caroliniana,1,0.0012062726176115801,41,58,not sure,0,0
KansasCityMO,Celtis occidentalis,119,0.12632696390658174,1,1,natural regeneration,115,0.12208067940552017
KansasCityMO,Celtis occidentalis,119,0.12632696390658174,1,1,planted,0,0
KansasCityMO,Celtis occidentalis,119,0.12632696390658174,1,1,not sure,4,0.004246284501061571
KansasCityMO,Juglans nigra,86,0.09129511677282377,2,2,natural regeneration,81,0.08598726114649681
KansasCityMO,Juglans nigra,86,0.09129511677282377,2,2,planted,2,0.0021231422505307855
KansasCityMO,Juglans nigra,86,0.09129511677282377,2,2,not sure,3,0.003184713375796178
KansasCityMO,Gleditsia triacanthos,81,0.08598726114649681,3,3,natural regeneration,80,0.08492569002123142
KansasCityMO,Gleditsia triacanthos,81,0.08598726114649681,3,3,planted,1,0.0010615711252653928
KansasCityMO,Gleditsia triacanthos,81,0.08598726114649681,3,3,not sure,0,0
KansasCityMO,Ulmus americana,80,0.08492569002123142,4,4,natural regeneration,77,0.08174097664543524
KansasCityMO,Ulmus americana,80,0.08492569002123142,4,4,planted,0,0
KansasCityMO,Ulmus americana,80,0.08492569002123142,4,4,not sure,3,0.003184713375796178
KansasCityMO,Juniperus virginiana,51,0.054140127388535034,5,5,natural regeneration,49,0.05201698513800425
KansasCityMO,Juniperus virginiana,51,0.054140127388535034,5,5,planted,2,0.0021231422505307855
KansasCityMO,Juniperus virginiana,51,0.054140127388535034,5,5,not sure,0,0
KansasCityMO,Maclura pomifera,51,0.054140127388535034,5,6,natural regeneration,51,0.054140127388535034
KansasCityMO,Maclura pomifera,51,0.054140127388535034,5,6,planted,0,0
KansasCityMO,Maclura pomifera,51,0.054140127388535034,5,6,not sure,0,0
KansasCityMO,Morus alba,41,0.0435244161358811,7,7,natural regeneration,37,0.03927813163481953
KansasCityMO,Morus alba,41,0.0435244161358811,7,7,planted,1,0.0010615711252653928
KansasCityMO,Morus alba,41,0.0435244161358811,7,7,not sure,3,0.003184713375796178
KansasCityMO,Quercus imbricaria,35,0.037154989384288746,8,8,natural regeneration,34,0.036093418259023353
KansasCityMO,Quercus imbricaria,35,0.037154989384288746,8,8,planted,1,0.0010615711252653928
KansasCityMO,Quercus imbricaria,35,0.037154989384288746,8,8,not sure,0,0
KansasCityMO,Populus deltoides,34,0.036093418259023353,9,9,natural regeneration,33,0.03503184713375796
KansasCityMO,Populus deltoides,34,0.036093418259023353,9,9,planted,0,0
KansasCityMO,Populus deltoides,34,0.036093418259023353,9,9,not sure,1,0.0010615711252653928
KansasCityMO,Robinia pseudoacacia,33,0.03503184713375796,10,10,natural regeneration,32,0.03397027600849257
KansasCityMO,Robinia pseudoacacia,33,0.03503184713375796,10,10,planted,0,0
KansasCityMO,Robinia pseudoacacia,33,0.03503184713375796,10,10,not sure,1,0.0010615711252653928
KansasCityMO,Prunus serotina,28,0.029723991507430998,11,11,natural regeneration,20,0.021231422505307858
KansasCityMO,Prunus serotina,28,0.029723991507430998,11,11,planted,2,0.0021231422505307855
KansasCityMO,Prunus serotina,28,0.029723991507430998,11,11,not sure,6,0.006369426751592356
KansasCityMO,Acer saccharinum,25,0.02653927813163482,12,12,natural regeneration,19,0.020169851380042465
KansasCityMO,Acer saccharinum,25,0.02653927813163482,12,12,planted,4,0.004246284501061571
KansasCityMO,Acer saccharinum,25,0.02653927813163482,12,12,not sure,2,0.0021231422505307855
KansasCityMO,Carya ovata,24,0.025477707006369428,13,13,natural regeneration,20,0.021231422505307858
KansasCityMO,Carya ovata,24,0.025477707006369428,13,13,planted,4,0.004246284501061571
KansasCityMO,Carya ovata,24,0.025477707006369428,13,13,not sure,0,0
KansasCityMO,Morus rubra,22,0.02335456475583864,14,14,natural regeneration,17,0.018046709129511677
KansasCityMO,Morus rubra,22,0.02335456475583864,14,14,planted,1,0.0010615711252653928
KansasCityMO,Morus rubra,22,0.02335456475583864,14,14,not sure,4,0.004246284501061571
KansasCityMO,Quercus muehlenbergii,22,0.02335456475583864,14,15,natural regeneration,20,0.021231422505307854
KansasCityMO,Quercus muehlenbergii,22,0.02335456475583864,14,15,planted,2,0.0021231422505307855
KansasCityMO,Quercus muehlenbergii,22,0.02335456475583864,14,15,not sure,0,0
KansasCityMO,Platanus occidentalis,20,0.021231422505307854,16,16,natural regeneration,19,0.020169851380042462
KansasCityMO,Platanus occidentalis,20,0.021231422505307854,16,16,planted,0,0
KansasCityMO,Platanus occidentalis,20,0.021231422505307854,16,16,not sure,1,0.0010615711252653928
KansasCityMO,Ulmus pumila,19,0.020169851380042462,17,17,natural regeneration,12,0.012738853503184712
KansasCityMO,Ulmus pumila,19,0.020169851380042462,17,17,planted,0,0
KansasCityMO,Ulmus pumila,19,0.020169851380042462,17,17,not sure,7,0.007430997876857749
KansasCityMO,Carya cordiformis,16,0.016985138004246284,18,18,natural regeneration,15,0.01592356687898089
KansasCityMO,Carya cordiformis,16,0.016985138004246284,18,18,planted,1,0.0010615711252653928
KansasCityMO,Carya cordiformis,16,0.016985138004246284,18,18,not sure,0,0
KansasCityMO,Acer negundo,15,0.01592356687898089,19,19,natural regeneration,13,0.013800424628450107
KansasCityMO,Acer negundo,15,0.01592356687898089,19,19,planted,2,0.0021231422505307855
KansasCityMO,Acer negundo,15,0.01592356687898089,19,19,not sure,0,0
KansasCityMO,Cercis canadensis,13,0.013800424628450107,20,20,natural regeneration,10,0.010615711252653929
KansasCityMO,Cercis canadensis,13,0.013800424628450107,20,20,planted,3,0.0031847133757961785
KansasCityMO,Cercis canadensis,13,0.013800424628450107,20,20,not sure,0,0
KansasCityMO,Fraxinus pennsylvanica,12,0.012738853503184714,21,21,natural regeneration,10,0.010615711252653929
KansasCityMO,Fraxinus pennsylvanica,12,0.012738853503184714,21,21,planted,2,0.0021231422505307855
KansasCityMO,Fraxinus pennsylvanica,12,0.012738853503184714,21,21,not sure,0,0
KansasCityMO,Fraxinus americana,10,0.010615711252653927,22,22,natural regeneration,8,0.008492569002123142
KansasCityMO,Fraxinus americana,10,0.010615711252653927,22,22,planted,2,0.0021231422505307855
KansasCityMO,Fraxinus americana,10,0.010615711252653927,22,22,not sure,0,0
KansasCityMO,Quercus macrocarpa,10,0.010615711252653927,22,23,natural regeneration,8,0.008492569002123142
KansasCityMO,Quercus macrocarpa,10,0.010615711252653927,22,23,planted,1,0.0010615711252653928
KansasCityMO,Quercus macrocarpa,10,0.010615711252653927,22,23,not sure,1,0.0010615711252653928
KansasCityMO,Quercus rubra,10,0.010615711252653927,22,24,natural regeneration,10,0.010615711252653927
KansasCityMO,Quercus rubra,10,0.010615711252653927,22,24,planted,0,0
KansasCityMO,Quercus rubra,10,0.010615711252653927,22,24,not sure,0,0
KansasCityMO,Quercus palustris,8,0.008492569002123142,25,25,natural regeneration,1,0.0010615711252653928
KansasCityMO,Quercus palustris,8,0.008492569002123142,25,25,planted,3,0.0031847133757961785
KansasCityMO,Quercus palustris,8,0.008492569002123142,25,25,not sure,4,0.004246284501061571
KansasCityMO,Quercus velutina,8,0.008492569002123142,25,26,natural regeneration,6,0.006369426751592357
KansasCityMO,Quercus velutina,8,0.008492569002123142,25,26,planted,2,0.0021231422505307855
KansasCityMO,Quercus velutina,8,0.008492569002123142,25,26,not sure,0,0
KansasCityMO,Tilia americana,8,0.008492569002123142,25,27,natural regeneration,7,0.0074309978768577496
KansasCityMO,Tilia americana,8,0.008492569002123142,25,27,planted,1,0.0010615711252653928
KansasCityMO,Tilia americana,8,0.008492569002123142,25,27,not sure,0,0
KansasCityMO,Acer x freemanii,6,0.006369426751592357,28,28,natural regeneration,1,0.0010615711252653928
KansasCityMO,Acer x freemanii,6,0.006369426751592357,28,28,planted,5,0.0053078556263269645
KansasCityMO,Acer x freemanii,6,0.006369426751592357,28,28,not sure,0,0
KansasCityMO,Pyrus calleryana,6,0.006369426751592357,28,29,natural regeneration,2,0.0021231422505307855
KansasCityMO,Pyrus calleryana,6,0.006369426751592357,28,29,planted,4,0.004246284501061571
KansasCityMO,Pyrus calleryana,6,0.006369426751592357,28,29,not sure,0,0
KansasCityMO,Quercus shumardii,6,0.006369426751592357,28,30,natural regeneration,0,0
KansasCityMO,Quercus shumardii,6,0.006369426751592357,28,30,planted,6,0.006369426751592357
KansasCityMO,Quercus shumardii,6,0.006369426751592357,28,30,not sure,0,0
KansasCityMO,Acer rubrum,5,0.005307855626326964,31,31,natural regeneration,0,0
KansasCityMO,Acer rubrum,5,0.005307855626326964,31,31,planted,5,0.005307855626326964
KansasCityMO,Acer rubrum,5,0.005307855626326964,31,31,not sure,0,0
KansasCityMO,Salix nigra,5,0.005307855626326964,31,32,natural regeneration,4,0.004246284501061571
KansasCityMO,Salix nigra,5,0.005307855626326964,31,32,planted,0,0
KansasCityMO,Salix nigra,5,0.005307855626326964,31,32,not sure,1,0.0010615711252653928
KansasCityMO,Ostrya virginiana,3,0.0031847133757961785,33,33,natural regeneration,3,0.0031847133757961785
KansasCityMO,Ostrya virginiana,3,0.0031847133757961785,33,33,planted,0,0
KansasCityMO,Ostrya virginiana,3,0.0031847133757961785,33,33,not sure,0,0
KansasCityMO,Quercus stellata,3,0.0031847133757961785,33,34,natural regeneration,3,0.0031847133757961785
KansasCityMO,Quercus stellata,3,0.0031847133757961785,33,34,planted,0,0
KansasCityMO,Quercus stellata,3,0.0031847133757961785,33,34,not sure,0,0
KansasCityMO,Ulmus rubra,3,0.0031847133757961785,33,35,natural regeneration,3,0.0031847133757961785
KansasCityMO,Ulmus rubra,3,0.0031847133757961785,33,35,planted,0,0
KansasCityMO,Ulmus rubra,3,0.0031847133757961785,33,35,not sure,0,0
KansasCityMO,Acer platanoides,2,0.0021231422505307855,36,36,natural regeneration,0,0
KansasCityMO,Acer platanoides,2,0.0021231422505307855,36,36,planted,1,0.0010615711252653928
KansasCityMO,Acer platanoides,2,0.0021231422505307855,36,36,not sure,1,0.0010615711252653928
KansasCityMO,Ailanthus altissima,2,0.0021231422505307855,36,37,natural regeneration,2,0.0021231422505307855
KansasCityMO,Ailanthus altissima,2,0.0021231422505307855,36,37,planted,0,0
KansasCityMO,Ailanthus altissima,2,0.0021231422505307855,36,37,not sure,0,0
KansasCityMO,Catalpa speciosa,2,0.0021231422505307855,36,38,natural regeneration,1,0.0010615711252653928
KansasCityMO,Catalpa speciosa,2,0.0021231422505307855,36,38,planted,1,0.0010615711252653928
KansasCityMO,Catalpa speciosa,2,0.0021231422505307855,36,38,not sure,0,0
KansasCityMO,Gymnocladus dioicus,2,0.0021231422505307855,36,39,natural regeneration,2,0.0021231422505307855
KansasCityMO,Gymnocladus dioicus,2,0.0021231422505307855,36,39,planted,0,0
KansasCityMO,Gymnocladus dioicus,2,0.0021231422505307855,36,39,not sure,0,0
KansasCityMO,Picea pungens,2,0.0021231422505307855,36,40,natural regeneration,0,0
KansasCityMO,Picea pungens,2,0.0021231422505307855,36,40,planted,2,0.0021231422505307855
KansasCityMO,Picea pungens,2,0.0021231422505307855,36,40,not sure,0,0
KansasCityMO,Acer nigrum,1,0.0010615711252653928,41,41,natural regeneration,0,0
KansasCityMO,Acer nigrum,1,0.0010615711252653928,41,41,planted,1,0.0010615711252653928
KansasCityMO,Acer nigrum,1,0.0010615711252653928,41,41,not sure,0,0
KansasCityMO,Acer palmatum,1,0.0010615711252653928,41,42,natural regeneration,1,0.0010615711252653928
KansasCityMO,Acer palmatum,1,0.0010615711252653928,41,42,planted,0,0
KansasCityMO,Acer palmatum,1,0.0010615711252653928,41,42,not sure,0,0
KansasCityMO,Acer saccharum,1,0.0010615711252653928,41,43,natural regeneration,0,0
KansasCityMO,Acer saccharum,1,0.0010615711252653928,41,43,planted,1,0.0010615711252653928
KansasCityMO,Acer saccharum,1,0.0010615711252653928,41,43,not sure,0,0
KansasCityMO,Celtis laevigata,1,0.0010615711252653928,41,44,natural regeneration,1,0.0010615711252653928
KansasCityMO,Celtis laevigata,1,0.0010615711252653928,41,44,planted,0,0
KansasCityMO,Celtis laevigata,1,0.0010615711252653928,41,44,not sure,0,0
KansasCityMO,Cornus florida,1,0.0010615711252653928,41,45,natural regeneration,0,0
KansasCityMO,Cornus florida,1,0.0010615711252653928,41,45,planted,1,0.0010615711252653928
KansasCityMO,Cornus florida,1,0.0010615711252653928,41,45,not sure,0,0
KansasCityMO,Diospyros virginiana,1,0.0010615711252653928,41,46,natural regeneration,1,0.0010615711252653928
KansasCityMO,Diospyros virginiana,1,0.0010615711252653928,41,46,planted,0,0
KansasCityMO,Diospyros virginiana,1,0.0010615711252653928,41,46,not sure,0,0
KansasCityMO,Liquidambar styraciflua,1,0.0010615711252653928,41,47,natural regeneration,0,0
KansasCityMO,Liquidambar styraciflua,1,0.0010615711252653928,41,47,planted,0,0
KansasCityMO,Liquidambar styraciflua,1,0.0010615711252653928,41,47,not sure,1,0.0010615711252653928
KansasCityMO,Magnolia x soulangiana,1,0.0010615711252653928,41,48,natural regeneration,0,0
KansasCityMO,Magnolia x soulangiana,1,0.0010615711252653928,41,48,planted,1,0.0010615711252653928
KansasCityMO,Magnolia x soulangiana,1,0.0010615711252653928,41,48,not sure,0,0
KansasCityMO,Malus spp.,1,0.0010615711252653928,41,49,natural regeneration,0,0
KansasCityMO,Malus spp.,1,0.0010615711252653928,41,49,planted,1,0.0010615711252653928
KansasCityMO,Malus spp.,1,0.0010615711252653928,41,49,not sure,0,0
KansasCityMO,Pinus strobus,1,0.0010615711252653928,41,50,natural regeneration,0,0
KansasCityMO,Pinus strobus,1,0.0010615711252653928,41,50,planted,1,0.0010615711252653928
KansasCityMO,Pinus strobus,1,0.0010615711252653928,41,50,not sure,0,0
KansasCityMO,Pinus sylvestris,1,0.0010615711252653928,41,51,natural regeneration,0,0
KansasCityMO,Pinus sylvestris,1,0.0010615711252653928,41,51,planted,1,0.0010615711252653928
KansasCityMO,Pinus sylvestris,1,0.0010615711252653928,41,51,not sure,0,0
KansasCityMO,Prunus spp.,1,0.0010615711252653928,41,52,natural regeneration,0,0
KansasCityMO,Prunus spp.,1,0.0010615711252653928,41,52,planted,1,0.0010615711252653928
KansasCityMO,Prunus spp.,1,0.0010615711252653928,41,52,not sure,0,0
KansasCityMO,Quercus alba,1,0.0010615711252653928,41,53,natural regeneration,0,0
KansasCityMO,Quercus alba,1,0.0010615711252653928,41,53,planted,1,0.0010615711252653928
KansasCityMO,Quercus alba,1,0.0010615711252653928,41,53,not sure,0,0
KansasCityMO,Tilia cordata,1,0.0010615711252653928,41,54,natural regeneration,0,0
KansasCityMO,Tilia cordata,1,0.0010615711252653928,41,54,planted,1,0.0010615711252653928
KansasCityMO,Tilia cordata,1,0.0010615711252653928,41,54,not sure,0,0
LincolnNE,Fraxinus pennsylvanica,70,0.155902004454343,1,1,natural regeneration,48,0.10690423162583519
LincolnNE,Fraxinus pennsylvanica,70,0.155902004454343,1,1,planted,13,0.0289532293986637
LincolnNE,Fraxinus pennsylvanica,70,0.155902004454343,1,1,not sure,9,0.020044543429844096
LincolnNE,Ulmus pumila,33,0.07349665924276169,2,2,natural regeneration,30,0.06681514476614699
LincolnNE,Ulmus pumila,33,0.07349665924276169,2,2,planted,0,0
LincolnNE,Ulmus pumila,33,0.07349665924276169,2,2,not sure,3,0.0066815144766146995
LincolnNE,Populus deltoides,25,0.0556792873051225,3,3,natural regeneration,25,0.0556792873051225
LincolnNE,Populus deltoides,25,0.0556792873051225,3,3,planted,0,0
LincolnNE,Populus deltoides,25,0.0556792873051225,3,3,not sure,0,0
LincolnNE,Gleditsia triacanthos,24,0.053452115812917596,4,4,natural regeneration,15,0.0334075723830735
LincolnNE,Gleditsia triacanthos,24,0.053452115812917596,4,4,planted,8,0.017817371937639197
LincolnNE,Gleditsia triacanthos,24,0.053452115812917596,4,4,not sure,1,0.0022271714922048997
LincolnNE,Juniperus virginiana,23,0.051224944320712694,5,5,natural regeneration,14,0.031180400890868598
LincolnNE,Juniperus virginiana,23,0.051224944320712694,5,5,planted,9,0.0200445434298441
LincolnNE,Juniperus virginiana,23,0.051224944320712694,5,5,not sure,0,0
LincolnNE,Ulmus americana,23,0.051224944320712694,5,6,natural regeneration,23,0.051224944320712694
LincolnNE,Ulmus americana,23,0.051224944320712694,5,6,planted,0,0
LincolnNE,Ulmus americana,23,0.051224944320712694,5,6,not sure,0,0
LincolnNE,Celtis occidentalis,21,0.0467706013363029,7,7,natural regeneration,19,0.0423162583518931
LincolnNE,Celtis occidentalis,21,0.0467706013363029,7,7,planted,1,0.0022271714922048997
LincolnNE,Celtis occidentalis,21,0.0467706013363029,7,7,not sure,1,0.0022271714922048997
LincolnNE,Morus alba,18,0.0400890868596882,8,8,natural regeneration,16,0.035634743875278395
LincolnNE,Morus alba,18,0.0400890868596882,8,8,planted,0,0
LincolnNE,Morus alba,18,0.0400890868596882,8,8,not sure,2,0.004454342984409799
LincolnNE,Morus rubra,17,0.0378619153674833,9,9,natural regeneration,12,0.026726057906458798
LincolnNE,Morus rubra,17,0.0378619153674833,9,9,planted,1,0.0022271714922048997
LincolnNE,Morus rubra,17,0.0378619153674833,9,9,not sure,4,0.008908685968819599
LincolnNE,Acer negundo,16,0.035634743875278395,10,10,natural regeneration,16,0.035634743875278395
LincolnNE,Acer negundo,16,0.035634743875278395,10,10,planted,0,0
LincolnNE,Acer negundo,16,0.035634743875278395,10,10,not sure,0,0
LincolnNE,Acer platanoides,12,0.026726057906458798,11,11,natural regeneration,1,0.0022271714922048997
LincolnNE,Acer platanoides,12,0.026726057906458798,11,11,planted,11,0.024498886414253896
LincolnNE,Acer platanoides,12,0.026726057906458798,11,11,not sure,0,0
LincolnNE,Acer saccharinum,12,0.026726057906458798,11,12,natural regeneration,0,0
LincolnNE,Acer saccharinum,12,0.026726057906458798,11,12,planted,8,0.017817371937639197
LincolnNE,Acer saccharinum,12,0.026726057906458798,11,12,not sure,4,0.008908685968819599
LincolnNE,Pinus nigra,12,0.026726057906458798,11,13,natural regeneration,0,0
LincolnNE,Pinus nigra,12,0.026726057906458798,11,13,planted,12,0.026726057906458798
LincolnNE,Pinus nigra,12,0.026726057906458798,11,13,not sure,0,0
LincolnNE,Quercus palustris,12,0.026726057906458798,11,14,natural regeneration,0,0
LincolnNE,Quercus palustris,12,0.026726057906458798,11,14,planted,11,0.024498886414253896
LincolnNE,Quercus palustris,12,0.026726057906458798,11,14,not sure,1,0.0022271714922048997
LincolnNE,Picea pungens,11,0.024498886414253896,15,15,natural regeneration,0,0
LincolnNE,Picea pungens,11,0.024498886414253896,15,15,planted,11,0.024498886414253896
LincolnNE,Picea pungens,11,0.024498886414253896,15,15,not sure,0,0
LincolnNE,Pinus sylvestris,10,0.022271714922048998,16,16,natural regeneration,0,0
LincolnNE,Pinus sylvestris,10,0.022271714922048998,16,16,planted,10,0.022271714922048998
LincolnNE,Pinus sylvestris,10,0.022271714922048998,16,16,not sure,0,0
LincolnNE,Malus spp.,9,0.0200445434298441,17,17,natural regeneration,0,0
LincolnNE,Malus spp.,9,0.0200445434298441,17,17,planted,9,0.0200445434298441
LincolnNE,Malus spp.,9,0.0200445434298441,17,17,not sure,0,0
LincolnNE,Quercus rubra,9,0.0200445434298441,17,18,natural regeneration,0,0
LincolnNE,Quercus rubra,9,0.0200445434298441,17,18,planted,9,0.0200445434298441
LincolnNE,Quercus rubra,9,0.0200445434298441,17,18,not sure,0,0
LincolnNE,Acer rubrum,7,0.015590200445434299,19,19,natural regeneration,0,0
LincolnNE,Acer rubrum,7,0.015590200445434299,19,19,planted,7,0.015590200445434299
LincolnNE,Acer rubrum,7,0.015590200445434299,19,19,not sure,0,0
LincolnNE,Juglans nigra,7,0.015590200445434299,19,20,natural regeneration,7,0.015590200445434299
LincolnNE,Juglans nigra,7,0.015590200445434299,19,20,planted,0,0
LincolnNE,Juglans nigra,7,0.015590200445434299,19,20,not sure,0,0
LincolnNE,Salix nigra,7,0.015590200445434299,19,21,natural regeneration,7,0.015590200445434299
LincolnNE,Salix nigra,7,0.015590200445434299,19,21,planted,0,0
LincolnNE,Salix nigra,7,0.015590200445434299,19,21,not sure,0,0
LincolnNE,Pinus strobus,6,0.013363028953229399,22,22,natural regeneration,0,0
LincolnNE,Pinus strobus,6,0.013363028953229399,22,22,planted,6,0.013363028953229399
LincolnNE,Pinus strobus,6,0.013363028953229399,22,22,not sure,0,0
LincolnNE,Acer ginnala,5,0.011135857461024499,23,23,natural regeneration,0,0
LincolnNE,Acer ginnala,5,0.011135857461024499,23,23,planted,5,0.011135857461024499
LincolnNE,Acer ginnala,5,0.011135857461024499,23,23,not sure,0,0
LincolnNE,Betula nigra,5,0.011135857461024499,23,24,natural regeneration,0,0
LincolnNE,Betula nigra,5,0.011135857461024499,23,24,planted,5,0.011135857461024499
LincolnNE,Betula nigra,5,0.011135857461024499,23,24,not sure,0,0
LincolnNE,Platanus occidentalis,5,0.011135857461024499,23,25,natural regeneration,0,0
LincolnNE,Platanus occidentalis,5,0.011135857461024499,23,25,planted,4,0.008908685968819599
LincolnNE,Platanus occidentalis,5,0.011135857461024499,23,25,not sure,1,0.0022271714922048997
LincolnNE,Malus floribunda,4,0.008908685968819599,26,26,natural regeneration,0,0
LincolnNE,Malus floribunda,4,0.008908685968819599,26,26,planted,4,0.008908685968819599
LincolnNE,Malus floribunda,4,0.008908685968819599,26,26,not sure,0,0
LincolnNE,Tilia cordata,4,0.008908685968819599,26,27,natural regeneration,0,0
LincolnNE,Tilia cordata,4,0.008908685968819599,26,27,planted,4,0.008908685968819599
LincolnNE,Tilia cordata,4,0.008908685968819599,26,27,not sure,0,0
LincolnNE,Betula papyrifera,3,0.0066815144766146995,28,28,natural regeneration,0,0
LincolnNE,Betula papyrifera,3,0.0066815144766146995,28,28,planted,3,0.0066815144766146995
LincolnNE,Betula papyrifera,3,0.0066815144766146995,28,28,not sure,0,0
LincolnNE,Cercis canadensis,3,0.0066815144766146995,28,29,natural regeneration,0,0
LincolnNE,Cercis canadensis,3,0.0066815144766146995,28,29,planted,3,0.0066815144766146995
LincolnNE,Cercis canadensis,3,0.0066815144766146995,28,29,not sure,0,0
LincolnNE,Picea abies,3,0.0066815144766146995,28,30,natural regeneration,0,0
LincolnNE,Picea abies,3,0.0066815144766146995,28,30,planted,3,0.0066815144766146995
LincolnNE,Picea abies,3,0.0066815144766146995,28,30,not sure,0,0
LincolnNE,Pinus ponderosa,3,0.0066815144766146995,28,31,natural regeneration,0,0
LincolnNE,Pinus ponderosa,3,0.0066815144766146995,28,31,planted,3,0.0066815144766146995
LincolnNE,Pinus ponderosa,3,0.0066815144766146995,28,31,not sure,0,0
LincolnNE,Pyrus calleryana,3,0.0066815144766146995,28,32,natural regeneration,0,0
LincolnNE,Pyrus calleryana,3,0.0066815144766146995,28,32,planted,3,0.0066815144766146995
LincolnNE,Pyrus calleryana,3,0.0066815144766146995,28,32,not sure,0,0
LincolnNE,Quercus macrocarpa,3,0.0066815144766146995,28,33,natural regeneration,0,0
LincolnNE,Quercus macrocarpa,3,0.0066815144766146995,28,33,planted,3,0.0066815144766146995
LincolnNE,Quercus macrocarpa,3,0.0066815144766146995,28,33,not sure,0,0
LincolnNE,Thuja occidentalis,3,0.0066815144766146995,28,34,natural regeneration,0,0
LincolnNE,Thuja occidentalis,3,0.0066815144766146995,28,34,planted,3,0.0066815144766146995
LincolnNE,Thuja occidentalis,3,0.0066815144766146995,28,34,not sure,0,0
LincolnNE,Pinus resinosa,2,0.004454342984409799,35,35,natural regeneration,0,0
LincolnNE,Pinus resinosa,2,0.004454342984409799,35,35,planted,2,0.004454342984409799
LincolnNE,Pinus resinosa,2,0.004454342984409799,35,35,not sure,0,0
LincolnNE,Prunus serrulata,2,0.004454342984409799,35,36,natural regeneration,0,0
LincolnNE,Prunus serrulata,2,0.004454342984409799,35,36,planted,2,0.004454342984409799
LincolnNE,Prunus serrulata,2,0.004454342984409799,35,36,not sure,0,0
LincolnNE,Pseudotsuga menziesii,2,0.004454342984409799,35,37,natural regeneration,0,0
LincolnNE,Pseudotsuga menziesii,2,0.004454342984409799,35,37,planted,2,0.004454342984409799
LincolnNE,Pseudotsuga menziesii,2,0.004454342984409799,35,37,not sure,0,0
LincolnNE,Acer nigrum,1,0.0022271714922048997,38,38,natural regeneration,0,0
LincolnNE,Acer nigrum,1,0.0022271714922048997,38,38,planted,1,0.0022271714922048997
LincolnNE,Acer nigrum,1,0.0022271714922048997,38,38,not sure,0,0
LincolnNE,Acer saccharum,1,0.0022271714922048997,38,39,natural regeneration,0,0
LincolnNE,Acer saccharum,1,0.0022271714922048997,38,39,planted,1,0.0022271714922048997
LincolnNE,Acer saccharum,1,0.0022271714922048997,38,39,not sure,0,0
LincolnNE,Acer x freemanii,1,0.0022271714922048997,38,40,natural regeneration,0,0
LincolnNE,Acer x freemanii,1,0.0022271714922048997,38,40,planted,1,0.0022271714922048997
LincolnNE,Acer x freemanii,1,0.0022271714922048997,38,40,not sure,0,0
LincolnNE,Cladrastis kentukea,1,0.0022271714922048997,38,41,natural regeneration,0,0
LincolnNE,Cladrastis kentukea,1,0.0022271714922048997,38,41,planted,1,0.0022271714922048997
LincolnNE,Cladrastis kentukea,1,0.0022271714922048997,38,41,not sure,0,0
LincolnNE,Gymnocladus dioicus,1,0.0022271714922048997,38,42,natural regeneration,0,0
LincolnNE,Gymnocladus dioicus,1,0.0022271714922048997,38,42,planted,1,0.0022271714922048997
LincolnNE,Gymnocladus dioicus,1,0.0022271714922048997,38,42,not sure,0,0
LincolnNE,Juniperus scopulorum,1,0.0022271714922048997,38,43,natural regeneration,0,0
LincolnNE,Juniperus scopulorum,1,0.0022271714922048997,38,43,planted,1,0.0022271714922048997
LincolnNE,Juniperus scopulorum,1,0.0022271714922048997,38,43,not sure,0,0
LincolnNE,Koelreuteria paniculata,1,0.0022271714922048997,38,44,natural regeneration,0,0
LincolnNE,Koelreuteria paniculata,1,0.0022271714922048997,38,44,planted,1,0.0022271714922048997
LincolnNE,Koelreuteria paniculata,1,0.0022271714922048997,38,44,not sure,0,0
LincolnNE,Malus pumila,1,0.0022271714922048997,38,45,natural regeneration,0,0
LincolnNE,Malus pumila,1,0.0022271714922048997,38,45,planted,1,0.0022271714922048997
LincolnNE,Malus pumila,1,0.0022271714922048997,38,45,not sure,0,0
LincolnNE,Pinus palustris,1,0.0022271714922048997,38,46,natural regeneration,0,0
LincolnNE,Pinus palustris,1,0.0022271714922048997,38,46,planted,1,0.0022271714922048997
LincolnNE,Pinus palustris,1,0.0022271714922048997,38,46,not sure,0,0
LincolnNE,Populus spp.,1,0.0022271714922048997,38,47,natural regeneration,0,0
LincolnNE,Populus spp.,1,0.0022271714922048997,38,47,planted,1,0.0022271714922048997
LincolnNE,Populus spp.,1,0.0022271714922048997,38,47,not sure,0,0
LincolnNE,Populus tremuloides,1,0.0022271714922048997,38,48,natural regeneration,0,0
LincolnNE,Populus tremuloides,1,0.0022271714922048997,38,48,planted,1,0.0022271714922048997
LincolnNE,Populus tremuloides,1,0.0022271714922048997,38,48,not sure,0,0
LincolnNE,Prunus cerasifera,1,0.0022271714922048997,38,49,natural regeneration,0,0
LincolnNE,Prunus cerasifera,1,0.0022271714922048997,38,49,planted,1,0.0022271714922048997
LincolnNE,Prunus cerasifera,1,0.0022271714922048997,38,49,not sure,0,0
LincolnNE,Quercus bicolor,1,0.0022271714922048997,38,50,natural regeneration,0,0
LincolnNE,Quercus bicolor,1,0.0022271714922048997,38,50,planted,1,0.0022271714922048997
LincolnNE,Quercus bicolor,1,0.0022271714922048997,38,50,not sure,0,0
LincolnNE,Quercus robur,1,0.0022271714922048997,38,51,natural regeneration,0,0
LincolnNE,Quercus robur,1,0.0022271714922048997,38,51,planted,1,0.0022271714922048997
LincolnNE,Quercus robur,1,0.0022271714922048997,38,51,not sure,0,0
LincolnNE,Salix alba,1,0.0022271714922048997,38,52,natural regeneration,0,0
LincolnNE,Salix alba,1,0.0022271714922048997,38,52,planted,1,0.0022271714922048997
LincolnNE,Salix alba,1,0.0022271714922048997,38,52,not sure,0,0
MadisonWI,Acer negundo,53,0.09549549549549549,1,1,natural regeneration,53,0.09549549549549549
MadisonWI,Acer negundo,53,0.09549549549549549,1,1,planted,0,0
MadisonWI,Acer negundo,53,0.09549549549549549,1,1,not sure,0,0
MadisonWI,Thuja occidentalis,44,0.07927927927927927,2,2,natural regeneration,0,0
MadisonWI,Thuja occidentalis,44,0.07927927927927927,2,2,planted,43,0.07747747747747748
MadisonWI,Thuja occidentalis,44,0.07927927927927927,2,2,not sure,1,0.0018018018018018018
MadisonWI,Prunus serotina,35,0.06306306306306306,3,3,natural regeneration,35,0.06306306306306306
MadisonWI,Prunus serotina,35,0.06306306306306306,3,3,planted,0,0
MadisonWI,Prunus serotina,35,0.06306306306306306,3,3,not sure,0,0
MadisonWI,Fraxinus pennsylvanica,31,0.055855855855855854,4,4,natural regeneration,17,0.030630630630630627
MadisonWI,Fraxinus pennsylvanica,31,0.055855855855855854,4,4,planted,13,0.023423423423423424
MadisonWI,Fraxinus pennsylvanica,31,0.055855855855855854,4,4,not sure,1,0.0018018018018018016
MadisonWI,Robinia pseudoacacia,29,0.05225225225225225,5,5,natural regeneration,29,0.05225225225225225
MadisonWI,Robinia pseudoacacia,29,0.05225225225225225,5,5,planted,0,0
MadisonWI,Robinia pseudoacacia,29,0.05225225225225225,5,5,not sure,0,0
MadisonWI,Acer platanoides,26,0.04684684684684685,6,6,natural regeneration,1,0.0018018018018018018
MadisonWI,Acer platanoides,26,0.04684684684684685,6,6,planted,25,0.04504504504504505
MadisonWI,Acer platanoides,26,0.04684684684684685,6,6,not sure,0,0
MadisonWI,Juglans nigra,22,0.03963963963963964,7,7,natural regeneration,22,0.03963963963963964
MadisonWI,Juglans nigra,22,0.03963963963963964,7,7,planted,0,0
MadisonWI,Juglans nigra,22,0.03963963963963964,7,7,not sure,0,0
MadisonWI,Ulmus pumila,22,0.03963963963963964,7,8,natural regeneration,17,0.030630630630630627
MadisonWI,Ulmus pumila,22,0.03963963963963964,7,8,planted,5,0.009009009009009009
MadisonWI,Ulmus pumila,22,0.03963963963963964,7,8,not sure,0,0
MadisonWI,Gleditsia triacanthos,21,0.03783783783783784,9,9,natural regeneration,0,0
MadisonWI,Gleditsia triacanthos,21,0.03783783783783784,9,9,planted,20,0.036036036036036036
MadisonWI,Gleditsia triacanthos,21,0.03783783783783784,9,9,not sure,1,0.0018018018018018018
MadisonWI,Malus spp.,18,0.032432432432432434,10,10,natural regeneration,0,0
MadisonWI,Malus spp.,18,0.032432432432432434,10,10,planted,18,0.032432432432432434
MadisonWI,Malus spp.,18,0.032432432432432434,10,10,not sure,0,0
MadisonWI,Quercus macrocarpa,18,0.032432432432432434,10,11,natural regeneration,17,0.03063063063063063
MadisonWI,Quercus macrocarpa,18,0.032432432432432434,10,11,planted,1,0.0018018018018018018
MadisonWI,Quercus macrocarpa,18,0.032432432432432434,10,11,not sure,0,0
MadisonWI,Carya ovata,17,0.03063063063063063,12,12,natural regeneration,16,0.02882882882882883
MadisonWI,Carya ovata,17,0.03063063063063063,12,12,planted,1,0.0018018018018018018
MadisonWI,Carya ovata,17,0.03063063063063063,12,12,not sure,0,0
MadisonWI,Populus deltoides,17,0.03063063063063063,12,13,natural regeneration,17,0.03063063063063063
MadisonWI,Populus deltoides,17,0.03063063063063063,12,13,planted,0,0
MadisonWI,Populus deltoides,17,0.03063063063063063,12,13,not sure,0,0
MadisonWI,Crataegus spp.,16,0.02882882882882883,14,14,natural regeneration,0,0
MadisonWI,Crataegus spp.,16,0.02882882882882883,14,14,planted,15,0.02702702702702703
MadisonWI,Crataegus spp.,16,0.02882882882882883,14,14,not sure,1,0.0018018018018018018
MadisonWI,Morus alba,14,0.025225225225225224,15,15,natural regeneration,11,0.01981981981981982
MadisonWI,Morus alba,14,0.025225225225225224,15,15,planted,0,0
MadisonWI,Morus alba,14,0.025225225225225224,15,15,not sure,3,0.005405405405405405
MadisonWI,Rhamnus cathartica,14,0.025225225225225224,15,16,natural regeneration,11,0.01981981981981982
MadisonWI,Rhamnus cathartica,14,0.025225225225225224,15,16,planted,0,0
MadisonWI,Rhamnus cathartica,14,0.025225225225225224,15,16,not sure,3,0.005405405405405405
MadisonWI,Quercus alba,12,0.021621621621621623,17,17,natural regeneration,9,0.016216216216216217
MadisonWI,Quercus alba,12,0.021621621621621623,17,17,planted,0,0
MadisonWI,Quercus alba,12,0.021621621621621623,17,17,not sure,3,0.005405405405405406
MadisonWI,Acer saccharinum,11,0.01981981981981982,18,18,natural regeneration,1,0.0018018018018018018
MadisonWI,Acer saccharinum,11,0.01981981981981982,18,18,planted,7,0.012612612612612612
MadisonWI,Acer saccharinum,11,0.01981981981981982,18,18,not sure,3,0.005405405405405405
MadisonWI,Ulmus americana,11,0.01981981981981982,18,19,natural regeneration,10,0.018018018018018018
MadisonWI,Ulmus americana,11,0.01981981981981982,18,19,planted,1,0.0018018018018018018
MadisonWI,Ulmus americana,11,0.01981981981981982,18,19,not sure,0,0
MadisonWI,Pinus strobus,10,0.018018018018018018,20,20,natural regeneration,1,0.0018018018018018018
MadisonWI,Pinus strobus,10,0.018018018018018018,20,20,planted,7,0.012612612612612612
MadisonWI,Pinus strobus,10,0.018018018018018018,20,20,not sure,2,0.0036036036036036037
MadisonWI,Acer ginnala,9,0.016216216216216217,21,21,natural regeneration,0,0
MadisonWI,Acer ginnala,9,0.016216216216216217,21,21,planted,9,0.016216216216216217
MadisonWI,Acer ginnala,9,0.016216216216216217,21,21,not sure,0,0
MadisonWI,Quercus rubra,9,0.016216216216216217,21,22,natural regeneration,4,0.007207207207207207
MadisonWI,Quercus rubra,9,0.016216216216216217,21,22,planted,1,0.0018018018018018018
MadisonWI,Quercus rubra,9,0.016216216216216217,21,22,not sure,4,0.007207207207207207
MadisonWI,Celtis occidentalis,8,0.014414414414414415,23,23,natural regeneration,6,0.010810810810810811
MadisonWI,Celtis occidentalis,8,0.014414414414414415,23,23,planted,1,0.0018018018018018018
MadisonWI,Celtis occidentalis,8,0.014414414414414415,23,23,not sure,1,0.0018018018018018018
MadisonWI,Picea glauca,8,0.014414414414414415,23,24,natural regeneration,0,0
MadisonWI,Picea glauca,8,0.014414414414414415,23,24,planted,8,0.014414414414414415
MadisonWI,Picea glauca,8,0.014414414414414415,23,24,not sure,0,0
MadisonWI,Quercus velutina,8,0.014414414414414415,23,25,natural regeneration,8,0.014414414414414415
MadisonWI,Quercus velutina,8,0.014414414414414415,23,25,planted,0,0
MadisonWI,Quercus velutina,8,0.014414414414414415,23,25,not sure,0,0
MadisonWI,Acer x freemanii,7,0.012612612612612612,26,26,natural regeneration,4,0.0072072072072072065
MadisonWI,Acer x freemanii,7,0.012612612612612612,26,26,planted,3,0.005405405405405405
MadisonWI,Acer x freemanii,7,0.012612612612612612,26,26,not sure,0,0
MadisonWI,Tilia cordata,6,0.010810810810810811,27,27,natural regeneration,2,0.0036036036036036037
MadisonWI,Tilia cordata,6,0.010810810810810811,27,27,planted,3,0.005405405405405406
MadisonWI,Tilia cordata,6,0.010810810810810811,27,27,not sure,1,0.0018018018018018018
MadisonWI,Betula nigra,5,0.009009009009009009,28,28,natural regeneration,0,0
MadisonWI,Betula nigra,5,0.009009009009009009,28,28,planted,5,0.009009009009009009
MadisonWI,Betula nigra,5,0.009009009009009009,28,28,not sure,0,0
MadisonWI,Betula papyrifera,5,0.009009009009009009,28,29,natural regeneration,0,0
MadisonWI,Betula papyrifera,5,0.009009009009009009,28,29,planted,5,0.009009009009009009
MadisonWI,Betula papyrifera,5,0.009009009009009009,28,29,not sure,0,0
MadisonWI,Populus tremuloides,5,0.009009009009009009,28,30,natural regeneration,2,0.0036036036036036037
MadisonWI,Populus tremuloides,5,0.009009009009009009,28,30,planted,2,0.0036036036036036037
MadisonWI,Populus tremuloides,5,0.009009009009009009,28,30,not sure,1,0.0018018018018018018
MadisonWI,Acer rubrum,4,0.007207207207207207,31,31,natural regeneration,4,0.007207207207207207
MadisonWI,Acer rubrum,4,0.007207207207207207,31,31,planted,0,0
MadisonWI,Acer rubrum,4,0.007207207207207207,31,31,not sure,0,0
MadisonWI,Acer saccharum,4,0.007207207207207207,31,32,natural regeneration,4,0.007207207207207207
MadisonWI,Acer saccharum,4,0.007207207207207207,31,32,planted,0,0
MadisonWI,Acer saccharum,4,0.007207207207207207,31,32,not sure,0,0
MadisonWI,Juniperus virginiana,4,0.007207207207207207,31,33,natural regeneration,0,0
MadisonWI,Juniperus virginiana,4,0.007207207207207207,31,33,planted,4,0.007207207207207207
MadisonWI,Juniperus virginiana,4,0.007207207207207207,31,33,not sure,0,0
MadisonWI,Picea pungens,4,0.007207207207207207,31,34,natural regeneration,0,0
MadisonWI,Picea pungens,4,0.007207207207207207,31,34,planted,4,0.007207207207207207
MadisonWI,Picea pungens,4,0.007207207207207207,31,34,not sure,0,0
MadisonWI,Cercis canadensis,3,0.005405405405405406,35,35,natural regeneration,0,0
MadisonWI,Cercis canadensis,3,0.005405405405405406,35,35,planted,3,0.005405405405405406
MadisonWI,Cercis canadensis,3,0.005405405405405406,35,35,not sure,0,0
MadisonWI,Fraxinus americana,3,0.005405405405405406,35,36,natural regeneration,1,0.0018018018018018018
MadisonWI,Fraxinus americana,3,0.005405405405405406,35,36,planted,0,0
MadisonWI,Fraxinus americana,3,0.005405405405405406,35,36,not sure,2,0.0036036036036036037
MadisonWI,Pinus resinosa,3,0.005405405405405406,35,37,natural regeneration,0,0
MadisonWI,Pinus resinosa,3,0.005405405405405406,35,37,planted,0,0
MadisonWI,Pinus resinosa,3,0.005405405405405406,35,37,not sure,3,0.005405405405405406
MadisonWI,Acer nigrum,2,0.0036036036036036037,38,38,natural regeneration,0,0
MadisonWI,Acer nigrum,2,0.0036036036036036037,38,38,planted,2,0.0036036036036036037
MadisonWI,Acer nigrum,2,0.0036036036036036037,38,38,not sure,0,0
MadisonWI,Ginkgo biloba,2,0.0036036036036036037,38,39,natural regeneration,0,0
MadisonWI,Ginkgo biloba,2,0.0036036036036036037,38,39,planted,2,0.0036036036036036037
MadisonWI,Ginkgo biloba,2,0.0036036036036036037,38,39,not sure,0,0
MadisonWI,Pseudotsuga menziesii,2,0.0036036036036036037,38,40,natural regeneration,0,0
MadisonWI,Pseudotsuga menziesii,2,0.0036036036036036037,38,40,planted,2,0.0036036036036036037
MadisonWI,Pseudotsuga menziesii,2,0.0036036036036036037,38,40,not sure,0,0
MadisonWI,Pyrus calleryana,2,0.0036036036036036037,38,41,natural regeneration,0,0
MadisonWI,Pyrus calleryana,2,0.0036036036036036037,38,41,planted,2,0.0036036036036036037
MadisonWI,Pyrus calleryana,2,0.0036036036036036037,38,41,not sure,0,0
MadisonWI,Cercidiphyllum japonicum,1,0.0018018018018018018,42,42,natural regeneration,0,0
MadisonWI,Cercidiphyllum japonicum,1,0.0018018018018018018,42,42,planted,1,0.0018018018018018018
MadisonWI,Cercidiphyllum japonicum,1,0.0018018018018018018,42,42,not sure,0,0
MadisonWI,Juniperus scopulorum,1,0.0018018018018018018,42,43,natural regeneration,0,0
MadisonWI,Juniperus scopulorum,1,0.0018018018018018018,42,43,planted,1,0.0018018018018018018
MadisonWI,Juniperus scopulorum,1,0.0018018018018018018,42,43,not sure,0,0
MadisonWI,Magnolia tripetala,1,0.0018018018018018018,42,44,natural regeneration,0,0
MadisonWI,Magnolia tripetala,1,0.0018018018018018018,42,44,planted,1,0.0018018018018018018
MadisonWI,Magnolia tripetala,1,0.0018018018018018018,42,44,not sure,0,0
MadisonWI,Platanus hybrida,1,0.0018018018018018018,42,45,natural regeneration,0,0
MadisonWI,Platanus hybrida,1,0.0018018018018018018,42,45,planted,1,0.0018018018018018018
MadisonWI,Platanus hybrida,1,0.0018018018018018018,42,45,not sure,0,0
MadisonWI,Populus alba,1,0.0018018018018018018,42,46,natural regeneration,1,0.0018018018018018018
MadisonWI,Populus alba,1,0.0018018018018018018,42,46,planted,0,0
MadisonWI,Populus alba,1,0.0018018018018018018,42,46,not sure,0,0
MadisonWI,Populus balsamifera,1,0.0018018018018018018,42,47,natural regeneration,0,0
MadisonWI,Populus balsamifera,1,0.0018018018018018018,42,47,planted,1,0.0018018018018018018
MadisonWI,Populus balsamifera,1,0.0018018018018018018,42,47,not sure,0,0
MadisonWI,Prunus virginiana,1,0.0018018018018018018,42,48,natural regeneration,0,0
MadisonWI,Prunus virginiana,1,0.0018018018018018018,42,48,planted,0,0
MadisonWI,Prunus virginiana,1,0.0018018018018018018,42,48,not sure,1,0.0018018018018018018
MadisonWI,Pyrus spp.,1,0.0018018018018018018,42,49,natural regeneration,0,0
MadisonWI,Pyrus spp.,1,0.0018018018018018018,42,49,planted,1,0.0018018018018018018
MadisonWI,Pyrus spp.,1,0.0018018018018018018,42,49,not sure,0,0
MadisonWI,Salix nigra,1,0.0018018018018018018,42,50,natural regeneration,1,0.0018018018018018018
MadisonWI,Salix nigra,1,0.0018018018018018018,42,50,planted,0,0
MadisonWI,Salix nigra,1,0.0018018018018018018,42,50,not sure,0,0
MadisonWI,Syringa reticulata,1,0.0018018018018018018,42,51,natural regeneration,0,0
MadisonWI,Syringa reticulata,1,0.0018018018018018018,42,51,planted,1,0.0018018018018018018
MadisonWI,Syringa reticulata,1,0.0018018018018018018,42,51,not sure,0,0
MadisonWI,Tilia americana,1,0.0018018018018018018,42,52,natural regeneration,1,0.0018018018018018018
MadisonWI,Tilia americana,1,0.0018018018018018018,42,52,planted,0,0
MadisonWI,Tilia americana,1,0.0018018018018018018,42,52,not sure,0,0
MilwaukeeWI,Acer negundo,56,0.11359026369168357,1,1,natural regeneration,51,0.10344827586206896
MilwaukeeWI,Acer negundo,56,0.11359026369168357,1,1,planted,2,0.004056795131845842
MilwaukeeWI,Acer negundo,56,0.11359026369168357,1,1,not sure,3,0.006085192697768763
MilwaukeeWI,Fraxinus pennsylvanica,51,0.10344827586206896,2,2,natural regeneration,36,0.07302231237322515
MilwaukeeWI,Fraxinus pennsylvanica,51,0.10344827586206896,2,2,planted,8,0.016227180527383367
MilwaukeeWI,Fraxinus pennsylvanica,51,0.10344827586206896,2,2,not sure,7,0.014198782961460448
MilwaukeeWI,Acer platanoides,42,0.08519269776876268,3,3,natural regeneration,2,0.004056795131845842
MilwaukeeWI,Acer platanoides,42,0.08519269776876268,3,3,planted,38,0.07707910750507099
MilwaukeeWI,Acer platanoides,42,0.08519269776876268,3,3,not sure,2,0.004056795131845842
MilwaukeeWI,Morus alba,31,0.06288032454361055,4,4,natural regeneration,24,0.0486815415821501
MilwaukeeWI,Morus alba,31,0.06288032454361055,4,4,planted,0,0
MilwaukeeWI,Morus alba,31,0.06288032454361055,4,4,not sure,7,0.014198782961460446
MilwaukeeWI,Ulmus americana,24,0.0486815415821501,5,5,natural regeneration,17,0.034482758620689655
MilwaukeeWI,Ulmus americana,24,0.0486815415821501,5,5,planted,7,0.014198782961460448
MilwaukeeWI,Ulmus americana,24,0.0486815415821501,5,5,not sure,0,0
MilwaukeeWI,Acer saccharum,21,0.04259634888438134,6,6,natural regeneration,17,0.034482758620689655
MilwaukeeWI,Acer saccharum,21,0.04259634888438134,6,6,planted,2,0.004056795131845842
MilwaukeeWI,Acer saccharum,21,0.04259634888438134,6,6,not sure,2,0.004056795131845842
MilwaukeeWI,Quercus rubra,18,0.036511156186612576,7,7,natural regeneration,15,0.030425963488843813
MilwaukeeWI,Quercus rubra,18,0.036511156186612576,7,7,planted,3,0.006085192697768763
MilwaukeeWI,Quercus rubra,18,0.036511156186612576,7,7,not sure,0,0
MilwaukeeWI,Gleditsia triacanthos,16,0.032454361054766734,8,8,natural regeneration,0,0
MilwaukeeWI,Gleditsia triacanthos,16,0.032454361054766734,8,8,planted,15,0.030425963488843813
MilwaukeeWI,Gleditsia triacanthos,16,0.032454361054766734,8,8,not sure,1,0.002028397565922921
MilwaukeeWI,Picea glauca,15,0.030425963488843813,9,9,natural regeneration,0,0
MilwaukeeWI,Picea glauca,15,0.030425963488843813,9,9,planted,4,0.008113590263691683
MilwaukeeWI,Picea glauca,15,0.030425963488843813,9,9,not sure,11,0.02231237322515213
MilwaukeeWI,Picea pungens,15,0.030425963488843813,9,10,natural regeneration,0,0
MilwaukeeWI,Picea pungens,15,0.030425963488843813,9,10,planted,15,0.030425963488843813
MilwaukeeWI,Picea pungens,15,0.030425963488843813,9,10,not sure,0,0
MilwaukeeWI,Juglans nigra,12,0.02434077079107505,11,11,natural regeneration,9,0.018255578093306288
MilwaukeeWI,Juglans nigra,12,0.02434077079107505,11,11,planted,0,0
MilwaukeeWI,Juglans nigra,12,0.02434077079107505,11,11,not sure,3,0.006085192697768763
MilwaukeeWI,Quercus alba,12,0.02434077079107505,11,12,natural regeneration,1,0.002028397565922921
MilwaukeeWI,Quercus alba,12,0.02434077079107505,11,12,planted,2,0.004056795131845842
MilwaukeeWI,Quercus alba,12,0.02434077079107505,11,12,not sure,9,0.018255578093306288
MilwaukeeWI,Rhamnus cathartica,12,0.02434077079107505,11,13,natural regeneration,10,0.02028397565922921
MilwaukeeWI,Rhamnus cathartica,12,0.02434077079107505,11,13,planted,0,0
MilwaukeeWI,Rhamnus cathartica,12,0.02434077079107505,11,13,not sure,2,0.004056795131845842
MilwaukeeWI,Ulmus pumila,12,0.02434077079107505,11,14,natural regeneration,6,0.012170385395537525
MilwaukeeWI,Ulmus pumila,12,0.02434077079107505,11,14,planted,1,0.002028397565922921
MilwaukeeWI,Ulmus pumila,12,0.02434077079107505,11,14,not sure,5,0.010141987829614604
MilwaukeeWI,Acer saccharinum,11,0.02231237322515213,15,15,natural regeneration,1,0.002028397565922921
MilwaukeeWI,Acer saccharinum,11,0.02231237322515213,15,15,planted,9,0.018255578093306288
MilwaukeeWI,Acer saccharinum,11,0.02231237322515213,15,15,not sure,1,0.002028397565922921
MilwaukeeWI,Malus spp.,11,0.02231237322515213,15,16,natural regeneration,5,0.010141987829614604
MilwaukeeWI,Malus spp.,11,0.02231237322515213,15,16,planted,6,0.012170385395537523
MilwaukeeWI,Malus spp.,11,0.02231237322515213,15,16,not sure,0,0
MilwaukeeWI,Robinia pseudoacacia,11,0.02231237322515213,15,17,natural regeneration,11,0.02231237322515213
MilwaukeeWI,Robinia pseudoacacia,11,0.02231237322515213,15,17,planted,0,0
MilwaukeeWI,Robinia pseudoacacia,11,0.02231237322515213,15,17,not sure,0,0
MilwaukeeWI,Pinus strobus,10,0.02028397565922921,18,18,natural regeneration,0,0
MilwaukeeWI,Pinus strobus,10,0.02028397565922921,18,18,planted,1,0.002028397565922921
MilwaukeeWI,Pinus strobus,10,0.02028397565922921,18,18,not sure,9,0.018255578093306288
MilwaukeeWI,Crataegus spp.,8,0.016227180527383367,19,19,natural regeneration,4,0.008113590263691683
MilwaukeeWI,Crataegus spp.,8,0.016227180527383367,19,19,planted,4,0.008113590263691683
MilwaukeeWI,Crataegus spp.,8,0.016227180527383367,19,19,not sure,0,0
MilwaukeeWI,Populus deltoides,8,0.016227180527383367,19,20,natural regeneration,8,0.016227180527383367
MilwaukeeWI,Populus deltoides,8,0.016227180527383367,19,20,planted,0,0
MilwaukeeWI,Populus deltoides,8,0.016227180527383367,19,20,not sure,0,0
MilwaukeeWI,Thuja occidentalis,8,0.016227180527383367,19,21,natural regeneration,0,0
MilwaukeeWI,Thuja occidentalis,8,0.016227180527383367,19,21,planted,4,0.008113590263691683
MilwaukeeWI,Thuja occidentalis,8,0.016227180527383367,19,21,not sure,4,0.008113590263691683
MilwaukeeWI,Picea abies,7,0.014198782961460446,22,22,natural regeneration,1,0.002028397565922921
MilwaukeeWI,Picea abies,7,0.014198782961460446,22,22,planted,6,0.012170385395537525
MilwaukeeWI,Picea abies,7,0.014198782961460446,22,22,not sure,0,0
MilwaukeeWI,Tilia americana,7,0.014198782961460446,22,23,natural regeneration,6,0.012170385395537525
MilwaukeeWI,Tilia americana,7,0.014198782961460446,22,23,planted,1,0.002028397565922921
MilwaukeeWI,Tilia americana,7,0.014198782961460446,22,23,not sure,0,0
MilwaukeeWI,Tilia cordata,6,0.012170385395537525,24,24,natural regeneration,0,0
MilwaukeeWI,Tilia cordata,6,0.012170385395537525,24,24,planted,6,0.012170385395537525
MilwaukeeWI,Tilia cordata,6,0.012170385395537525,24,24,not sure,0,0
MilwaukeeWI,Carya ovata,5,0.010141987829614604,25,25,natural regeneration,0,0
MilwaukeeWI,Carya ovata,5,0.010141987829614604,25,25,planted,1,0.002028397565922921
MilwaukeeWI,Carya ovata,5,0.010141987829614604,25,25,not sure,4,0.008113590263691683
MilwaukeeWI,Celtis occidentalis,5,0.010141987829614604,25,26,natural regeneration,1,0.002028397565922921
MilwaukeeWI,Celtis occidentalis,5,0.010141987829614604,25,26,planted,2,0.004056795131845842
MilwaukeeWI,Celtis occidentalis,5,0.010141987829614604,25,26,not sure,2,0.004056795131845842
MilwaukeeWI,Pyrus calleryana,5,0.010141987829614604,25,27,natural regeneration,0,0
MilwaukeeWI,Pyrus calleryana,5,0.010141987829614604,25,27,planted,5,0.010141987829614604
MilwaukeeWI,Pyrus calleryana,5,0.010141987829614604,25,27,not sure,0,0
MilwaukeeWI,Fraxinus americana,4,0.008113590263691683,28,28,natural regeneration,2,0.004056795131845842
MilwaukeeWI,Fraxinus americana,4,0.008113590263691683,28,28,planted,1,0.002028397565922921
MilwaukeeWI,Fraxinus americana,4,0.008113590263691683,28,28,not sure,1,0.002028397565922921
MilwaukeeWI,Morus rubra,4,0.008113590263691683,28,29,natural regeneration,4,0.008113590263691683
MilwaukeeWI,Morus rubra,4,0.008113590263691683,28,29,planted,0,0
MilwaukeeWI,Morus rubra,4,0.008113590263691683,28,29,not sure,0,0
MilwaukeeWI,Prunus serotina,4,0.008113590263691683,28,30,natural regeneration,4,0.008113590263691683
MilwaukeeWI,Prunus serotina,4,0.008113590263691683,28,30,planted,0,0
MilwaukeeWI,Prunus serotina,4,0.008113590263691683,28,30,not sure,0,0
MilwaukeeWI,Quercus macrocarpa,4,0.008113590263691683,28,31,natural regeneration,2,0.004056795131845842
MilwaukeeWI,Quercus macrocarpa,4,0.008113590263691683,28,31,planted,1,0.002028397565922921
MilwaukeeWI,Quercus macrocarpa,4,0.008113590263691683,28,31,not sure,1,0.002028397565922921
MilwaukeeWI,Acer nigrum,3,0.006085192697768763,32,32,natural regeneration,0,0
MilwaukeeWI,Acer nigrum,3,0.006085192697768763,32,32,planted,3,0.006085192697768763
MilwaukeeWI,Acer nigrum,3,0.006085192697768763,32,32,not sure,0,0
MilwaukeeWI,Acer x freemanii,3,0.006085192697768763,32,33,natural regeneration,0,0
MilwaukeeWI,Acer x freemanii,3,0.006085192697768763,32,33,planted,3,0.006085192697768763
MilwaukeeWI,Acer x freemanii,3,0.006085192697768763,32,33,not sure,0,0
MilwaukeeWI,Juniperus virginiana,3,0.006085192697768763,32,34,natural regeneration,0,0
MilwaukeeWI,Juniperus virginiana,3,0.006085192697768763,32,34,planted,2,0.004056795131845842
MilwaukeeWI,Juniperus virginiana,3,0.006085192697768763,32,34,not sure,1,0.002028397565922921
MilwaukeeWI,Pseudotsuga menziesii,3,0.006085192697768763,32,35,natural regeneration,0,0
MilwaukeeWI,Pseudotsuga menziesii,3,0.006085192697768763,32,35,planted,0,0
MilwaukeeWI,Pseudotsuga menziesii,3,0.006085192697768763,32,35,not sure,3,0.006085192697768763
MilwaukeeWI,Catalpa speciosa,2,0.004056795131845842,36,36,natural regeneration,0,0
MilwaukeeWI,Catalpa speciosa,2,0.004056795131845842,36,36,planted,0,0
MilwaukeeWI,Catalpa speciosa,2,0.004056795131845842,36,36,not sure,2,0.004056795131845842
MilwaukeeWI,Pinus resinosa,2,0.004056795131845842,36,37,natural regeneration,0,0
MilwaukeeWI,Pinus resinosa,2,0.004056795131845842,36,37,planted,1,0.002028397565922921
MilwaukeeWI,Pinus resinosa,2,0.004056795131845842,36,37,not sure,1,0.002028397565922921
MilwaukeeWI,Pinus sylvestris,2,0.004056795131845842,36,38,natural regeneration,0,0
MilwaukeeWI,Pinus sylvestris,2,0.004056795131845842,36,38,planted,0,0
MilwaukeeWI,Pinus sylvestris,2,0.004056795131845842,36,38,not sure,2,0.004056795131845842
MilwaukeeWI,Platanus occidentalis,2,0.004056795131845842,36,39,natural regeneration,0,0
MilwaukeeWI,Platanus occidentalis,2,0.004056795131845842,36,39,planted,2,0.004056795131845842
MilwaukeeWI,Platanus occidentalis,2,0.004056795131845842,36,39,not sure,0,0
MilwaukeeWI,Salix nigra,2,0.004056795131845842,36,40,natural regeneration,2,0.004056795131845842
MilwaukeeWI,Salix nigra,2,0.004056795131845842,36,40,planted,0,0
MilwaukeeWI,Salix nigra,2,0.004056795131845842,36,40,not sure,0,0
MilwaukeeWI,Syringa reticulata,2,0.004056795131845842,36,41,natural regeneration,0,0
MilwaukeeWI,Syringa reticulata,2,0.004056795131845842,36,41,planted,2,0.004056795131845842
MilwaukeeWI,Syringa reticulata,2,0.004056795131845842,36,41,not sure,0,0
MilwaukeeWI,Ulmus procera,2,0.004056795131845842,36,42,natural regeneration,0,0
MilwaukeeWI,Ulmus procera,2,0.004056795131845842,36,42,planted,2,0.004056795131845842
MilwaukeeWI,Ulmus procera,2,0.004056795131845842,36,42,not sure,0,0
MilwaukeeWI,Abies concolor,1,0.002028397565922921,43,43,natural regeneration,0,0
MilwaukeeWI,Abies concolor,1,0.002028397565922921,43,43,planted,1,0.002028397565922921
MilwaukeeWI,Abies concolor,1,0.002028397565922921,43,43,not sure,0,0
MilwaukeeWI,Acer rubrum,1,0.002028397565922921,43,44,natural regeneration,0,0
MilwaukeeWI,Acer rubrum,1,0.002028397565922921,43,44,planted,1,0.002028397565922921
MilwaukeeWI,Acer rubrum,1,0.002028397565922921,43,44,not sure,0,0
MilwaukeeWI,Aesculus hippocastanum,1,0.002028397565922921,43,45,natural regeneration,0,0
MilwaukeeWI,Aesculus hippocastanum,1,0.002028397565922921,43,45,planted,1,0.002028397565922921
MilwaukeeWI,Aesculus hippocastanum,1,0.002028397565922921,43,45,not sure,0,0
MilwaukeeWI,Fagus sylvatica,1,0.002028397565922921,43,46,natural regeneration,0,0
MilwaukeeWI,Fagus sylvatica,1,0.002028397565922921,43,46,planted,1,0.002028397565922921
MilwaukeeWI,Fagus sylvatica,1,0.002028397565922921,43,46,not sure,0,0
MilwaukeeWI,Ginkgo biloba,1,0.002028397565922921,43,47,natural regeneration,0,0
MilwaukeeWI,Ginkgo biloba,1,0.002028397565922921,43,47,planted,1,0.002028397565922921
MilwaukeeWI,Ginkgo biloba,1,0.002028397565922921,43,47,not sure,0,0
MilwaukeeWI,Gymnocladus dioicus,1,0.002028397565922921,43,48,natural regeneration,1,0.002028397565922921
MilwaukeeWI,Gymnocladus dioicus,1,0.002028397565922921,43,48,planted,0,0
MilwaukeeWI,Gymnocladus dioicus,1,0.002028397565922921,43,48,not sure,0,0
MilwaukeeWI,Magnolia x soulangiana,1,0.002028397565922921,43,49,natural regeneration,0,0
MilwaukeeWI,Magnolia x soulangiana,1,0.002028397565922921,43,49,planted,1,0.002028397565922921
MilwaukeeWI,Magnolia x soulangiana,1,0.002028397565922921,43,49,not sure,0,0
MilwaukeeWI,Pinus nigra,1,0.002028397565922921,43,50,natural regeneration,1,0.002028397565922921
MilwaukeeWI,Pinus nigra,1,0.002028397565922921,43,50,planted,0,0
MilwaukeeWI,Pinus nigra,1,0.002028397565922921,43,50,not sure,0,0
MilwaukeeWI,Quercus bicolor,1,0.002028397565922921,43,51,natural regeneration,0,0
MilwaukeeWI,Quercus bicolor,1,0.002028397565922921,43,51,planted,1,0.002028397565922921
MilwaukeeWI,Quercus bicolor,1,0.002028397565922921,43,51,not sure,0,0
MilwaukeeWI,Quercus ellipsoidalis,1,0.002028397565922921,43,52,natural regeneration,1,0.002028397565922921
MilwaukeeWI,Quercus ellipsoidalis,1,0.002028397565922921,43,52,planted,0,0
MilwaukeeWI,Quercus ellipsoidalis,1,0.002028397565922921,43,52,not sure,0,0
MilwaukeeWI,Quercus muehlenbergii,1,0.002028397565922921,43,53,natural regeneration,0,0
MilwaukeeWI,Quercus muehlenbergii,1,0.002028397565922921,43,53,planted,1,0.002028397565922921
MilwaukeeWI,Quercus muehlenbergii,1,0.002028397565922921,43,53,not sure,0,0
MilwaukeeWI,Ulmus rubra,1,0.002028397565922921,43,54,natural regeneration,1,0.002028397565922921
MilwaukeeWI,Ulmus rubra,1,0.002028397565922921,43,54,planted,0,0
MilwaukeeWI,Ulmus rubra,1,0.002028397565922921,43,54,not sure,0,0
MinneapolisMN,Celtis occidentalis,49,0.10251046025104603,1,1,natural regeneration,23,0.04811715481171548
MinneapolisMN,Celtis occidentalis,49,0.10251046025104603,1,1,planted,23,0.04811715481171548
MinneapolisMN,Celtis occidentalis,49,0.10251046025104603,1,1,not sure,3,0.006276150627615063
MinneapolisMN,Acer negundo,47,0.09832635983263599,2,2,natural regeneration,40,0.08368200836820085
MinneapolisMN,Acer negundo,47,0.09832635983263599,2,2,planted,0,0
MinneapolisMN,Acer negundo,47,0.09832635983263599,2,2,not sure,7,0.014644351464435146
MinneapolisMN,Ulmus americana,44,0.09205020920502092,3,3,natural regeneration,24,0.0502092050209205
MinneapolisMN,Ulmus americana,44,0.09205020920502092,3,3,planted,14,0.029288702928870293
MinneapolisMN,Ulmus americana,44,0.09205020920502092,3,3,not sure,6,0.012552301255230125
MinneapolisMN,Acer saccharinum,29,0.060669456066945605,4,4,natural regeneration,8,0.016736401673640166
MinneapolisMN,Acer saccharinum,29,0.060669456066945605,4,4,planted,18,0.03765690376569038
MinneapolisMN,Acer saccharinum,29,0.060669456066945605,4,4,not sure,3,0.006276150627615063
MinneapolisMN,Gleditsia triacanthos,22,0.04602510460251046,5,5,natural regeneration,0,0
MinneapolisMN,Gleditsia triacanthos,22,0.04602510460251046,5,5,planted,22,0.04602510460251046
MinneapolisMN,Gleditsia triacanthos,22,0.04602510460251046,5,5,not sure,0,0
MinneapolisMN,Acer platanoides,21,0.043933054393305436,6,6,natural regeneration,0,0
MinneapolisMN,Acer platanoides,21,0.043933054393305436,6,6,planted,21,0.043933054393305436
MinneapolisMN,Acer platanoides,21,0.043933054393305436,6,6,not sure,0,0
MinneapolisMN,Quercus macrocarpa,21,0.043933054393305436,6,7,natural regeneration,8,0.016736401673640166
MinneapolisMN,Quercus macrocarpa,21,0.043933054393305436,6,7,planted,4,0.008368200836820083
MinneapolisMN,Quercus macrocarpa,21,0.043933054393305436,6,7,not sure,9,0.018828451882845185
MinneapolisMN,Fraxinus pennsylvanica,19,0.0397489539748954,8,8,natural regeneration,8,0.016736401673640166
MinneapolisMN,Fraxinus pennsylvanica,19,0.0397489539748954,8,8,planted,9,0.018828451882845185
MinneapolisMN,Fraxinus pennsylvanica,19,0.0397489539748954,8,8,not sure,2,0.0041841004184100415
MinneapolisMN,Acer saccharum,18,0.03765690376569038,9,9,natural regeneration,1,0.0020920502092050207
MinneapolisMN,Acer saccharum,18,0.03765690376569038,9,9,planted,15,0.03138075313807532
MinneapolisMN,Acer saccharum,18,0.03765690376569038,9,9,not sure,2,0.0041841004184100415
MinneapolisMN,Tilia cordata,16,0.03347280334728033,10,10,natural regeneration,0,0
MinneapolisMN,Tilia cordata,16,0.03347280334728033,10,10,planted,16,0.03347280334728033
MinneapolisMN,Tilia cordata,16,0.03347280334728033,10,10,not sure,0,0
MinneapolisMN,Malus spp.,14,0.029288702928870293,11,11,natural regeneration,0,0
MinneapolisMN,Malus spp.,14,0.029288702928870293,11,11,planted,14,0.029288702928870293
MinneapolisMN,Malus spp.,14,0.029288702928870293,11,11,not sure,0,0
MinneapolisMN,Ulmus pumila,13,0.027196652719665274,12,12,natural regeneration,12,0.025104602510460254
MinneapolisMN,Ulmus pumila,13,0.027196652719665274,12,12,planted,0,0
MinneapolisMN,Ulmus pumila,13,0.027196652719665274,12,12,not sure,1,0.002092050209205021
MinneapolisMN,Picea pungens,12,0.02510460251046025,13,13,natural regeneration,0,0
MinneapolisMN,Picea pungens,12,0.02510460251046025,13,13,planted,12,0.02510460251046025
MinneapolisMN,Picea pungens,12,0.02510460251046025,13,13,not sure,0,0
MinneapolisMN,Tilia americana,9,0.01882845188284519,14,14,natural regeneration,5,0.010460251046025106
MinneapolisMN,Tilia americana,9,0.01882845188284519,14,14,planted,3,0.006276150627615063
MinneapolisMN,Tilia americana,9,0.01882845188284519,14,14,not sure,1,0.0020920502092050207
MinneapolisMN,Juniperus virginiana,8,0.016736401673640166,15,15,natural regeneration,0,0
MinneapolisMN,Juniperus virginiana,8,0.016736401673640166,15,15,planted,5,0.010460251046025104
MinneapolisMN,Juniperus virginiana,8,0.016736401673640166,15,15,not sure,3,0.006276150627615062
MinneapolisMN,Morus rubra,8,0.016736401673640166,15,16,natural regeneration,5,0.010460251046025104
MinneapolisMN,Morus rubra,8,0.016736401673640166,15,16,planted,2,0.0041841004184100415
MinneapolisMN,Morus rubra,8,0.016736401673640166,15,16,not sure,1,0.0020920502092050207
MinneapolisMN,Picea glauca,8,0.016736401673640166,15,17,natural regeneration,0,0
MinneapolisMN,Picea glauca,8,0.016736401673640166,15,17,planted,7,0.014644351464435145
MinneapolisMN,Picea glauca,8,0.016736401673640166,15,17,not sure,1,0.0020920502092050207
MinneapolisMN,Ulmus rubra,8,0.016736401673640166,15,18,natural regeneration,4,0.008368200836820083
MinneapolisMN,Ulmus rubra,8,0.016736401673640166,15,18,planted,2,0.0041841004184100415
MinneapolisMN,Ulmus rubra,8,0.016736401673640166,15,18,not sure,2,0.0041841004184100415
MinneapolisMN,Ginkgo biloba,7,0.014644351464435146,19,19,natural regeneration,0,0
MinneapolisMN,Ginkgo biloba,7,0.014644351464435146,19,19,planted,7,0.014644351464435146
MinneapolisMN,Ginkgo biloba,7,0.014644351464435146,19,19,not sure,0,0
MinneapolisMN,Populus deltoides,7,0.014644351464435146,19,20,natural regeneration,4,0.008368200836820083
MinneapolisMN,Populus deltoides,7,0.014644351464435146,19,20,planted,2,0.0041841004184100415
MinneapolisMN,Populus deltoides,7,0.014644351464435146,19,20,not sure,1,0.0020920502092050207
MinneapolisMN,Thuja occidentalis,7,0.014644351464435146,19,21,natural regeneration,3,0.006276150627615063
MinneapolisMN,Thuja occidentalis,7,0.014644351464435146,19,21,planted,4,0.008368200836820083
MinneapolisMN,Thuja occidentalis,7,0.014644351464435146,19,21,not sure,0,0
MinneapolisMN,Acer rubrum,6,0.012552301255230125,22,22,natural regeneration,0,0
MinneapolisMN,Acer rubrum,6,0.012552301255230125,22,22,planted,6,0.012552301255230125
MinneapolisMN,Acer rubrum,6,0.012552301255230125,22,22,not sure,0,0
MinneapolisMN,Fraxinus americana,6,0.012552301255230125,22,23,natural regeneration,0,0
MinneapolisMN,Fraxinus americana,6,0.012552301255230125,22,23,planted,2,0.0041841004184100415
MinneapolisMN,Fraxinus americana,6,0.012552301255230125,22,23,not sure,4,0.008368200836820083
MinneapolisMN,Acer x freemanii,5,0.010460251046025104,24,24,natural regeneration,0,0
MinneapolisMN,Acer x freemanii,5,0.010460251046025104,24,24,planted,5,0.010460251046025104
MinneapolisMN,Acer x freemanii,5,0.010460251046025104,24,24,not sure,0,0
MinneapolisMN,Betula nigra,5,0.010460251046025104,24,25,natural regeneration,0,0
MinneapolisMN,Betula nigra,5,0.010460251046025104,24,25,planted,5,0.010460251046025104
MinneapolisMN,Betula nigra,5,0.010460251046025104,24,25,not sure,0,0
MinneapolisMN,Juglans nigra,5,0.010460251046025104,24,26,natural regeneration,1,0.0020920502092050207
MinneapolisMN,Juglans nigra,5,0.010460251046025104,24,26,planted,2,0.0041841004184100415
MinneapolisMN,Juglans nigra,5,0.010460251046025104,24,26,not sure,2,0.0041841004184100415
MinneapolisMN,Pinus nigra,5,0.010460251046025104,24,27,natural regeneration,0,0
MinneapolisMN,Pinus nigra,5,0.010460251046025104,24,27,planted,5,0.010460251046025104
MinneapolisMN,Pinus nigra,5,0.010460251046025104,24,27,not sure,0,0
MinneapolisMN,Betula papyrifera,4,0.008368200836820083,28,28,natural regeneration,0,0
MinneapolisMN,Betula papyrifera,4,0.008368200836820083,28,28,planted,4,0.008368200836820083
MinneapolisMN,Betula papyrifera,4,0.008368200836820083,28,28,not sure,0,0
MinneapolisMN,Picea abies,4,0.008368200836820083,28,29,natural regeneration,0,0
MinneapolisMN,Picea abies,4,0.008368200836820083,28,29,planted,4,0.008368200836820083
MinneapolisMN,Picea abies,4,0.008368200836820083,28,29,not sure,0,0
MinneapolisMN,Syringa reticulata,4,0.008368200836820083,28,30,natural regeneration,0,0
MinneapolisMN,Syringa reticulata,4,0.008368200836820083,28,30,planted,4,0.008368200836820083
MinneapolisMN,Syringa reticulata,4,0.008368200836820083,28,30,not sure,0,0
MinneapolisMN,Fraxinus nigra,3,0.006276150627615063,31,31,natural regeneration,3,0.006276150627615063
MinneapolisMN,Fraxinus nigra,3,0.006276150627615063,31,31,planted,0,0
MinneapolisMN,Fraxinus nigra,3,0.006276150627615063,31,31,not sure,0,0
MinneapolisMN,Pinus strobus,3,0.006276150627615063,31,32,natural regeneration,0,0
MinneapolisMN,Pinus strobus,3,0.006276150627615063,31,32,planted,2,0.0041841004184100415
MinneapolisMN,Pinus strobus,3,0.006276150627615063,31,32,not sure,1,0.0020920502092050207
MinneapolisMN,Prunus virginiana,3,0.006276150627615063,31,33,natural regeneration,0,0
MinneapolisMN,Prunus virginiana,3,0.006276150627615063,31,33,planted,2,0.0041841004184100415
MinneapolisMN,Prunus virginiana,3,0.006276150627615063,31,33,not sure,1,0.0020920502092050207
MinneapolisMN,Rhamnus cathartica,3,0.006276150627615063,31,34,natural regeneration,3,0.006276150627615063
MinneapolisMN,Rhamnus cathartica,3,0.006276150627615063,31,34,planted,0,0
MinneapolisMN,Rhamnus cathartica,3,0.006276150627615063,31,34,not sure,0,0
MinneapolisMN,Salix nigra,3,0.006276150627615063,31,35,natural regeneration,3,0.006276150627615063
MinneapolisMN,Salix nigra,3,0.006276150627615063,31,35,planted,0,0
MinneapolisMN,Salix nigra,3,0.006276150627615063,31,35,not sure,0,0
MinneapolisMN,Aesculus glabra,2,0.0041841004184100415,36,36,natural regeneration,0,0
MinneapolisMN,Aesculus glabra,2,0.0041841004184100415,36,36,planted,2,0.0041841004184100415
MinneapolisMN,Aesculus glabra,2,0.0041841004184100415,36,36,not sure,0,0
MinneapolisMN,Betula populifolia,2,0.0041841004184100415,36,37,natural regeneration,0,0
MinneapolisMN,Betula populifolia,2,0.0041841004184100415,36,37,planted,0,0
MinneapolisMN,Betula populifolia,2,0.0041841004184100415,36,37,not sure,2,0.0041841004184100415
MinneapolisMN,Morus alba,2,0.0041841004184100415,36,38,natural regeneration,1,0.0020920502092050207
MinneapolisMN,Morus alba,2,0.0041841004184100415,36,38,planted,0,0
MinneapolisMN,Morus alba,2,0.0041841004184100415,36,38,not sure,1,0.0020920502092050207
MinneapolisMN,Prunus pensylvanica,2,0.0041841004184100415,36,39,natural regeneration,0,0
MinneapolisMN,Prunus pensylvanica,2,0.0041841004184100415,36,39,planted,2,0.0041841004184100415
MinneapolisMN,Prunus pensylvanica,2,0.0041841004184100415,36,39,not sure,0,0
MinneapolisMN,Pyrus communis,2,0.0041841004184100415,36,40,natural regeneration,0,0
MinneapolisMN,Pyrus communis,2,0.0041841004184100415,36,40,planted,2,0.0041841004184100415
MinneapolisMN,Pyrus communis,2,0.0041841004184100415,36,40,not sure,0,0
MinneapolisMN,Pyrus spp.,2,0.0041841004184100415,36,41,natural regeneration,0,0
MinneapolisMN,Pyrus spp.,2,0.0041841004184100415,36,41,planted,2,0.0041841004184100415
MinneapolisMN,Pyrus spp.,2,0.0041841004184100415,36,41,not sure,0,0
MinneapolisMN,Quercus palustris,2,0.0041841004184100415,36,42,natural regeneration,0,0
MinneapolisMN,Quercus palustris,2,0.0041841004184100415,36,42,planted,2,0.0041841004184100415
MinneapolisMN,Quercus palustris,2,0.0041841004184100415,36,42,not sure,0,0
MinneapolisMN,Quercus rubra,2,0.0041841004184100415,36,43,natural regeneration,0,0
MinneapolisMN,Quercus rubra,2,0.0041841004184100415,36,43,planted,2,0.0041841004184100415
MinneapolisMN,Quercus rubra,2,0.0041841004184100415,36,43,not sure,0,0
MinneapolisMN,Robinia pseudoacacia,2,0.0041841004184100415,36,44,natural regeneration,2,0.0041841004184100415
MinneapolisMN,Robinia pseudoacacia,2,0.0041841004184100415,36,44,planted,0,0
MinneapolisMN,Robinia pseudoacacia,2,0.0041841004184100415,36,44,not sure,0,0
MinneapolisMN,Salix amygdaloides,2,0.0041841004184100415,36,45,natural regeneration,2,0.0041841004184100415
MinneapolisMN,Salix amygdaloides,2,0.0041841004184100415,36,45,planted,0,0
MinneapolisMN,Salix amygdaloides,2,0.0041841004184100415,36,45,not sure,0,0
MinneapolisMN,Acer ginnala,1,0.0020920502092050207,46,46,natural regeneration,0,0
MinneapolisMN,Acer ginnala,1,0.0020920502092050207,46,46,planted,1,0.0020920502092050207
MinneapolisMN,Acer ginnala,1,0.0020920502092050207,46,46,not sure,0,0
MinneapolisMN,Carya cordiformis,1,0.0020920502092050207,46,47,natural regeneration,1,0.0020920502092050207
MinneapolisMN,Carya cordiformis,1,0.0020920502092050207,46,47,planted,0,0
MinneapolisMN,Carya cordiformis,1,0.0020920502092050207,46,47,not sure,0,0
MinneapolisMN,Catalpa speciosa,1,0.0020920502092050207,46,48,natural regeneration,0,0
MinneapolisMN,Catalpa speciosa,1,0.0020920502092050207,46,48,planted,1,0.0020920502092050207
MinneapolisMN,Catalpa speciosa,1,0.0020920502092050207,46,48,not sure,0,0
MinneapolisMN,Gymnocladus dioicus,1,0.0020920502092050207,46,49,natural regeneration,0,0
MinneapolisMN,Gymnocladus dioicus,1,0.0020920502092050207,46,49,planted,1,0.0020920502092050207
MinneapolisMN,Gymnocladus dioicus,1,0.0020920502092050207,46,49,not sure,0,0
MinneapolisMN,Pinus sylvestris,1,0.0020920502092050207,46,50,natural regeneration,0,0
MinneapolisMN,Pinus sylvestris,1,0.0020920502092050207,46,50,planted,1,0.0020920502092050207
MinneapolisMN,Pinus sylvestris,1,0.0020920502092050207,46,50,not sure,0,0
MinneapolisMN,Prunus armeniaca,1,0.0020920502092050207,46,51,natural regeneration,0,0
MinneapolisMN,Prunus armeniaca,1,0.0020920502092050207,46,51,planted,1,0.0020920502092050207
MinneapolisMN,Prunus armeniaca,1,0.0020920502092050207,46,51,not sure,0,0
MinneapolisMN,Quercus alba,1,0.0020920502092050207,46,52,natural regeneration,0,0
MinneapolisMN,Quercus alba,1,0.0020920502092050207,46,52,planted,0,0
MinneapolisMN,Quercus alba,1,0.0020920502092050207,46,52,not sure,1,0.0020920502092050207
MinneapolisMN,Quercus bicolor,1,0.0020920502092050207,46,53,natural regeneration,0,0
MinneapolisMN,Quercus bicolor,1,0.0020920502092050207,46,53,planted,1,0.0020920502092050207
MinneapolisMN,Quercus bicolor,1,0.0020920502092050207,46,53,not sure,0,0
MinneapolisMN,Quercus ellipsoidalis,1,0.0020920502092050207,46,54,natural regeneration,1,0.0020920502092050207
MinneapolisMN,Quercus ellipsoidalis,1,0.0020920502092050207,46,54,planted,0,0
MinneapolisMN,Quercus ellipsoidalis,1,0.0020920502092050207,46,54,not sure,0,0
MinneapolisMN,Quercus velutina,1,0.0020920502092050207,46,55,natural regeneration,0,0
MinneapolisMN,Quercus velutina,1,0.0020920502092050207,46,55,planted,1,0.0020920502092050207
MinneapolisMN,Quercus velutina,1,0.0020920502092050207,46,55,not sure,0,0
MinneapolisMN,Sorbus americana,1,0.0020920502092050207,46,56,natural regeneration,0,0
MinneapolisMN,Sorbus americana,1,0.0020920502092050207,46,56,planted,1,0.0020920502092050207
MinneapolisMN,Sorbus americana,1,0.0020920502092050207,46,56,not sure,0,0
MinneapolisMN,Taxus cuspidata,1,0.0020920502092050207,46,57,natural regeneration,0,0
MinneapolisMN,Taxus cuspidata,1,0.0020920502092050207,46,57,planted,1,0.0020920502092050207
MinneapolisMN,Taxus cuspidata,1,0.0020920502092050207,46,57,not sure,0,0
PhiladelphiaPA,Acer rubrum,40,0.11594202898550725,1,1,natural regeneration,34,0.09855072463768116
PhiladelphiaPA,Acer rubrum,40,0.11594202898550725,1,1,planted,1,0.002898550724637681
PhiladelphiaPA,Acer rubrum,40,0.11594202898550725,1,1,not sure,5,0.014492753623188406
PhiladelphiaPA,Prunus serotina,23,0.06666666666666667,2,2,natural regeneration,19,0.05507246376811594
PhiladelphiaPA,Prunus serotina,23,0.06666666666666667,2,2,planted,1,0.002898550724637681
PhiladelphiaPA,Prunus serotina,23,0.06666666666666667,2,2,not sure,3,0.008695652173913044
PhiladelphiaPA,Fraxinus pennsylvanica,22,0.06376811594202898,3,3,natural regeneration,20,0.05797101449275362
PhiladelphiaPA,Fraxinus pennsylvanica,22,0.06376811594202898,3,3,planted,2,0.005797101449275362
PhiladelphiaPA,Fraxinus pennsylvanica,22,0.06376811594202898,3,3,not sure,0,0
PhiladelphiaPA,Ailanthus altissima,18,0.05217391304347826,4,4,natural regeneration,18,0.05217391304347826
PhiladelphiaPA,Ailanthus altissima,18,0.05217391304347826,4,4,planted,0,0
PhiladelphiaPA,Ailanthus altissima,18,0.05217391304347826,4,4,not sure,0,0
PhiladelphiaPA,Ulmus rubra,13,0.03768115942028986,5,5,natural regeneration,13,0.03768115942028986
PhiladelphiaPA,Ulmus rubra,13,0.03768115942028986,5,5,planted,0,0
PhiladelphiaPA,Ulmus rubra,13,0.03768115942028986,5,5,not sure,0,0
PhiladelphiaPA,Gleditsia triacanthos,11,0.03188405797101449,6,6,natural regeneration,0,0
PhiladelphiaPA,Gleditsia triacanthos,11,0.03188405797101449,6,6,planted,11,0.03188405797101449
PhiladelphiaPA,Gleditsia triacanthos,11,0.03188405797101449,6,6,not sure,0,0
PhiladelphiaPA,Juglans nigra,11,0.03188405797101449,6,7,natural regeneration,7,0.020289855072463767
PhiladelphiaPA,Juglans nigra,11,0.03188405797101449,6,7,planted,0,0
PhiladelphiaPA,Juglans nigra,11,0.03188405797101449,6,7,not sure,4,0.011594202898550725
PhiladelphiaPA,Acer negundo,10,0.028985507246376812,8,8,natural regeneration,10,0.028985507246376812
PhiladelphiaPA,Acer negundo,10,0.028985507246376812,8,8,planted,0,0
PhiladelphiaPA,Acer negundo,10,0.028985507246376812,8,8,not sure,0,0
PhiladelphiaPA,Acer platanoides,10,0.028985507246376812,8,9,natural regeneration,5,0.014492753623188406
PhiladelphiaPA,Acer platanoides,10,0.028985507246376812,8,9,planted,5,0.014492753623188406
PhiladelphiaPA,Acer platanoides,10,0.028985507246376812,8,9,not sure,0,0
PhiladelphiaPA,Fraxinus americana,10,0.028985507246376812,8,10,natural regeneration,10,0.028985507246376812
PhiladelphiaPA,Fraxinus americana,10,0.028985507246376812,8,10,planted,0,0
PhiladelphiaPA,Fraxinus americana,10,0.028985507246376812,8,10,not sure,0,0
PhiladelphiaPA,Quercus rubra,10,0.028985507246376812,8,11,natural regeneration,9,0.026086956521739132
PhiladelphiaPA,Quercus rubra,10,0.028985507246376812,8,11,planted,1,0.002898550724637681
PhiladelphiaPA,Quercus rubra,10,0.028985507246376812,8,11,not sure,0,0
PhiladelphiaPA,Carpinus caroliniana,9,0.02608695652173913,12,12,natural regeneration,9,0.02608695652173913
PhiladelphiaPA,Carpinus caroliniana,9,0.02608695652173913,12,12,planted,0,0
PhiladelphiaPA,Carpinus caroliniana,9,0.02608695652173913,12,12,not sure,0,0
PhiladelphiaPA,Fagus grandifolia,8,0.02318840579710145,13,13,natural regeneration,8,0.02318840579710145
PhiladelphiaPA,Fagus grandifolia,8,0.02318840579710145,13,13,planted,0,0
PhiladelphiaPA,Fagus grandifolia,8,0.02318840579710145,13,13,not sure,0,0
PhiladelphiaPA,Liriodendron tulipifera,8,0.02318840579710145,13,14,natural regeneration,8,0.02318840579710145
PhiladelphiaPA,Liriodendron tulipifera,8,0.02318840579710145,13,14,planted,0,0
PhiladelphiaPA,Liriodendron tulipifera,8,0.02318840579710145,13,14,not sure,0,0
PhiladelphiaPA,Malus spp.,8,0.02318840579710145,13,15,natural regeneration,5,0.014492753623188406
PhiladelphiaPA,Malus spp.,8,0.02318840579710145,13,15,planted,3,0.008695652173913044
PhiladelphiaPA,Malus spp.,8,0.02318840579710145,13,15,not sure,0,0
PhiladelphiaPA,Pinus strobus,8,0.02318840579710145,13,16,natural regeneration,0,0
PhiladelphiaPA,Pinus strobus,8,0.02318840579710145,13,16,planted,8,0.02318840579710145
PhiladelphiaPA,Pinus strobus,8,0.02318840579710145,13,16,not sure,0,0
PhiladelphiaPA,Acer saccharinum,7,0.020289855072463767,17,17,natural regeneration,6,0.017391304347826084
PhiladelphiaPA,Acer saccharinum,7,0.020289855072463767,17,17,planted,1,0.0028985507246376808
PhiladelphiaPA,Acer saccharinum,7,0.020289855072463767,17,17,not sure,0,0
PhiladelphiaPA,Acer palmatum,6,0.017391304347826087,18,18,natural regeneration,0,0
PhiladelphiaPA,Acer palmatum,6,0.017391304347826087,18,18,planted,6,0.017391304347826087
PhiladelphiaPA,Acer palmatum,6,0.017391304347826087,18,18,not sure,0,0
PhiladelphiaPA,Morus rubra,6,0.017391304347826087,18,19,natural regeneration,6,0.017391304347826087
PhiladelphiaPA,Morus rubra,6,0.017391304347826087,18,19,planted,0,0
PhiladelphiaPA,Morus rubra,6,0.017391304347826087,18,19,not sure,0,0
PhiladelphiaPA,Ulmus americana,6,0.017391304347826087,18,20,natural regeneration,5,0.014492753623188406
PhiladelphiaPA,Ulmus americana,6,0.017391304347826087,18,20,planted,1,0.002898550724637681
PhiladelphiaPA,Ulmus americana,6,0.017391304347826087,18,20,not sure,0,0
PhiladelphiaPA,Betula lenta,5,0.014492753623188406,21,21,natural regeneration,5,0.014492753623188406
PhiladelphiaPA,Betula lenta,5,0.014492753623188406,21,21,planted,0,0
PhiladelphiaPA,Betula lenta,5,0.014492753623188406,21,21,not sure,0,0
PhiladelphiaPA,Nyssa sylvatica,5,0.014492753623188406,21,22,natural regeneration,4,0.011594202898550725
PhiladelphiaPA,Nyssa sylvatica,5,0.014492753623188406,21,22,planted,1,0.002898550724637681
PhiladelphiaPA,Nyssa sylvatica,5,0.014492753623188406,21,22,not sure,0,0
PhiladelphiaPA,Prunus avium,5,0.014492753623188406,21,23,natural regeneration,3,0.008695652173913044
PhiladelphiaPA,Prunus avium,5,0.014492753623188406,21,23,planted,2,0.005797101449275362
PhiladelphiaPA,Prunus avium,5,0.014492753623188406,21,23,not sure,0,0
PhiladelphiaPA,Tilia cordata,5,0.014492753623188406,21,24,natural regeneration,0,0
PhiladelphiaPA,Tilia cordata,5,0.014492753623188406,21,24,planted,5,0.014492753623188406
PhiladelphiaPA,Tilia cordata,5,0.014492753623188406,21,24,not sure,0,0
PhiladelphiaPA,Cornus florida,4,0.011594202898550725,25,25,natural regeneration,0,0
PhiladelphiaPA,Cornus florida,4,0.011594202898550725,25,25,planted,4,0.011594202898550725
PhiladelphiaPA,Cornus florida,4,0.011594202898550725,25,25,not sure,0,0
PhiladelphiaPA,Gymnocladus dioicus,4,0.011594202898550725,25,26,natural regeneration,1,0.002898550724637681
PhiladelphiaPA,Gymnocladus dioicus,4,0.011594202898550725,25,26,planted,3,0.008695652173913044
PhiladelphiaPA,Gymnocladus dioicus,4,0.011594202898550725,25,26,not sure,0,0
PhiladelphiaPA,Juniperus virginiana,4,0.011594202898550725,25,27,natural regeneration,0,0
PhiladelphiaPA,Juniperus virginiana,4,0.011594202898550725,25,27,planted,4,0.011594202898550725
PhiladelphiaPA,Juniperus virginiana,4,0.011594202898550725,25,27,not sure,0,0
PhiladelphiaPA,Magnolia x soulangiana,4,0.011594202898550725,25,28,natural regeneration,0,0
PhiladelphiaPA,Magnolia x soulangiana,4,0.011594202898550725,25,28,planted,4,0.011594202898550725
PhiladelphiaPA,Magnolia x soulangiana,4,0.011594202898550725,25,28,not sure,0,0
PhiladelphiaPA,Pyrus calleryana,4,0.011594202898550725,25,29,natural regeneration,0,0
PhiladelphiaPA,Pyrus calleryana,4,0.011594202898550725,25,29,planted,4,0.011594202898550725
PhiladelphiaPA,Pyrus calleryana,4,0.011594202898550725,25,29,not sure,0,0
PhiladelphiaPA,Tsuga canadensis,4,0.011594202898550725,25,30,natural regeneration,4,0.011594202898550725
PhiladelphiaPA,Tsuga canadensis,4,0.011594202898550725,25,30,planted,0,0
PhiladelphiaPA,Tsuga canadensis,4,0.011594202898550725,25,30,not sure,0,0
PhiladelphiaPA,Paulownia tomentosa,3,0.008695652173913044,31,31,natural regeneration,3,0.008695652173913044
PhiladelphiaPA,Paulownia tomentosa,3,0.008695652173913044,31,31,planted,0,0
PhiladelphiaPA,Paulownia tomentosa,3,0.008695652173913044,31,31,not sure,0,0
PhiladelphiaPA,Platanus hybrida,3,0.008695652173913044,31,32,natural regeneration,0,0
PhiladelphiaPA,Platanus hybrida,3,0.008695652173913044,31,32,planted,3,0.008695652173913044
PhiladelphiaPA,Platanus hybrida,3,0.008695652173913044,31,32,not sure,0,0
PhiladelphiaPA,Quercus prinus,3,0.008695652173913044,31,33,natural regeneration,3,0.008695652173913044
PhiladelphiaPA,Quercus prinus,3,0.008695652173913044,31,33,planted,0,0
PhiladelphiaPA,Quercus prinus,3,0.008695652173913044,31,33,not sure,0,0
PhiladelphiaPA,Zelkova serrata,3,0.008695652173913044,31,34,natural regeneration,0,0
PhiladelphiaPA,Zelkova serrata,3,0.008695652173913044,31,34,planted,3,0.008695652173913044
PhiladelphiaPA,Zelkova serrata,3,0.008695652173913044,31,34,not sure,0,0
PhiladelphiaPA,Acer saccharum,2,0.005797101449275362,35,35,natural regeneration,0,0
PhiladelphiaPA,Acer saccharum,2,0.005797101449275362,35,35,planted,2,0.005797101449275362
PhiladelphiaPA,Acer saccharum,2,0.005797101449275362,35,35,not sure,0,0
PhiladelphiaPA,Carya cordiformis,2,0.005797101449275362,35,36,natural regeneration,2,0.005797101449275362
PhiladelphiaPA,Carya cordiformis,2,0.005797101449275362,35,36,planted,0,0
PhiladelphiaPA,Carya cordiformis,2,0.005797101449275362,35,36,not sure,0,0
PhiladelphiaPA,Cercidiphyllum japonicum,2,0.005797101449275362,35,37,natural regeneration,0,0
PhiladelphiaPA,Cercidiphyllum japonicum,2,0.005797101449275362,35,37,planted,2,0.005797101449275362
PhiladelphiaPA,Cercidiphyllum japonicum,2,0.005797101449275362,35,37,not sure,0,0
PhiladelphiaPA,Cornus kousa,2,0.005797101449275362,35,38,natural regeneration,0,0
PhiladelphiaPA,Cornus kousa,2,0.005797101449275362,35,38,planted,2,0.005797101449275362
PhiladelphiaPA,Cornus kousa,2,0.005797101449275362,35,38,not sure,0,0
PhiladelphiaPA,Ginkgo biloba,2,0.005797101449275362,35,39,natural regeneration,0,0
PhiladelphiaPA,Ginkgo biloba,2,0.005797101449275362,35,39,planted,2,0.005797101449275362
PhiladelphiaPA,Ginkgo biloba,2,0.005797101449275362,35,39,not sure,0,0
PhiladelphiaPA,Metasequoia glyptostroboides,2,0.005797101449275362,35,40,natural regeneration,0,0
PhiladelphiaPA,Metasequoia glyptostroboides,2,0.005797101449275362,35,40,planted,2,0.005797101449275362
PhiladelphiaPA,Metasequoia glyptostroboides,2,0.005797101449275362,35,40,not sure,0,0
PhiladelphiaPA,Picea abies,2,0.005797101449275362,35,41,natural regeneration,0,0
PhiladelphiaPA,Picea abies,2,0.005797101449275362,35,41,planted,2,0.005797101449275362
PhiladelphiaPA,Picea abies,2,0.005797101449275362,35,41,not sure,0,0
PhiladelphiaPA,Picea pungens,2,0.005797101449275362,35,42,natural regeneration,0,0
PhiladelphiaPA,Picea pungens,2,0.005797101449275362,35,42,planted,2,0.005797101449275362
PhiladelphiaPA,Picea pungens,2,0.005797101449275362,35,42,not sure,0,0
PhiladelphiaPA,Pyrus spp.,2,0.005797101449275362,35,43,natural regeneration,0,0
PhiladelphiaPA,Pyrus spp.,2,0.005797101449275362,35,43,planted,2,0.005797101449275362
PhiladelphiaPA,Pyrus spp.,2,0.005797101449275362,35,43,not sure,0,0
PhiladelphiaPA,Quercus palustris,2,0.005797101449275362,35,44,natural regeneration,1,0.002898550724637681
PhiladelphiaPA,Quercus palustris,2,0.005797101449275362,35,44,planted,1,0.002898550724637681
PhiladelphiaPA,Quercus palustris,2,0.005797101449275362,35,44,not sure,0,0
PhiladelphiaPA,Taxus cuspidata,2,0.005797101449275362,35,45,natural regeneration,0,0
PhiladelphiaPA,Taxus cuspidata,2,0.005797101449275362,35,45,planted,2,0.005797101449275362
PhiladelphiaPA,Taxus cuspidata,2,0.005797101449275362,35,45,not sure,0,0
PhiladelphiaPA,Ulmus parvifolia,2,0.005797101449275362,35,46,natural regeneration,2,0.005797101449275362
PhiladelphiaPA,Ulmus parvifolia,2,0.005797101449275362,35,46,planted,0,0
PhiladelphiaPA,Ulmus parvifolia,2,0.005797101449275362,35,46,not sure,0,0
PhiladelphiaPA,Celtis occidentalis,1,0.002898550724637681,47,47,natural regeneration,1,0.002898550724637681
PhiladelphiaPA,Celtis occidentalis,1,0.002898550724637681,47,47,planted,0,0
PhiladelphiaPA,Celtis occidentalis,1,0.002898550724637681,47,47,not sure,0,0
PhiladelphiaPA,Celtis sinensis,1,0.002898550724637681,47,48,natural regeneration,0,0
PhiladelphiaPA,Celtis sinensis,1,0.002898550724637681,47,48,planted,1,0.002898550724637681
PhiladelphiaPA,Celtis sinensis,1,0.002898550724637681,47,48,not sure,0,0
PhiladelphiaPA,Koelreuteria paniculata,1,0.002898550724637681,47,49,natural regeneration,0,0
PhiladelphiaPA,Koelreuteria paniculata,1,0.002898550724637681,47,49,planted,1,0.002898550724637681
PhiladelphiaPA,Koelreuteria paniculata,1,0.002898550724637681,47,49,not sure,0,0
PhiladelphiaPA,Larix decidua,1,0.002898550724637681,47,50,natural regeneration,0,0
PhiladelphiaPA,Larix decidua,1,0.002898550724637681,47,50,planted,1,0.002898550724637681
PhiladelphiaPA,Larix decidua,1,0.002898550724637681,47,50,not sure,0,0
PhiladelphiaPA,Liquidambar styraciflua,1,0.002898550724637681,47,51,natural regeneration,0,0
PhiladelphiaPA,Liquidambar styraciflua,1,0.002898550724637681,47,51,planted,1,0.002898550724637681
PhiladelphiaPA,Liquidambar styraciflua,1,0.002898550724637681,47,51,not sure,0,0
PhiladelphiaPA,Magnolia acuminata,1,0.002898550724637681,47,52,natural regeneration,0,0
PhiladelphiaPA,Magnolia acuminata,1,0.002898550724637681,47,52,planted,1,0.002898550724637681
PhiladelphiaPA,Magnolia acuminata,1,0.002898550724637681,47,52,not sure,0,0
PhiladelphiaPA,Platanus occidentalis,1,0.002898550724637681,47,53,natural regeneration,1,0.002898550724637681
PhiladelphiaPA,Platanus occidentalis,1,0.002898550724637681,47,53,planted,0,0
PhiladelphiaPA,Platanus occidentalis,1,0.002898550724637681,47,53,not sure,0,0
PhiladelphiaPA,Populus tremuloides,1,0.002898550724637681,47,54,natural regeneration,1,0.002898550724637681
PhiladelphiaPA,Populus tremuloides,1,0.002898550724637681,47,54,planted,0,0
PhiladelphiaPA,Populus tremuloides,1,0.002898550724637681,47,54,not sure,0,0
PhiladelphiaPA,Prunus cerasifera,1,0.002898550724637681,47,55,natural regeneration,0,0
PhiladelphiaPA,Prunus cerasifera,1,0.002898550724637681,47,55,planted,1,0.002898550724637681
PhiladelphiaPA,Prunus cerasifera,1,0.002898550724637681,47,55,not sure,0,0
PhiladelphiaPA,Prunus serrulata,1,0.002898550724637681,47,56,natural regeneration,0,0
PhiladelphiaPA,Prunus serrulata,1,0.002898550724637681,47,56,planted,1,0.002898550724637681
PhiladelphiaPA,Prunus serrulata,1,0.002898550724637681,47,56,not sure,0,0
PhiladelphiaPA,Prunus x yedoensis,1,0.002898550724637681,47,57,natural regeneration,0,0
PhiladelphiaPA,Prunus x yedoensis,1,0.002898550724637681,47,57,planted,1,0.002898550724637681
PhiladelphiaPA,Prunus x yedoensis,1,0.002898550724637681,47,57,not sure,0,0
PhiladelphiaPA,Quercus acutissima,1,0.002898550724637681,47,58,natural regeneration,0,0
PhiladelphiaPA,Quercus acutissima,1,0.002898550724637681,47,58,planted,1,0.002898550724637681
PhiladelphiaPA,Quercus acutissima,1,0.002898550724637681,47,58,not sure,0,0
PhiladelphiaPA,Quercus imbricaria,1,0.002898550724637681,47,59,natural regeneration,0,0
PhiladelphiaPA,Quercus imbricaria,1,0.002898550724637681,47,59,planted,1,0.002898550724637681
PhiladelphiaPA,Quercus imbricaria,1,0.002898550724637681,47,59,not sure,0,0
PhiladelphiaPA,Quercus macrocarpa,1,0.002898550724637681,47,60,natural regeneration,0,0
PhiladelphiaPA,Quercus macrocarpa,1,0.002898550724637681,47,60,planted,0,0
PhiladelphiaPA,Quercus macrocarpa,1,0.002898550724637681,47,60,not sure,1,0.002898550724637681
PhiladelphiaPA,Quercus velutina,1,0.002898550724637681,47,61,natural regeneration,1,0.002898550724637681
PhiladelphiaPA,Quercus velutina,1,0.002898550724637681,47,61,planted,0,0
PhiladelphiaPA,Quercus velutina,1,0.002898550724637681,47,61,not sure,0,0
PhiladelphiaPA,Salix nigra,1,0.002898550724637681,47,62,natural regeneration,1,0.002898550724637681
PhiladelphiaPA,Salix nigra,1,0.002898550724637681,47,62,planted,0,0
PhiladelphiaPA,Salix nigra,1,0.002898550724637681,47,62,not sure,0,0
PhiladelphiaPA,Sassafras albidum,1,0.002898550724637681,47,63,natural regeneration,1,0.002898550724637681
PhiladelphiaPA,Sassafras albidum,1,0.002898550724637681,47,63,planted,0,0
PhiladelphiaPA,Sassafras albidum,1,0.002898550724637681,47,63,not sure,0,0
PhiladelphiaPA,Stewartia koreana,1,0.002898550724637681,47,64,natural regeneration,0,0
PhiladelphiaPA,Stewartia koreana,1,0.002898550724637681,47,64,planted,1,0.002898550724637681
PhiladelphiaPA,Stewartia koreana,1,0.002898550724637681,47,64,not sure,0,0
PhiladelphiaPA,Styphnolobium japonicum,1,0.002898550724637681,47,65,natural regeneration,0,0
PhiladelphiaPA,Styphnolobium japonicum,1,0.002898550724637681,47,65,planted,1,0.002898550724637681
PhiladelphiaPA,Styphnolobium japonicum,1,0.002898550724637681,47,65,not sure,0,0
PhiladelphiaPA,Thuja occidentalis,1,0.002898550724637681,47,66,natural regeneration,0,0
PhiladelphiaPA,Thuja occidentalis,1,0.002898550724637681,47,66,planted,1,0.002898550724637681
PhiladelphiaPA,Thuja occidentalis,1,0.002898550724637681,47,66,not sure,0,0
PhiladelphiaPA,Tilia tomentosa,1,0.002898550724637681,47,67,natural regeneration,0,0
PhiladelphiaPA,Tilia tomentosa,1,0.002898550724637681,47,67,planted,1,0.002898550724637681
PhiladelphiaPA,Tilia tomentosa,1,0.002898550724637681,47,67,not sure,0,0
PittsburghPA,Prunus serotina,228,0.2558922558922559,1,1,natural regeneration,222,0.24915824915824916
PittsburghPA,Prunus serotina,228,0.2558922558922559,1,1,planted,2,0.0022446689113355778
PittsburghPA,Prunus serotina,228,0.2558922558922559,1,1,not sure,4,0.0044893378226711555
PittsburghPA,Acer platanoides,115,0.12906846240179573,2,2,natural regeneration,98,0.10998877665544331
PittsburghPA,Acer platanoides,115,0.12906846240179573,2,2,planted,8,0.008978675645342311
PittsburghPA,Acer platanoides,115,0.12906846240179573,2,2,not sure,9,0.010101010101010102
PittsburghPA,Robinia pseudoacacia,92,0.10325476992143659,3,3,natural regeneration,84,0.09427609427609428
PittsburghPA,Robinia pseudoacacia,92,0.10325476992143659,3,3,planted,0,0
PittsburghPA,Robinia pseudoacacia,92,0.10325476992143659,3,3,not sure,8,0.008978675645342313
PittsburghPA,Ailanthus altissima,56,0.06285072951739619,4,4,natural regeneration,51,0.05723905723905724
PittsburghPA,Ailanthus altissima,56,0.06285072951739619,4,4,planted,0,0
PittsburghPA,Ailanthus altissima,56,0.06285072951739619,4,4,not sure,5,0.0056116722783389455
PittsburghPA,Ulmus americana,50,0.05611672278338945,5,5,natural regeneration,48,0.05387205387205387
PittsburghPA,Ulmus americana,50,0.05611672278338945,5,5,planted,0,0
PittsburghPA,Ulmus americana,50,0.05611672278338945,5,5,not sure,2,0.002244668911335578
PittsburghPA,Quercus rubra,47,0.052749719416386086,6,6,natural regeneration,42,0.04713804713804714
PittsburghPA,Quercus rubra,47,0.052749719416386086,6,6,planted,5,0.0056116722783389455
PittsburghPA,Quercus rubra,47,0.052749719416386086,6,6,not sure,0,0
PittsburghPA,Acer saccharum,21,0.02356902356902357,7,7,natural regeneration,21,0.02356902356902357
PittsburghPA,Acer saccharum,21,0.02356902356902357,7,7,planted,0,0
PittsburghPA,Acer saccharum,21,0.02356902356902357,7,7,not sure,0,0
PittsburghPA,Morus rubra,19,0.02132435465768799,8,8,natural regeneration,19,0.02132435465768799
PittsburghPA,Morus rubra,19,0.02132435465768799,8,8,planted,0,0
PittsburghPA,Morus rubra,19,0.02132435465768799,8,8,not sure,0,0
PittsburghPA,Acer negundo,16,0.017957351290684626,9,9,natural regeneration,16,0.017957351290684626
PittsburghPA,Acer negundo,16,0.017957351290684626,9,9,planted,0,0
PittsburghPA,Acer negundo,16,0.017957351290684626,9,9,not sure,0,0
PittsburghPA,Tsuga canadensis,16,0.017957351290684626,9,10,natural regeneration,0,0
PittsburghPA,Tsuga canadensis,16,0.017957351290684626,9,10,planted,16,0.017957351290684626
PittsburghPA,Tsuga canadensis,16,0.017957351290684626,9,10,not sure,0,0
PittsburghPA,Acer rubrum,15,0.016835016835016835,11,11,natural regeneration,12,0.01346801346801347
PittsburghPA,Acer rubrum,15,0.016835016835016835,11,11,planted,3,0.0033670033670033673
PittsburghPA,Acer rubrum,15,0.016835016835016835,11,11,not sure,0,0
PittsburghPA,Morus alba,14,0.015712682379349047,12,12,natural regeneration,11,0.01234567901234568
PittsburghPA,Morus alba,14,0.015712682379349047,12,12,planted,1,0.001122334455667789
PittsburghPA,Morus alba,14,0.015712682379349047,12,12,not sure,2,0.002244668911335578
PittsburghPA,Acer nigrum,12,0.013468013468013467,13,13,natural regeneration,11,0.012345679012345678
PittsburghPA,Acer nigrum,12,0.013468013468013467,13,13,planted,0,0
PittsburghPA,Acer nigrum,12,0.013468013468013467,13,13,not sure,1,0.0011223344556677889
PittsburghPA,Platanus hybrida,11,0.012345679012345678,14,14,natural regeneration,0,0
PittsburghPA,Platanus hybrida,11,0.012345679012345678,14,14,planted,11,0.012345679012345678
PittsburghPA,Platanus hybrida,11,0.012345679012345678,14,14,not sure,0,0
PittsburghPA,Juglans nigra,10,0.01122334455667789,15,15,natural regeneration,9,0.0101010101010101
PittsburghPA,Juglans nigra,10,0.01122334455667789,15,15,planted,0,0
PittsburghPA,Juglans nigra,10,0.01122334455667789,15,15,not sure,1,0.0011223344556677889
PittsburghPA,Malus spp.,10,0.01122334455667789,15,16,natural regeneration,3,0.003367003367003367
PittsburghPA,Malus spp.,10,0.01122334455667789,15,16,planted,7,0.007856341189674522
PittsburghPA,Malus spp.,10,0.01122334455667789,15,16,not sure,0,0
PittsburghPA,Picea abies,10,0.01122334455667789,15,17,natural regeneration,2,0.0022446689113355778
PittsburghPA,Picea abies,10,0.01122334455667789,15,17,planted,6,0.006734006734006734
PittsburghPA,Picea abies,10,0.01122334455667789,15,17,not sure,2,0.0022446689113355778
PittsburghPA,Quercus palustris,8,0.008978675645342313,18,18,natural regeneration,2,0.002244668911335578
PittsburghPA,Quercus palustris,8,0.008978675645342313,18,18,planted,4,0.004489337822671156
PittsburghPA,Quercus palustris,8,0.008978675645342313,18,18,not sure,2,0.002244668911335578
PittsburghPA,Tsuga heterophylla,7,0.007856341189674524,19,19,natural regeneration,0,0
PittsburghPA,Tsuga heterophylla,7,0.007856341189674524,19,19,planted,7,0.007856341189674524
PittsburghPA,Tsuga heterophylla,7,0.007856341189674524,19,19,not sure,0,0
PittsburghPA,Acer saccharinum,6,0.006734006734006734,20,20,natural regeneration,3,0.003367003367003367
PittsburghPA,Acer saccharinum,6,0.006734006734006734,20,20,planted,2,0.0022446689113355778
PittsburghPA,Acer saccharinum,6,0.006734006734006734,20,20,not sure,1,0.0011223344556677889
PittsburghPA,Liquidambar styraciflua,6,0.006734006734006734,20,21,natural regeneration,1,0.0011223344556677889
PittsburghPA,Liquidambar styraciflua,6,0.006734006734006734,20,21,planted,5,0.005611672278338945
PittsburghPA,Liquidambar styraciflua,6,0.006734006734006734,20,21,not sure,0,0
PittsburghPA,Picea pungens,6,0.006734006734006734,20,22,natural regeneration,0,0
PittsburghPA,Picea pungens,6,0.006734006734006734,20,22,planted,6,0.006734006734006734
PittsburghPA,Picea pungens,6,0.006734006734006734,20,22,not sure,0,0
PittsburghPA,Prunus avium,6,0.006734006734006734,20,23,natural regeneration,5,0.005611672278338945
PittsburghPA,Prunus avium,6,0.006734006734006734,20,23,planted,1,0.0011223344556677889
PittsburghPA,Prunus avium,6,0.006734006734006734,20,23,not sure,0,0
PittsburghPA,Pyrus spp.,6,0.006734006734006734,20,24,natural regeneration,4,0.0044893378226711555
PittsburghPA,Pyrus spp.,6,0.006734006734006734,20,24,planted,2,0.0022446689113355778
PittsburghPA,Pyrus spp.,6,0.006734006734006734,20,24,not sure,0,0
PittsburghPA,Betula lenta,5,0.005611672278338945,25,25,natural regeneration,5,0.005611672278338945
PittsburghPA,Betula lenta,5,0.005611672278338945,25,25,planted,0,0
PittsburghPA,Betula lenta,5,0.005611672278338945,25,25,not sure,0,0
PittsburghPA,Betula papyrifera,5,0.005611672278338945,25,26,natural regeneration,0,0
PittsburghPA,Betula papyrifera,5,0.005611672278338945,25,26,planted,5,0.005611672278338945
PittsburghPA,Betula papyrifera,5,0.005611672278338945,25,26,not sure,0,0
PittsburghPA,Pinus strobus,5,0.005611672278338945,25,27,natural regeneration,0,0
PittsburghPA,Pinus strobus,5,0.005611672278338945,25,27,planted,5,0.005611672278338945
PittsburghPA,Pinus strobus,5,0.005611672278338945,25,27,not sure,0,0
PittsburghPA,Pinus sylvestris,5,0.005611672278338945,25,28,natural regeneration,0,0
PittsburghPA,Pinus sylvestris,5,0.005611672278338945,25,28,planted,5,0.005611672278338945
PittsburghPA,Pinus sylvestris,5,0.005611672278338945,25,28,not sure,0,0
PittsburghPA,Aesculus hippocastanum,4,0.004489337822671156,29,29,natural regeneration,0,0
PittsburghPA,Aesculus hippocastanum,4,0.004489337822671156,29,29,planted,4,0.004489337822671156
PittsburghPA,Aesculus hippocastanum,4,0.004489337822671156,29,29,not sure,0,0
PittsburghPA,Catalpa speciosa,4,0.004489337822671156,29,30,natural regeneration,3,0.0033670033670033673
PittsburghPA,Catalpa speciosa,4,0.004489337822671156,29,30,planted,0,0
PittsburghPA,Catalpa speciosa,4,0.004489337822671156,29,30,not sure,1,0.001122334455667789
PittsburghPA,Fagus grandifolia,4,0.004489337822671156,29,31,natural regeneration,4,0.004489337822671156
PittsburghPA,Fagus grandifolia,4,0.004489337822671156,29,31,planted,0,0
PittsburghPA,Fagus grandifolia,4,0.004489337822671156,29,31,not sure,0,0
PittsburghPA,Fraxinus americana,4,0.004489337822671156,29,32,natural regeneration,3,0.0033670033670033673
PittsburghPA,Fraxinus americana,4,0.004489337822671156,29,32,planted,1,0.001122334455667789
PittsburghPA,Fraxinus americana,4,0.004489337822671156,29,32,not sure,0,0
PittsburghPA,Maclura pomifera,4,0.004489337822671156,29,33,natural regeneration,4,0.004489337822671156
PittsburghPA,Maclura pomifera,4,0.004489337822671156,29,33,planted,0,0
PittsburghPA,Maclura pomifera,4,0.004489337822671156,29,33,not sure,0,0
PittsburghPA,Magnolia x soulangiana,4,0.004489337822671156,29,34,natural regeneration,0,0
PittsburghPA,Magnolia x soulangiana,4,0.004489337822671156,29,34,planted,4,0.004489337822671156
PittsburghPA,Magnolia x soulangiana,4,0.004489337822671156,29,34,not sure,0,0
PittsburghPA,Populus deltoides,4,0.004489337822671156,29,35,natural regeneration,4,0.004489337822671156
PittsburghPA,Populus deltoides,4,0.004489337822671156,29,35,planted,0,0
PittsburghPA,Populus deltoides,4,0.004489337822671156,29,35,not sure,0,0
PittsburghPA,Quercus coccinea,4,0.004489337822671156,29,36,natural regeneration,4,0.004489337822671156
PittsburghPA,Quercus coccinea,4,0.004489337822671156,29,36,planted,0,0
PittsburghPA,Quercus coccinea,4,0.004489337822671156,29,36,not sure,0,0
PittsburghPA,Ulmus pumila,4,0.004489337822671156,29,37,natural regeneration,1,0.001122334455667789
PittsburghPA,Ulmus pumila,4,0.004489337822671156,29,37,planted,0,0
PittsburghPA,Ulmus pumila,4,0.004489337822671156,29,37,not sure,3,0.0033670033670033673
PittsburghPA,Carya ovata,3,0.003367003367003367,38,38,natural regeneration,3,0.003367003367003367
PittsburghPA,Carya ovata,3,0.003367003367003367,38,38,planted,0,0
PittsburghPA,Carya ovata,3,0.003367003367003367,38,38,not sure,0,0
PittsburghPA,Celtis occidentalis,3,0.003367003367003367,38,39,natural regeneration,3,0.003367003367003367
PittsburghPA,Celtis occidentalis,3,0.003367003367003367,38,39,planted,0,0
PittsburghPA,Celtis occidentalis,3,0.003367003367003367,38,39,not sure,0,0
PittsburghPA,Cornus florida,3,0.003367003367003367,38,40,natural regeneration,0,0
PittsburghPA,Cornus florida,3,0.003367003367003367,38,40,planted,3,0.003367003367003367
PittsburghPA,Cornus florida,3,0.003367003367003367,38,40,not sure,0,0
PittsburghPA,Gleditsia triacanthos,3,0.003367003367003367,38,41,natural regeneration,1,0.0011223344556677889
PittsburghPA,Gleditsia triacanthos,3,0.003367003367003367,38,41,planted,2,0.0022446689113355778
PittsburghPA,Gleditsia triacanthos,3,0.003367003367003367,38,41,not sure,0,0
PittsburghPA,Juniperus virginiana,3,0.003367003367003367,38,42,natural regeneration,0,0
PittsburghPA,Juniperus virginiana,3,0.003367003367003367,38,42,planted,3,0.003367003367003367
PittsburghPA,Juniperus virginiana,3,0.003367003367003367,38,42,not sure,0,0
PittsburghPA,Quercus alba,3,0.003367003367003367,38,43,natural regeneration,3,0.003367003367003367
PittsburghPA,Quercus alba,3,0.003367003367003367,38,43,planted,0,0
PittsburghPA,Quercus alba,3,0.003367003367003367,38,43,not sure,0,0
PittsburghPA,Quercus prinus,3,0.003367003367003367,38,44,natural regeneration,3,0.003367003367003367
PittsburghPA,Quercus prinus,3,0.003367003367003367,38,44,planted,0,0
PittsburghPA,Quercus prinus,3,0.003367003367003367,38,44,not sure,0,0
PittsburghPA,Tilia americana,3,0.003367003367003367,38,45,natural regeneration,1,0.0011223344556677889
PittsburghPA,Tilia americana,3,0.003367003367003367,38,45,planted,1,0.0011223344556677889
PittsburghPA,Tilia americana,3,0.003367003367003367,38,45,not sure,1,0.0011223344556677889
PittsburghPA,Acer campestre,2,0.002244668911335578,46,46,natural regeneration,2,0.002244668911335578
PittsburghPA,Acer campestre,2,0.002244668911335578,46,46,planted,0,0
PittsburghPA,Acer campestre,2,0.002244668911335578,46,46,not sure,0,0
PittsburghPA,Carya cordiformis,2,0.002244668911335578,46,47,natural regeneration,2,0.002244668911335578
PittsburghPA,Carya cordiformis,2,0.002244668911335578,46,47,planted,0,0
PittsburghPA,Carya cordiformis,2,0.002244668911335578,46,47,not sure,0,0
PittsburghPA,Crataegus spp.,2,0.002244668911335578,46,48,natural regeneration,2,0.002244668911335578
PittsburghPA,Crataegus spp.,2,0.002244668911335578,46,48,planted,0,0
PittsburghPA,Crataegus spp.,2,0.002244668911335578,46,48,not sure,0,0
PittsburghPA,Ostrya virginiana,2,0.002244668911335578,46,49,natural regeneration,2,0.002244668911335578
PittsburghPA,Ostrya virginiana,2,0.002244668911335578,46,49,planted,0,0
PittsburghPA,Ostrya virginiana,2,0.002244668911335578,46,49,not sure,0,0
PittsburghPA,Platanus occidentalis,2,0.002244668911335578,46,50,natural regeneration,2,0.002244668911335578
PittsburghPA,Platanus occidentalis,2,0.002244668911335578,46,50,planted,0,0
PittsburghPA,Platanus occidentalis,2,0.002244668911335578,46,50,not sure,0,0
PittsburghPA,Carya alba,1,0.001122334455667789,51,51,natural regeneration,1,0.001122334455667789
PittsburghPA,Carya alba,1,0.001122334455667789,51,51,planted,0,0
PittsburghPA,Carya alba,1,0.001122334455667789,51,51,not sure,0,0
PittsburghPA,Carya glabra,1,0.001122334455667789,51,52,natural regeneration,1,0.001122334455667789
PittsburghPA,Carya glabra,1,0.001122334455667789,51,52,planted,0,0
PittsburghPA,Carya glabra,1,0.001122334455667789,51,52,not sure,0,0
PittsburghPA,Chamaecyparis obtusa,1,0.001122334455667789,51,53,natural regeneration,1,0.001122334455667789
PittsburghPA,Chamaecyparis obtusa,1,0.001122334455667789,51,53,planted,0,0
PittsburghPA,Chamaecyparis obtusa,1,0.001122334455667789,51,53,not sure,0,0
PittsburghPA,Chamaecyparis pisifera,1,0.001122334455667789,51,54,natural regeneration,0,0
PittsburghPA,Chamaecyparis pisifera,1,0.001122334455667789,51,54,planted,1,0.001122334455667789
PittsburghPA,Chamaecyparis pisifera,1,0.001122334455667789,51,54,not sure,0,0
PittsburghPA,Ginkgo biloba,1,0.001122334455667789,51,55,natural regeneration,0,0
PittsburghPA,Ginkgo biloba,1,0.001122334455667789,51,55,planted,1,0.001122334455667789
PittsburghPA,Ginkgo biloba,1,0.001122334455667789,51,55,not sure,0,0
PittsburghPA,Nyssa sylvatica,1,0.001122334455667789,51,56,natural regeneration,1,0.001122334455667789
PittsburghPA,Nyssa sylvatica,1,0.001122334455667789,51,56,planted,0,0
PittsburghPA,Nyssa sylvatica,1,0.001122334455667789,51,56,not sure,0,0
PittsburghPA,Pinus nigra,1,0.001122334455667789,51,57,natural regeneration,0,0
PittsburghPA,Pinus nigra,1,0.001122334455667789,51,57,planted,1,0.001122334455667789
PittsburghPA,Pinus nigra,1,0.001122334455667789,51,57,not sure,0,0
PittsburghPA,Populus tremuloides,1,0.001122334455667789,51,58,natural regeneration,1,0.001122334455667789
PittsburghPA,Populus tremuloides,1,0.001122334455667789,51,58,planted,0,0
PittsburghPA,Populus tremuloides,1,0.001122334455667789,51,58,not sure,0,0
PittsburghPA,Prunus domestica,1,0.001122334455667789,51,59,natural regeneration,1,0.001122334455667789
PittsburghPA,Prunus domestica,1,0.001122334455667789,51,59,planted,0,0
PittsburghPA,Prunus domestica,1,0.001122334455667789,51,59,not sure,0,0
PittsburghPA,Prunus pensylvanica,1,0.001122334455667789,51,60,natural regeneration,1,0.001122334455667789
PittsburghPA,Prunus pensylvanica,1,0.001122334455667789,51,60,planted,0,0
PittsburghPA,Prunus pensylvanica,1,0.001122334455667789,51,60,not sure,0,0
PittsburghPA,Prunus serrulata,1,0.001122334455667789,51,61,natural regeneration,0,0
PittsburghPA,Prunus serrulata,1,0.001122334455667789,51,61,planted,1,0.001122334455667789
PittsburghPA,Prunus serrulata,1,0.001122334455667789,51,61,not sure,0,0
PittsburghPA,Pyrus calleryana,1,0.001122334455667789,51,62,natural regeneration,0,0
PittsburghPA,Pyrus calleryana,1,0.001122334455667789,51,62,planted,1,0.001122334455667789
PittsburghPA,Pyrus calleryana,1,0.001122334455667789,51,62,not sure,0,0
PittsburghPA,Quercus velutina,1,0.001122334455667789,51,63,natural regeneration,1,0.001122334455667789
PittsburghPA,Quercus velutina,1,0.001122334455667789,51,63,planted,0,0
PittsburghPA,Quercus velutina,1,0.001122334455667789,51,63,not sure,0,0
PittsburghPA,Tilia cordata,1,0.001122334455667789,51,64,natural regeneration,0,0
PittsburghPA,Tilia cordata,1,0.001122334455667789,51,64,planted,1,0.001122334455667789
PittsburghPA,Tilia cordata,1,0.001122334455667789,51,64,not sure,0,0
PortlandME,Acer rubrum,341,0.28042763157894735,1,1,natural regeneration,332,0.2730263157894737
PortlandME,Acer rubrum,341,0.28042763157894735,1,1,planted,8,0.006578947368421052
PortlandME,Acer rubrum,341,0.28042763157894735,1,1,not sure,1,8.223684210526315e-4
PortlandME,Quercus rubra,217,0.17845394736842105,2,2,natural regeneration,209,0.171875
PortlandME,Quercus rubra,217,0.17845394736842105,2,2,planted,2,0.001644736842105263
PortlandME,Quercus rubra,217,0.17845394736842105,2,2,not sure,6,0.004934210526315789
PortlandME,Pinus strobus,163,0.13404605263157895,3,3,natural regeneration,135,0.11101973684210527
PortlandME,Pinus strobus,163,0.13404605263157895,3,3,planted,17,0.013980263157894737
PortlandME,Pinus strobus,163,0.13404605263157895,3,3,not sure,11,0.009046052631578948
PortlandME,Acer platanoides,98,0.0805921052631579,4,4,natural regeneration,69,0.05674342105263158
PortlandME,Acer platanoides,98,0.0805921052631579,4,4,planted,24,0.019736842105263157
PortlandME,Acer platanoides,98,0.0805921052631579,4,4,not sure,5,0.004111842105263158
PortlandME,Tsuga canadensis,55,0.04523026315789474,5,5,natural regeneration,55,0.04523026315789474
PortlandME,Tsuga canadensis,55,0.04523026315789474,5,5,planted,0,0
PortlandME,Tsuga canadensis,55,0.04523026315789474,5,5,not sure,0,0
PortlandME,Populus tremuloides,45,0.03700657894736842,6,6,natural regeneration,44,0.036184210526315784
PortlandME,Populus tremuloides,45,0.03700657894736842,6,6,planted,1,8.223684210526315e-4
PortlandME,Populus tremuloides,45,0.03700657894736842,6,6,not sure,0,0
PortlandME,Fraxinus americana,44,0.03618421052631579,7,7,natural regeneration,43,0.03536184210526316
PortlandME,Fraxinus americana,44,0.03618421052631579,7,7,planted,0,0
PortlandME,Fraxinus americana,44,0.03618421052631579,7,7,not sure,1,8.223684210526316e-4
PortlandME,Malus spp.,32,0.02631578947368421,8,8,natural regeneration,7,0.005756578947368421
PortlandME,Malus spp.,32,0.02631578947368421,8,8,planted,25,0.020559210526315787
PortlandME,Malus spp.,32,0.02631578947368421,8,8,not sure,0,0
PortlandME,Ulmus americana,30,0.024671052631578948,9,9,natural regeneration,30,0.024671052631578948
PortlandME,Ulmus americana,30,0.024671052631578948,9,9,planted,0,0
PortlandME,Ulmus americana,30,0.024671052631578948,9,9,not sure,0,0
PortlandME,Prunus serotina,19,0.015625,10,10,natural regeneration,16,0.013157894736842105
PortlandME,Prunus serotina,19,0.015625,10,10,planted,3,0.0024671052631578946
PortlandME,Prunus serotina,19,0.015625,10,10,not sure,0,0
PortlandME,Fraxinus pennsylvanica,16,0.013157894736842105,11,11,natural regeneration,10,0.008223684210526315
PortlandME,Fraxinus pennsylvanica,16,0.013157894736842105,11,11,planted,4,0.003289473684210526
PortlandME,Fraxinus pennsylvanica,16,0.013157894736842105,11,11,not sure,2,0.001644736842105263
PortlandME,Quercus alba,14,0.011513157894736841,12,12,natural regeneration,14,0.011513157894736841
PortlandME,Quercus alba,14,0.011513157894736841,12,12,planted,0,0
PortlandME,Quercus alba,14,0.011513157894736841,12,12,not sure,0,0
PortlandME,Tilia cordata,13,0.01069078947368421,13,13,natural regeneration,2,0.0016447368421052633
PortlandME,Tilia cordata,13,0.01069078947368421,13,13,planted,10,0.008223684210526317
PortlandME,Tilia cordata,13,0.01069078947368421,13,13,not sure,1,8.223684210526316e-4
PortlandME,Betula papyrifera,11,0.009046052631578948,14,14,natural regeneration,9,0.007401315789473685
PortlandME,Betula papyrifera,11,0.009046052631578948,14,14,planted,1,8.223684210526316e-4
PortlandME,Betula papyrifera,11,0.009046052631578948,14,14,not sure,1,8.223684210526316e-4
PortlandME,Robinia pseudoacacia,10,0.008223684210526315,15,15,natural regeneration,4,0.003289473684210526
PortlandME,Robinia pseudoacacia,10,0.008223684210526315,15,15,planted,6,0.004934210526315789
PortlandME,Robinia pseudoacacia,10,0.008223684210526315,15,15,not sure,0,0
PortlandME,Tilia americana,10,0.008223684210526315,15,16,natural regeneration,10,0.008223684210526315
PortlandME,Tilia americana,10,0.008223684210526315,15,16,planted,0,0
PortlandME,Tilia americana,10,0.008223684210526315,15,16,not sure,0,0
PortlandME,Abies balsamea,9,0.007401315789473684,17,17,natural regeneration,8,0.006578947368421052
PortlandME,Abies balsamea,9,0.007401315789473684,17,17,planted,0,0
PortlandME,Abies balsamea,9,0.007401315789473684,17,17,not sure,1,8.223684210526315e-4
PortlandME,Picea abies,9,0.007401315789473684,17,18,natural regeneration,7,0.005756578947368421
PortlandME,Picea abies,9,0.007401315789473684,17,18,planted,2,0.001644736842105263
PortlandME,Picea abies,9,0.007401315789473684,17,18,not sure,0,0
PortlandME,Betula alleghaniensis,6,0.004934210526315789,19,19,natural regeneration,6,0.004934210526315789
PortlandME,Betula alleghaniensis,6,0.004934210526315789,19,19,planted,0,0
PortlandME,Betula alleghaniensis,6,0.004934210526315789,19,19,not sure,0,0
PortlandME,Picea pungens,6,0.004934210526315789,19,20,natural regeneration,0,0
PortlandME,Picea pungens,6,0.004934210526315789,19,20,planted,5,0.004111842105263158
PortlandME,Picea pungens,6,0.004934210526315789,19,20,not sure,1,8.223684210526315e-4
PortlandME,Populus grandidentata,6,0.004934210526315789,19,21,natural regeneration,6,0.004934210526315789
PortlandME,Populus grandidentata,6,0.004934210526315789,19,21,planted,0,0
PortlandME,Populus grandidentata,6,0.004934210526315789,19,21,not sure,0,0
PortlandME,Salix nigra,6,0.004934210526315789,19,22,natural regeneration,6,0.004934210526315789
PortlandME,Salix nigra,6,0.004934210526315789,19,22,planted,0,0
PortlandME,Salix nigra,6,0.004934210526315789,19,22,not sure,0,0
PortlandME,Acer negundo,5,0.004111842105263158,23,23,natural regeneration,5,0.004111842105263158
PortlandME,Acer negundo,5,0.004111842105263158,23,23,planted,0,0
PortlandME,Acer negundo,5,0.004111842105263158,23,23,not sure,0,0
PortlandME,Acer saccharum,5,0.004111842105263158,23,24,natural regeneration,1,8.223684210526315e-4
PortlandME,Acer saccharum,5,0.004111842105263158,23,24,planted,1,8.223684210526315e-4
PortlandME,Acer saccharum,5,0.004111842105263158,23,24,not sure,3,0.0024671052631578946
PortlandME,Betula populifolia,5,0.004111842105263158,23,25,natural regeneration,4,0.003289473684210526
PortlandME,Betula populifolia,5,0.004111842105263158,23,25,planted,1,8.223684210526315e-4
PortlandME,Betula populifolia,5,0.004111842105263158,23,25,not sure,0,0
PortlandME,Picea rubens,4,0.003289473684210526,26,26,natural regeneration,4,0.003289473684210526
PortlandME,Picea rubens,4,0.003289473684210526,26,26,planted,0,0
PortlandME,Picea rubens,4,0.003289473684210526,26,26,not sure,0,0
PortlandME,Thuja occidentalis,4,0.003289473684210526,26,27,natural regeneration,0,0
PortlandME,Thuja occidentalis,4,0.003289473684210526,26,27,planted,4,0.003289473684210526
PortlandME,Thuja occidentalis,4,0.003289473684210526,26,27,not sure,0,0
PortlandME,Populus balsamifera,3,0.0024671052631578946,28,28,natural regeneration,3,0.0024671052631578946
PortlandME,Populus balsamifera,3,0.0024671052631578946,28,28,planted,0,0
PortlandME,Populus balsamifera,3,0.0024671052631578946,28,28,not sure,0,0
PortlandME,Tilia americana var. heterophylla,3,0.0024671052631578946,28,29,natural regeneration,3,0.0024671052631578946
PortlandME,Tilia americana var. heterophylla,3,0.0024671052631578946,28,29,planted,0,0
PortlandME,Tilia americana var. heterophylla,3,0.0024671052631578946,28,29,not sure,0,0
PortlandME,Acer pseudoplatanus,2,0.001644736842105263,30,30,natural regeneration,0,0
PortlandME,Acer pseudoplatanus,2,0.001644736842105263,30,30,planted,0,0
PortlandME,Acer pseudoplatanus,2,0.001644736842105263,30,30,not sure,2,0.001644736842105263
PortlandME,Acer saccharinum,2,0.001644736842105263,30,31,natural regeneration,1,8.223684210526315e-4
PortlandME,Acer saccharinum,2,0.001644736842105263,30,31,planted,1,8.223684210526315e-4
PortlandME,Acer saccharinum,2,0.001644736842105263,30,31,not sure,0,0
PortlandME,Amelanchier spp.,2,0.001644736842105263,30,32,natural regeneration,0,0
PortlandME,Amelanchier spp.,2,0.001644736842105263,30,32,planted,2,0.001644736842105263
PortlandME,Amelanchier spp.,2,0.001644736842105263,30,32,not sure,0,0
PortlandME,Fagus grandifolia,2,0.001644736842105263,30,33,natural regeneration,1,8.223684210526315e-4
PortlandME,Fagus grandifolia,2,0.001644736842105263,30,33,planted,1,8.223684210526315e-4
PortlandME,Fagus grandifolia,2,0.001644736842105263,30,33,not sure,0,0
PortlandME,Pinus nigra,2,0.001644736842105263,30,34,natural regeneration,0,0
PortlandME,Pinus nigra,2,0.001644736842105263,30,34,planted,2,0.001644736842105263
PortlandME,Pinus nigra,2,0.001644736842105263,30,34,not sure,0,0
PortlandME,Pyrus calleryana,2,0.001644736842105263,30,35,natural regeneration,0,0
PortlandME,Pyrus calleryana,2,0.001644736842105263,30,35,planted,1,8.223684210526315e-4
PortlandME,Pyrus calleryana,2,0.001644736842105263,30,35,not sure,1,8.223684210526315e-4
PortlandME,Syringa reticulata,2,0.001644736842105263,30,36,natural regeneration,2,0.001644736842105263
PortlandME,Syringa reticulata,2,0.001644736842105263,30,36,planted,0,0
PortlandME,Syringa reticulata,2,0.001644736842105263,30,36,not sure,0,0
PortlandME,Acer ginnala,1,8.223684210526315e-4,37,37,natural regeneration,0,0
PortlandME,Acer ginnala,1,8.223684210526315e-4,37,37,planted,1,8.223684210526315e-4
PortlandME,Acer ginnala,1,8.223684210526315e-4,37,37,not sure,0,0
PortlandME,Acer x freemanii,1,8.223684210526315e-4,37,38,natural regeneration,0,0
PortlandME,Acer x freemanii,1,8.223684210526315e-4,37,38,planted,1,8.223684210526315e-4
PortlandME,Acer x freemanii,1,8.223684210526315e-4,37,38,not sure,0,0
PortlandME,Aesculus hippocastanum,1,8.223684210526315e-4,37,39,natural regeneration,0,0
PortlandME,Aesculus hippocastanum,1,8.223684210526315e-4,37,39,planted,0,0
PortlandME,Aesculus hippocastanum,1,8.223684210526315e-4,37,39,not sure,1,8.223684210526315e-4
PortlandME,Betula nigra,1,8.223684210526315e-4,37,40,natural regeneration,0,0
PortlandME,Betula nigra,1,8.223684210526315e-4,37,40,planted,1,8.223684210526315e-4
PortlandME,Betula nigra,1,8.223684210526315e-4,37,40,not sure,0,0
PortlandME,Celtis sinensis,1,8.223684210526315e-4,37,41,natural regeneration,0,0
PortlandME,Celtis sinensis,1,8.223684210526315e-4,37,41,planted,1,8.223684210526315e-4
PortlandME,Celtis sinensis,1,8.223684210526315e-4,37,41,not sure,0,0
PortlandME,Cercidiphyllum japonicum,1,8.223684210526315e-4,37,42,natural regeneration,0,0
PortlandME,Cercidiphyllum japonicum,1,8.223684210526315e-4,37,42,planted,1,8.223684210526315e-4
PortlandME,Cercidiphyllum japonicum,1,8.223684210526315e-4,37,42,not sure,0,0
PortlandME,Magnolia acuminata,1,8.223684210526315e-4,37,43,natural regeneration,0,0
PortlandME,Magnolia acuminata,1,8.223684210526315e-4,37,43,planted,1,8.223684210526315e-4
PortlandME,Magnolia acuminata,1,8.223684210526315e-4,37,43,not sure,0,0
PortlandME,Picea glauca,1,8.223684210526315e-4,37,44,natural regeneration,0,0
PortlandME,Picea glauca,1,8.223684210526315e-4,37,44,planted,0,0
PortlandME,Picea glauca,1,8.223684210526315e-4,37,44,not sure,1,8.223684210526315e-4
PortlandME,Pinus rigida,1,8.223684210526315e-4,37,45,natural regeneration,1,8.223684210526315e-4
PortlandME,Pinus rigida,1,8.223684210526315e-4,37,45,planted,0,0
PortlandME,Pinus rigida,1,8.223684210526315e-4,37,45,not sure,0,0
PortlandME,Platanus hybrida,1,8.223684210526315e-4,37,46,natural regeneration,0,0
PortlandME,Platanus hybrida,1,8.223684210526315e-4,37,46,planted,1,8.223684210526315e-4
PortlandME,Platanus hybrida,1,8.223684210526315e-4,37,46,not sure,0,0
PortlandME,Quercus palustris,1,8.223684210526315e-4,37,47,natural regeneration,0,0
PortlandME,Quercus palustris,1,8.223684210526315e-4,37,47,planted,1,8.223684210526315e-4
PortlandME,Quercus palustris,1,8.223684210526315e-4,37,47,not sure,0,0
PortlandME,Salix x sepulcralis,1,8.223684210526315e-4,37,48,natural regeneration,0,0
PortlandME,Salix x sepulcralis,1,8.223684210526315e-4,37,48,planted,1,8.223684210526315e-4
PortlandME,Salix x sepulcralis,1,8.223684210526315e-4,37,48,not sure,0,0
PortlandME,Ulmus procera,1,8.223684210526315e-4,37,49,natural regeneration,0,0
PortlandME,Ulmus procera,1,8.223684210526315e-4,37,49,planted,1,8.223684210526315e-4
PortlandME,Ulmus procera,1,8.223684210526315e-4,37,49,not sure,0,0
PortlandOR,Acer macrophyllum,207,0.26640926640926643,1,1,natural regeneration,197,0.25353925353925355
PortlandOR,Acer macrophyllum,207,0.26640926640926643,1,1,planted,0,0
PortlandOR,Acer macrophyllum,207,0.26640926640926643,1,1,not sure,10,0.012870012870012871
PortlandOR,Pseudotsuga menziesii,117,0.15057915057915058,2,2,natural regeneration,80,0.10296010296010297
PortlandOR,Pseudotsuga menziesii,117,0.15057915057915058,2,2,planted,9,0.011583011583011584
PortlandOR,Pseudotsuga menziesii,117,0.15057915057915058,2,2,not sure,28,0.036036036036036036
PortlandOR,Thuja plicata,50,0.06435006435006435,3,3,natural regeneration,38,0.04890604890604891
PortlandOR,Thuja plicata,50,0.06435006435006435,3,3,planted,4,0.005148005148005148
PortlandOR,Thuja plicata,50,0.06435006435006435,3,3,not sure,8,0.010296010296010296
PortlandOR,Thuja occidentalis,44,0.05662805662805663,4,4,natural regeneration,0,0
PortlandOR,Thuja occidentalis,44,0.05662805662805663,4,4,planted,44,0.05662805662805663
PortlandOR,Thuja occidentalis,44,0.05662805662805663,4,4,not sure,0,0
PortlandOR,Alnus rubra,34,0.043758043758043756,5,5,natural regeneration,33,0.04247104247104247
PortlandOR,Alnus rubra,34,0.043758043758043756,5,5,planted,1,0.001287001287001287
PortlandOR,Alnus rubra,34,0.043758043758043756,5,5,not sure,0,0
PortlandOR,Acer platanoides,20,0.02574002574002574,6,6,natural regeneration,1,0.001287001287001287
PortlandOR,Acer platanoides,20,0.02574002574002574,6,6,planted,15,0.019305019305019305
PortlandOR,Acer platanoides,20,0.02574002574002574,6,6,not sure,4,0.005148005148005148
PortlandOR,Fraxinus latifolia,19,0.02445302445302445,7,7,natural regeneration,18,0.023166023166023165
PortlandOR,Fraxinus latifolia,19,0.02445302445302445,7,7,planted,1,0.001287001287001287
PortlandOR,Fraxinus latifolia,19,0.02445302445302445,7,7,not sure,0,0
PortlandOR,Prunus avium,19,0.02445302445302445,7,8,natural regeneration,6,0.007722007722007721
PortlandOR,Prunus avium,19,0.02445302445302445,7,8,planted,10,0.01287001287001287
PortlandOR,Prunus avium,19,0.02445302445302445,7,8,not sure,3,0.0038610038610038607
PortlandOR,Salix lasiolepis,17,0.021879021879021878,9,9,natural regeneration,17,0.021879021879021878
PortlandOR,Salix lasiolepis,17,0.021879021879021878,9,9,planted,0,0
PortlandOR,Salix lasiolepis,17,0.021879021879021878,9,9,not sure,0,0
PortlandOR,Acer palmatum,16,0.02059202059202059,10,10,natural regeneration,0,0
PortlandOR,Acer palmatum,16,0.02059202059202059,10,10,planted,16,0.02059202059202059
PortlandOR,Acer palmatum,16,0.02059202059202059,10,10,not sure,0,0
PortlandOR,Prunus laurocerasus,15,0.019305019305019305,11,11,natural regeneration,0,0
PortlandOR,Prunus laurocerasus,15,0.019305019305019305,11,11,planted,15,0.019305019305019305
PortlandOR,Prunus laurocerasus,15,0.019305019305019305,11,11,not sure,0,0
PortlandOR,Abies grandis,13,0.01673101673101673,12,12,natural regeneration,12,0.015444015444015444
PortlandOR,Abies grandis,13,0.01673101673101673,12,12,planted,1,0.0012870012870012872
PortlandOR,Abies grandis,13,0.01673101673101673,12,12,not sure,0,0
PortlandOR,Populus balsamifera ssp. trichocarpa,11,0.014157014157014158,13,13,natural regeneration,11,0.014157014157014158
PortlandOR,Populus balsamifera ssp. trichocarpa,11,0.014157014157014158,13,13,planted,0,0
PortlandOR,Populus balsamifera ssp. trichocarpa,11,0.014157014157014158,13,13,not sure,0,0
PortlandOR,Tsuga heterophylla,11,0.014157014157014158,13,14,natural regeneration,11,0.014157014157014158
PortlandOR,Tsuga heterophylla,11,0.014157014157014158,13,14,planted,0,0
PortlandOR,Tsuga heterophylla,11,0.014157014157014158,13,14,not sure,0,0
PortlandOR,Pyrus calleryana,10,0.01287001287001287,15,15,natural regeneration,0,0
PortlandOR,Pyrus calleryana,10,0.01287001287001287,15,15,planted,10,0.01287001287001287
PortlandOR,Pyrus calleryana,10,0.01287001287001287,15,15,not sure,0,0
PortlandOR,Malus pumila,8,0.010296010296010296,16,16,natural regeneration,0,0
PortlandOR,Malus pumila,8,0.010296010296010296,16,16,planted,7,0.009009009009009009
PortlandOR,Malus pumila,8,0.010296010296010296,16,16,not sure,1,0.001287001287001287
PortlandOR,Prunus cerasifera,8,0.010296010296010296,16,17,natural regeneration,0,0
PortlandOR,Prunus cerasifera,8,0.010296010296010296,16,17,planted,8,0.010296010296010296
PortlandOR,Prunus cerasifera,8,0.010296010296010296,16,17,not sure,0,0
PortlandOR,Salix discolor,7,0.009009009009009009,18,18,natural regeneration,0,0
PortlandOR,Salix discolor,7,0.009009009009009009,18,18,planted,0,0
PortlandOR,Salix discolor,7,0.009009009009009009,18,18,not sure,7,0.009009009009009009
PortlandOR,Betula pendula,6,0.007722007722007722,19,19,natural regeneration,0,0
PortlandOR,Betula pendula,6,0.007722007722007722,19,19,planted,6,0.007722007722007722
PortlandOR,Betula pendula,6,0.007722007722007722,19,19,not sure,0,0
PortlandOR,Carpinus betulus,6,0.007722007722007722,19,20,natural regeneration,0,0
PortlandOR,Carpinus betulus,6,0.007722007722007722,19,20,planted,6,0.007722007722007722
PortlandOR,Carpinus betulus,6,0.007722007722007722,19,20,not sure,0,0
PortlandOR,Chamaecyparis lawsoniana,6,0.007722007722007722,19,21,natural regeneration,0,0
PortlandOR,Chamaecyparis lawsoniana,6,0.007722007722007722,19,21,planted,6,0.007722007722007722
PortlandOR,Chamaecyparis lawsoniana,6,0.007722007722007722,19,21,not sure,0,0
PortlandOR,Crataegus monogyna,6,0.007722007722007722,19,22,natural regeneration,5,0.0064350064350064354
PortlandOR,Crataegus monogyna,6,0.007722007722007722,19,22,planted,1,0.001287001287001287
PortlandOR,Crataegus monogyna,6,0.007722007722007722,19,22,not sure,0,0
PortlandOR,Acer circinatum,5,0.006435006435006435,23,23,natural regeneration,3,0.0038610038610038607
PortlandOR,Acer circinatum,5,0.006435006435006435,23,23,planted,2,0.002574002574002574
PortlandOR,Acer circinatum,5,0.006435006435006435,23,23,not sure,0,0
PortlandOR,Acer pseudoplatanus,5,0.006435006435006435,23,24,natural regeneration,0,0
PortlandOR,Acer pseudoplatanus,5,0.006435006435006435,23,24,planted,5,0.006435006435006435
PortlandOR,Acer pseudoplatanus,5,0.006435006435006435,23,24,not sure,0,0
PortlandOR,Acer rubrum,5,0.006435006435006435,23,25,natural regeneration,0,0
PortlandOR,Acer rubrum,5,0.006435006435006435,23,25,planted,5,0.006435006435006435
PortlandOR,Acer rubrum,5,0.006435006435006435,23,25,not sure,0,0
PortlandOR,Fraxinus excelsior,5,0.006435006435006435,23,26,natural regeneration,0,0
PortlandOR,Fraxinus excelsior,5,0.006435006435006435,23,26,planted,5,0.006435006435006435
PortlandOR,Fraxinus excelsior,5,0.006435006435006435,23,26,not sure,0,0
PortlandOR,Picea pungens,5,0.006435006435006435,23,27,natural regeneration,0,0
PortlandOR,Picea pungens,5,0.006435006435006435,23,27,planted,5,0.006435006435006435
PortlandOR,Picea pungens,5,0.006435006435006435,23,27,not sure,0,0
PortlandOR,Prunus emarginata,5,0.006435006435006435,23,28,natural regeneration,5,0.006435006435006435
PortlandOR,Prunus emarginata,5,0.006435006435006435,23,28,planted,0,0
PortlandOR,Prunus emarginata,5,0.006435006435006435,23,28,not sure,0,0
PortlandOR,Salix scouleriana,5,0.006435006435006435,23,29,natural regeneration,5,0.006435006435006435
PortlandOR,Salix scouleriana,5,0.006435006435006435,23,29,planted,0,0
PortlandOR,Salix scouleriana,5,0.006435006435006435,23,29,not sure,0,0
PortlandOR,Picea sitchensis,4,0.005148005148005148,30,30,natural regeneration,0,0
PortlandOR,Picea sitchensis,4,0.005148005148005148,30,30,planted,2,0.002574002574002574
PortlandOR,Picea sitchensis,4,0.005148005148005148,30,30,not sure,2,0.002574002574002574
PortlandOR,Pinus contorta,4,0.005148005148005148,30,31,natural regeneration,0,0
PortlandOR,Pinus contorta,4,0.005148005148005148,30,31,planted,4,0.005148005148005148
PortlandOR,Pinus contorta,4,0.005148005148005148,30,31,not sure,0,0
PortlandOR,Prunus serrulata,4,0.005148005148005148,30,32,natural regeneration,0,0
PortlandOR,Prunus serrulata,4,0.005148005148005148,30,32,planted,4,0.005148005148005148
PortlandOR,Prunus serrulata,4,0.005148005148005148,30,32,not sure,0,0
PortlandOR,Cedrus deodara,3,0.003861003861003861,33,33,natural regeneration,0,0
PortlandOR,Cedrus deodara,3,0.003861003861003861,33,33,planted,3,0.003861003861003861
PortlandOR,Cedrus deodara,3,0.003861003861003861,33,33,not sure,0,0
PortlandOR,Cornus florida,3,0.003861003861003861,33,34,natural regeneration,0,0
PortlandOR,Cornus florida,3,0.003861003861003861,33,34,planted,3,0.003861003861003861
PortlandOR,Cornus florida,3,0.003861003861003861,33,34,not sure,0,0
PortlandOR,Cornus nuttallii,3,0.003861003861003861,33,35,natural regeneration,1,0.001287001287001287
PortlandOR,Cornus nuttallii,3,0.003861003861003861,33,35,planted,0,0
PortlandOR,Cornus nuttallii,3,0.003861003861003861,33,35,not sure,2,0.002574002574002574
PortlandOR,Ilex aquifolium,3,0.003861003861003861,33,36,natural regeneration,3,0.003861003861003861
PortlandOR,Ilex aquifolium,3,0.003861003861003861,33,36,planted,0,0
PortlandOR,Ilex aquifolium,3,0.003861003861003861,33,36,not sure,0,0
PortlandOR,Platanus hybrida,3,0.003861003861003861,33,37,natural regeneration,0,0
PortlandOR,Platanus hybrida,3,0.003861003861003861,33,37,planted,3,0.003861003861003861
PortlandOR,Platanus hybrida,3,0.003861003861003861,33,37,not sure,0,0
PortlandOR,Quercus rubra,3,0.003861003861003861,33,38,natural regeneration,0,0
PortlandOR,Quercus rubra,3,0.003861003861003861,33,38,planted,3,0.003861003861003861
PortlandOR,Quercus rubra,3,0.003861003861003861,33,38,not sure,0,0
PortlandOR,Sorbus aucuparia,3,0.003861003861003861,33,39,natural regeneration,0,0
PortlandOR,Sorbus aucuparia,3,0.003861003861003861,33,39,planted,0,0
PortlandOR,Sorbus aucuparia,3,0.003861003861003861,33,39,not sure,3,0.003861003861003861
PortlandOR,Acer ginnala,2,0.002574002574002574,40,40,natural regeneration,0,0
PortlandOR,Acer ginnala,2,0.002574002574002574,40,40,planted,2,0.002574002574002574
PortlandOR,Acer ginnala,2,0.002574002574002574,40,40,not sure,0,0
PortlandOR,Camellia japonica,2,0.002574002574002574,40,41,natural regeneration,0,0
PortlandOR,Camellia japonica,2,0.002574002574002574,40,41,planted,2,0.002574002574002574
PortlandOR,Camellia japonica,2,0.002574002574002574,40,41,not sure,0,0
PortlandOR,Cercis canadensis,2,0.002574002574002574,40,42,natural regeneration,0,0
PortlandOR,Cercis canadensis,2,0.002574002574002574,40,42,planted,2,0.002574002574002574
PortlandOR,Cercis canadensis,2,0.002574002574002574,40,42,not sure,0,0
PortlandOR,Chamaecyparis obtusa,2,0.002574002574002574,40,43,natural regeneration,0,0
PortlandOR,Chamaecyparis obtusa,2,0.002574002574002574,40,43,planted,2,0.002574002574002574
PortlandOR,Chamaecyparis obtusa,2,0.002574002574002574,40,43,not sure,0,0
PortlandOR,Cryptomeria japonica,2,0.002574002574002574,40,44,natural regeneration,0,0
PortlandOR,Cryptomeria japonica,2,0.002574002574002574,40,44,planted,2,0.002574002574002574
PortlandOR,Cryptomeria japonica,2,0.002574002574002574,40,44,not sure,0,0
PortlandOR,Juglans regia,2,0.002574002574002574,40,45,natural regeneration,0,0
PortlandOR,Juglans regia,2,0.002574002574002574,40,45,planted,0,0
PortlandOR,Juglans regia,2,0.002574002574002574,40,45,not sure,2,0.002574002574002574
PortlandOR,Juniperus scopulorum,2,0.002574002574002574,40,46,natural regeneration,0,0
PortlandOR,Juniperus scopulorum,2,0.002574002574002574,40,46,planted,2,0.002574002574002574
PortlandOR,Juniperus scopulorum,2,0.002574002574002574,40,46,not sure,0,0
PortlandOR,Juniperus virginiana,2,0.002574002574002574,40,47,natural regeneration,0,0
PortlandOR,Juniperus virginiana,2,0.002574002574002574,40,47,planted,2,0.002574002574002574
PortlandOR,Juniperus virginiana,2,0.002574002574002574,40,47,not sure,0,0
PortlandOR,Liquidambar styraciflua,2,0.002574002574002574,40,48,natural regeneration,0,0
PortlandOR,Liquidambar styraciflua,2,0.002574002574002574,40,48,planted,2,0.002574002574002574
PortlandOR,Liquidambar styraciflua,2,0.002574002574002574,40,48,not sure,0,0
PortlandOR,Pinus sylvestris,2,0.002574002574002574,40,49,natural regeneration,0,0
PortlandOR,Pinus sylvestris,2,0.002574002574002574,40,49,planted,2,0.002574002574002574
PortlandOR,Pinus sylvestris,2,0.002574002574002574,40,49,not sure,0,0
PortlandOR,Quercus garryana,2,0.002574002574002574,40,50,natural regeneration,1,0.001287001287001287
PortlandOR,Quercus garryana,2,0.002574002574002574,40,50,planted,1,0.001287001287001287
PortlandOR,Quercus garryana,2,0.002574002574002574,40,50,not sure,0,0
PortlandOR,Quercus palustris,2,0.002574002574002574,40,51,natural regeneration,0,0
PortlandOR,Quercus palustris,2,0.002574002574002574,40,51,planted,2,0.002574002574002574
PortlandOR,Quercus palustris,2,0.002574002574002574,40,51,not sure,0,0
PortlandOR,Robinia pseudoacacia,2,0.002574002574002574,40,52,natural regeneration,1,0.001287001287001287
PortlandOR,Robinia pseudoacacia,2,0.002574002574002574,40,52,planted,1,0.001287001287001287
PortlandOR,Robinia pseudoacacia,2,0.002574002574002574,40,52,not sure,0,0
PortlandOR,Taxus baccata,2,0.002574002574002574,40,53,natural regeneration,0,0
PortlandOR,Taxus baccata,2,0.002574002574002574,40,53,planted,2,0.002574002574002574
PortlandOR,Taxus baccata,2,0.002574002574002574,40,53,not sure,0,0
PortlandOR,Tilia cordata,2,0.002574002574002574,40,54,natural regeneration,0,0
PortlandOR,Tilia cordata,2,0.002574002574002574,40,54,planted,2,0.002574002574002574
PortlandOR,Tilia cordata,2,0.002574002574002574,40,54,not sure,0,0
PortlandOR,Zelkova serrata,2,0.002574002574002574,40,55,natural regeneration,0,0
PortlandOR,Zelkova serrata,2,0.002574002574002574,40,55,planted,2,0.002574002574002574
PortlandOR,Zelkova serrata,2,0.002574002574002574,40,55,not sure,0,0
PortlandOR,Acer griseum,1,0.001287001287001287,56,56,natural regeneration,0,0
PortlandOR,Acer griseum,1,0.001287001287001287,56,56,planted,1,0.001287001287001287
PortlandOR,Acer griseum,1,0.001287001287001287,56,56,not sure,0,0
PortlandOR,Acer saccharinum,1,0.001287001287001287,56,57,natural regeneration,0,0
PortlandOR,Acer saccharinum,1,0.001287001287001287,56,57,planted,1,0.001287001287001287
PortlandOR,Acer saccharinum,1,0.001287001287001287,56,57,not sure,0,0
PortlandOR,Acer saccharum,1,0.001287001287001287,56,58,natural regeneration,0,0
PortlandOR,Acer saccharum,1,0.001287001287001287,56,58,planted,1,0.001287001287001287
PortlandOR,Acer saccharum,1,0.001287001287001287,56,58,not sure,0,0
PortlandOR,Acer x freemanii,1,0.001287001287001287,56,59,natural regeneration,0,0
PortlandOR,Acer x freemanii,1,0.001287001287001287,56,59,planted,1,0.001287001287001287
PortlandOR,Acer x freemanii,1,0.001287001287001287,56,59,not sure,0,0
PortlandOR,Calocedrus decurrens,1,0.001287001287001287,56,60,natural regeneration,0,0
PortlandOR,Calocedrus decurrens,1,0.001287001287001287,56,60,planted,1,0.001287001287001287
PortlandOR,Calocedrus decurrens,1,0.001287001287001287,56,60,not sure,0,0
PortlandOR,Castanea dentata,1,0.001287001287001287,56,61,natural regeneration,0,0
PortlandOR,Castanea dentata,1,0.001287001287001287,56,61,planted,1,0.001287001287001287
PortlandOR,Castanea dentata,1,0.001287001287001287,56,61,not sure,0,0
PortlandOR,Cornus kousa,1,0.001287001287001287,56,62,natural regeneration,0,0
PortlandOR,Cornus kousa,1,0.001287001287001287,56,62,planted,1,0.001287001287001287
PortlandOR,Cornus kousa,1,0.001287001287001287,56,62,not sure,0,0
PortlandOR,Fraxinus americana,1,0.001287001287001287,56,63,natural regeneration,0,0
PortlandOR,Fraxinus americana,1,0.001287001287001287,56,63,planted,1,0.001287001287001287
PortlandOR,Fraxinus americana,1,0.001287001287001287,56,63,not sure,0,0
PortlandOR,Fraxinus pennsylvanica,1,0.001287001287001287,56,64,natural regeneration,0,0
PortlandOR,Fraxinus pennsylvanica,1,0.001287001287001287,56,64,planted,1,0.001287001287001287
PortlandOR,Fraxinus pennsylvanica,1,0.001287001287001287,56,64,not sure,0,0
PortlandOR,Juglans nigra,1,0.001287001287001287,56,65,natural regeneration,0,0
PortlandOR,Juglans nigra,1,0.001287001287001287,56,65,planted,0,0
PortlandOR,Juglans nigra,1,0.001287001287001287,56,65,not sure,1,0.001287001287001287
PortlandOR,Koelreuteria paniculata,1,0.001287001287001287,56,66,natural regeneration,0,0
PortlandOR,Koelreuteria paniculata,1,0.001287001287001287,56,66,planted,1,0.001287001287001287
PortlandOR,Koelreuteria paniculata,1,0.001287001287001287,56,66,not sure,0,0
PortlandOR,Larix decidua,1,0.001287001287001287,56,67,natural regeneration,0,0
PortlandOR,Larix decidua,1,0.001287001287001287,56,67,planted,1,0.001287001287001287
PortlandOR,Larix decidua,1,0.001287001287001287,56,67,not sure,0,0
PortlandOR,Liriodendron tulipifera,1,0.001287001287001287,56,68,natural regeneration,0,0
PortlandOR,Liriodendron tulipifera,1,0.001287001287001287,56,68,planted,1,0.001287001287001287
PortlandOR,Liriodendron tulipifera,1,0.001287001287001287,56,68,not sure,0,0
PortlandOR,Magnolia grandiflora,1,0.001287001287001287,56,69,natural regeneration,0,0
PortlandOR,Magnolia grandiflora,1,0.001287001287001287,56,69,planted,1,0.001287001287001287
PortlandOR,Magnolia grandiflora,1,0.001287001287001287,56,69,not sure,0,0
PortlandOR,Malus fusca,1,0.001287001287001287,56,70,natural regeneration,0,0
PortlandOR,Malus fusca,1,0.001287001287001287,56,70,planted,1,0.001287001287001287
PortlandOR,Malus fusca,1,0.001287001287001287,56,70,not sure,0,0
PortlandOR,Picea abies,1,0.001287001287001287,56,71,natural regeneration,0,0
PortlandOR,Picea abies,1,0.001287001287001287,56,71,planted,1,0.001287001287001287
PortlandOR,Picea abies,1,0.001287001287001287,56,71,not sure,0,0
PortlandOR,Pinus densiflora,1,0.001287001287001287,56,72,natural regeneration,0,0
PortlandOR,Pinus densiflora,1,0.001287001287001287,56,72,planted,1,0.001287001287001287
PortlandOR,Pinus densiflora,1,0.001287001287001287,56,72,not sure,0,0
PortlandOR,Pinus jeffreyi,1,0.001287001287001287,56,73,natural regeneration,0,0
PortlandOR,Pinus jeffreyi,1,0.001287001287001287,56,73,planted,1,0.001287001287001287
PortlandOR,Pinus jeffreyi,1,0.001287001287001287,56,73,not sure,0,0
PortlandOR,Pinus nigra,1,0.001287001287001287,56,74,natural regeneration,0,0
PortlandOR,Pinus nigra,1,0.001287001287001287,56,74,planted,1,0.001287001287001287
PortlandOR,Pinus nigra,1,0.001287001287001287,56,74,not sure,0,0
PortlandOR,Pinus ponderosa,1,0.001287001287001287,56,75,natural regeneration,0,0
PortlandOR,Pinus ponderosa,1,0.001287001287001287,56,75,planted,1,0.001287001287001287
PortlandOR,Pinus ponderosa,1,0.001287001287001287,56,75,not sure,0,0
PortlandOR,Pinus thunbergii,1,0.001287001287001287,56,76,natural regeneration,0,0
PortlandOR,Pinus thunbergii,1,0.001287001287001287,56,76,planted,1,0.001287001287001287
PortlandOR,Pinus thunbergii,1,0.001287001287001287,56,76,not sure,0,0
PortlandOR,Prunus cerasus,1,0.001287001287001287,56,77,natural regeneration,0,0
PortlandOR,Prunus cerasus,1,0.001287001287001287,56,77,planted,1,0.001287001287001287
PortlandOR,Prunus cerasus,1,0.001287001287001287,56,77,not sure,0,0
PortlandOR,Pyrus communis,1,0.001287001287001287,56,78,natural regeneration,0,0
PortlandOR,Pyrus communis,1,0.001287001287001287,56,78,planted,1,0.001287001287001287
PortlandOR,Pyrus communis,1,0.001287001287001287,56,78,not sure,0,0
PortlandOR,Quercus acutissima,1,0.001287001287001287,56,79,natural regeneration,0,0
PortlandOR,Quercus acutissima,1,0.001287001287001287,56,79,planted,1,0.001287001287001287
PortlandOR,Quercus acutissima,1,0.001287001287001287,56,79,not sure,0,0
PortlandOR,Quercus bicolor,1,0.001287001287001287,56,80,natural regeneration,0,0
PortlandOR,Quercus bicolor,1,0.001287001287001287,56,80,planted,1,0.001287001287001287
PortlandOR,Quercus bicolor,1,0.001287001287001287,56,80,not sure,0,0
PortlandOR,Quercus velutina,1,0.001287001287001287,56,81,natural regeneration,0,0
PortlandOR,Quercus velutina,1,0.001287001287001287,56,81,planted,1,0.001287001287001287
PortlandOR,Quercus velutina,1,0.001287001287001287,56,81,not sure,0,0
PortlandOR,Taxus brevifolia,1,0.001287001287001287,56,82,natural regeneration,1,0.001287001287001287
PortlandOR,Taxus brevifolia,1,0.001287001287001287,56,82,planted,0,0
PortlandOR,Taxus brevifolia,1,0.001287001287001287,56,82,not sure,0,0
ProvidenceRI,Acer platanoides,70,0.15625,1,1,natural regeneration,50,0.11160714285714286
ProvidenceRI,Acer platanoides,70,0.15625,1,1,planted,15,0.033482142857142856
ProvidenceRI,Acer platanoides,70,0.15625,1,1,not sure,5,0.011160714285714284
ProvidenceRI,Quercus velutina,34,0.07589285714285714,2,2,natural regeneration,34,0.07589285714285714
ProvidenceRI,Quercus velutina,34,0.07589285714285714,2,2,planted,0,0
ProvidenceRI,Quercus velutina,34,0.07589285714285714,2,2,not sure,0,0
ProvidenceRI,Acer rubrum,29,0.06473214285714286,3,3,natural regeneration,21,0.04687500000000001
ProvidenceRI,Acer rubrum,29,0.06473214285714286,3,3,planted,8,0.01785714285714286
ProvidenceRI,Acer rubrum,29,0.06473214285714286,3,3,not sure,0,0
ProvidenceRI,Ulmus americana,29,0.06473214285714286,3,4,natural regeneration,26,0.058035714285714295
ProvidenceRI,Ulmus americana,29,0.06473214285714286,3,4,planted,2,0.004464285714285715
ProvidenceRI,Ulmus americana,29,0.06473214285714286,3,4,not sure,1,0.0022321428571428575
ProvidenceRI,Quercus rubra,22,0.049107142857142856,5,5,natural regeneration,18,0.04017857142857143
ProvidenceRI,Quercus rubra,22,0.049107142857142856,5,5,planted,4,0.008928571428571428
ProvidenceRI,Quercus rubra,22,0.049107142857142856,5,5,not sure,0,0
ProvidenceRI,Thuja occidentalis,18,0.04017857142857143,6,6,natural regeneration,0,0
ProvidenceRI,Thuja occidentalis,18,0.04017857142857143,6,6,planted,18,0.04017857142857143
ProvidenceRI,Thuja occidentalis,18,0.04017857142857143,6,6,not sure,0,0
ProvidenceRI,Morus alba,15,0.033482142857142856,7,7,natural regeneration,13,0.029017857142857144
ProvidenceRI,Morus alba,15,0.033482142857142856,7,7,planted,1,0.002232142857142857
ProvidenceRI,Morus alba,15,0.033482142857142856,7,7,not sure,1,0.002232142857142857
ProvidenceRI,Quercus coccinea,14,0.03125,8,8,natural regeneration,11,0.024553571428571428
ProvidenceRI,Quercus coccinea,14,0.03125,8,8,planted,0,0
ProvidenceRI,Quercus coccinea,14,0.03125,8,8,not sure,3,0.006696428571428571
ProvidenceRI,Pinus strobus,12,0.026785714285714284,9,9,natural regeneration,5,0.011160714285714286
ProvidenceRI,Pinus strobus,12,0.026785714285714284,9,9,planted,4,0.008928571428571428
ProvidenceRI,Pinus strobus,12,0.026785714285714284,9,9,not sure,3,0.006696428571428571
ProvidenceRI,Prunus serotina,12,0.026785714285714284,9,10,natural regeneration,10,0.022321428571428572
ProvidenceRI,Prunus serotina,12,0.026785714285714284,9,10,planted,1,0.002232142857142857
ProvidenceRI,Prunus serotina,12,0.026785714285714284,9,10,not sure,1,0.002232142857142857
ProvidenceRI,Fagus grandifolia,10,0.022321428571428572,11,11,natural regeneration,10,0.022321428571428572
ProvidenceRI,Fagus grandifolia,10,0.022321428571428572,11,11,planted,0,0
ProvidenceRI,Fagus grandifolia,10,0.022321428571428572,11,11,not sure,0,0
ProvidenceRI,Pyrus calleryana,9,0.020089285714285716,12,12,natural regeneration,0,0
ProvidenceRI,Pyrus calleryana,9,0.020089285714285716,12,12,planted,9,0.020089285714285716
ProvidenceRI,Pyrus calleryana,9,0.020089285714285716,12,12,not sure,0,0
ProvidenceRI,Gleditsia triacanthos,8,0.017857142857142856,13,13,natural regeneration,0,0
ProvidenceRI,Gleditsia triacanthos,8,0.017857142857142856,13,13,planted,8,0.017857142857142856
ProvidenceRI,Gleditsia triacanthos,8,0.017857142857142856,13,13,not sure,0,0
ProvidenceRI,Juniperus virginiana,8,0.017857142857142856,13,14,natural regeneration,1,0.002232142857142857
ProvidenceRI,Juniperus virginiana,8,0.017857142857142856,13,14,planted,5,0.011160714285714284
ProvidenceRI,Juniperus virginiana,8,0.017857142857142856,13,14,not sure,2,0.004464285714285714
ProvidenceRI,Acer saccharum,7,0.015625,15,15,natural regeneration,0,0
ProvidenceRI,Acer saccharum,7,0.015625,15,15,planted,2,0.004464285714285714
ProvidenceRI,Acer saccharum,7,0.015625,15,15,not sure,5,0.011160714285714286
ProvidenceRI,Cornus florida,7,0.015625,15,16,natural regeneration,0,0
ProvidenceRI,Cornus florida,7,0.015625,15,16,planted,7,0.015625
ProvidenceRI,Cornus florida,7,0.015625,15,16,not sure,0,0
ProvidenceRI,Pinus resinosa,7,0.015625,15,17,natural regeneration,0,0
ProvidenceRI,Pinus resinosa,7,0.015625,15,17,planted,7,0.015625
ProvidenceRI,Pinus resinosa,7,0.015625,15,17,not sure,0,0
ProvidenceRI,Acer pseudoplatanus,6,0.013392857142857142,18,18,natural regeneration,0,0
ProvidenceRI,Acer pseudoplatanus,6,0.013392857142857142,18,18,planted,6,0.013392857142857142
ProvidenceRI,Acer pseudoplatanus,6,0.013392857142857142,18,18,not sure,0,0
ProvidenceRI,Betula lenta,6,0.013392857142857142,18,19,natural regeneration,6,0.013392857142857142
ProvidenceRI,Betula lenta,6,0.013392857142857142,18,19,planted,0,0
ProvidenceRI,Betula lenta,6,0.013392857142857142,18,19,not sure,0,0
ProvidenceRI,Carya glabra,6,0.013392857142857142,18,20,natural regeneration,6,0.013392857142857142
ProvidenceRI,Carya glabra,6,0.013392857142857142,18,20,planted,0,0
ProvidenceRI,Carya glabra,6,0.013392857142857142,18,20,not sure,0,0
ProvidenceRI,Malus spp.,6,0.013392857142857142,18,21,natural regeneration,3,0.006696428571428571
ProvidenceRI,Malus spp.,6,0.013392857142857142,18,21,planted,2,0.004464285714285714
ProvidenceRI,Malus spp.,6,0.013392857142857142,18,21,not sure,1,0.002232142857142857
ProvidenceRI,Acer negundo,5,0.011160714285714286,22,22,natural regeneration,5,0.011160714285714286
ProvidenceRI,Acer negundo,5,0.011160714285714286,22,22,planted,0,0
ProvidenceRI,Acer negundo,5,0.011160714285714286,22,22,not sure,0,0
ProvidenceRI,Acer saccharinum,5,0.011160714285714286,22,23,natural regeneration,1,0.0022321428571428575
ProvidenceRI,Acer saccharinum,5,0.011160714285714286,22,23,planted,4,0.00892857142857143
ProvidenceRI,Acer saccharinum,5,0.011160714285714286,22,23,not sure,0,0
ProvidenceRI,Catalpa speciosa,5,0.011160714285714286,22,24,natural regeneration,5,0.011160714285714286
ProvidenceRI,Catalpa speciosa,5,0.011160714285714286,22,24,planted,0,0
ProvidenceRI,Catalpa speciosa,5,0.011160714285714286,22,24,not sure,0,0
ProvidenceRI,Fagus sylvatica,5,0.011160714285714286,22,25,natural regeneration,0,0
ProvidenceRI,Fagus sylvatica,5,0.011160714285714286,22,25,planted,4,0.00892857142857143
ProvidenceRI,Fagus sylvatica,5,0.011160714285714286,22,25,not sure,1,0.0022321428571428575
ProvidenceRI,Pinus nigra,5,0.011160714285714286,22,26,natural regeneration,0,0
ProvidenceRI,Pinus nigra,5,0.011160714285714286,22,26,planted,5,0.011160714285714286
ProvidenceRI,Pinus nigra,5,0.011160714285714286,22,26,not sure,0,0
ProvidenceRI,Quercus alba,5,0.011160714285714286,22,27,natural regeneration,5,0.011160714285714286
ProvidenceRI,Quercus alba,5,0.011160714285714286,22,27,planted,0,0
ProvidenceRI,Quercus alba,5,0.011160714285714286,22,27,not sure,0,0
ProvidenceRI,Zelkova serrata,5,0.011160714285714286,22,28,natural regeneration,0,0
ProvidenceRI,Zelkova serrata,5,0.011160714285714286,22,28,planted,5,0.011160714285714286
ProvidenceRI,Zelkova serrata,5,0.011160714285714286,22,28,not sure,0,0
ProvidenceRI,Cercis canadensis,4,0.008928571428571428,29,29,natural regeneration,0,0
ProvidenceRI,Cercis canadensis,4,0.008928571428571428,29,29,planted,4,0.008928571428571428
ProvidenceRI,Cercis canadensis,4,0.008928571428571428,29,29,not sure,0,0
ProvidenceRI,Chamaecyparis thyoides,4,0.008928571428571428,29,30,natural regeneration,1,0.002232142857142857
ProvidenceRI,Chamaecyparis thyoides,4,0.008928571428571428,29,30,planted,3,0.006696428571428571
ProvidenceRI,Chamaecyparis thyoides,4,0.008928571428571428,29,30,not sure,0,0
ProvidenceRI,Fraxinus americana,4,0.008928571428571428,29,31,natural regeneration,2,0.004464285714285714
ProvidenceRI,Fraxinus americana,4,0.008928571428571428,29,31,planted,2,0.004464285714285714
ProvidenceRI,Fraxinus americana,4,0.008928571428571428,29,31,not sure,0,0
ProvidenceRI,Platanus hybrida,4,0.008928571428571428,29,32,natural regeneration,0,0
ProvidenceRI,Platanus hybrida,4,0.008928571428571428,29,32,planted,4,0.008928571428571428
ProvidenceRI,Platanus hybrida,4,0.008928571428571428,29,32,not sure,0,0
ProvidenceRI,Quercus palustris,4,0.008928571428571428,29,33,natural regeneration,4,0.008928571428571428
ProvidenceRI,Quercus palustris,4,0.008928571428571428,29,33,planted,0,0
ProvidenceRI,Quercus palustris,4,0.008928571428571428,29,33,not sure,0,0
ProvidenceRI,Ailanthus altissima,3,0.006696428571428571,34,34,natural regeneration,3,0.006696428571428571
ProvidenceRI,Ailanthus altissima,3,0.006696428571428571,34,34,planted,0,0
ProvidenceRI,Ailanthus altissima,3,0.006696428571428571,34,34,not sure,0,0
ProvidenceRI,Cercidiphyllum japonicum,3,0.006696428571428571,34,35,natural regeneration,0,0
ProvidenceRI,Cercidiphyllum japonicum,3,0.006696428571428571,34,35,planted,3,0.006696428571428571
ProvidenceRI,Cercidiphyllum japonicum,3,0.006696428571428571,34,35,not sure,0,0
ProvidenceRI,Populus deltoides,3,0.006696428571428571,34,36,natural regeneration,3,0.006696428571428571
ProvidenceRI,Populus deltoides,3,0.006696428571428571,34,36,planted,0,0
ProvidenceRI,Populus deltoides,3,0.006696428571428571,34,36,not sure,0,0
ProvidenceRI,Prunus avium,3,0.006696428571428571,34,37,natural regeneration,1,0.002232142857142857
ProvidenceRI,Prunus avium,3,0.006696428571428571,34,37,planted,2,0.004464285714285714
ProvidenceRI,Prunus avium,3,0.006696428571428571,34,37,not sure,0,0
ProvidenceRI,Robinia pseudoacacia,3,0.006696428571428571,34,38,natural regeneration,3,0.006696428571428571
ProvidenceRI,Robinia pseudoacacia,3,0.006696428571428571,34,38,planted,0,0
ProvidenceRI,Robinia pseudoacacia,3,0.006696428571428571,34,38,not sure,0,0
ProvidenceRI,Tilia americana,3,0.006696428571428571,34,39,natural regeneration,1,0.002232142857142857
ProvidenceRI,Tilia americana,3,0.006696428571428571,34,39,planted,2,0.004464285714285714
ProvidenceRI,Tilia americana,3,0.006696428571428571,34,39,not sure,0,0
ProvidenceRI,Tilia cordata,3,0.006696428571428571,34,40,natural regeneration,0,0
ProvidenceRI,Tilia cordata,3,0.006696428571428571,34,40,planted,3,0.006696428571428571
ProvidenceRI,Tilia cordata,3,0.006696428571428571,34,40,not sure,0,0
ProvidenceRI,Ulmus pumila,3,0.006696428571428571,34,41,natural regeneration,1,0.002232142857142857
ProvidenceRI,Ulmus pumila,3,0.006696428571428571,34,41,planted,2,0.004464285714285714
ProvidenceRI,Ulmus pumila,3,0.006696428571428571,34,41,not sure,0,0
ProvidenceRI,Betula populifolia,2,0.004464285714285714,42,42,natural regeneration,2,0.004464285714285714
ProvidenceRI,Betula populifolia,2,0.004464285714285714,42,42,planted,0,0
ProvidenceRI,Betula populifolia,2,0.004464285714285714,42,42,not sure,0,0
ProvidenceRI,Carya alba,2,0.004464285714285714,42,43,natural regeneration,2,0.004464285714285714
ProvidenceRI,Carya alba,2,0.004464285714285714,42,43,planted,0,0
ProvidenceRI,Carya alba,2,0.004464285714285714,42,43,not sure,0,0
ProvidenceRI,Chamaecyparis obtusa,2,0.004464285714285714,42,44,natural regeneration,0,0
ProvidenceRI,Chamaecyparis obtusa,2,0.004464285714285714,42,44,planted,2,0.004464285714285714
ProvidenceRI,Chamaecyparis obtusa,2,0.004464285714285714,42,44,not sure,0,0
ProvidenceRI,Fraxinus pennsylvanica,2,0.004464285714285714,42,45,natural regeneration,0,0
ProvidenceRI,Fraxinus pennsylvanica,2,0.004464285714285714,42,45,planted,2,0.004464285714285714
ProvidenceRI,Fraxinus pennsylvanica,2,0.004464285714285714,42,45,not sure,0,0
ProvidenceRI,Juglans nigra,2,0.004464285714285714,42,46,natural regeneration,2,0.004464285714285714
ProvidenceRI,Juglans nigra,2,0.004464285714285714,42,46,planted,0,0
ProvidenceRI,Juglans nigra,2,0.004464285714285714,42,46,not sure,0,0
ProvidenceRI,Liriodendron tulipifera,2,0.004464285714285714,42,47,natural regeneration,0,0
ProvidenceRI,Liriodendron tulipifera,2,0.004464285714285714,42,47,planted,2,0.004464285714285714
ProvidenceRI,Liriodendron tulipifera,2,0.004464285714285714,42,47,not sure,0,0
ProvidenceRI,Prunus serrulata,2,0.004464285714285714,42,48,natural regeneration,0,0
ProvidenceRI,Prunus serrulata,2,0.004464285714285714,42,48,planted,2,0.004464285714285714
ProvidenceRI,Prunus serrulata,2,0.004464285714285714,42,48,not sure,0,0
ProvidenceRI,Sassafras albidum,2,0.004464285714285714,42,49,natural regeneration,2,0.004464285714285714
ProvidenceRI,Sassafras albidum,2,0.004464285714285714,42,49,planted,0,0
ProvidenceRI,Sassafras albidum,2,0.004464285714285714,42,49,not sure,0,0
ProvidenceRI,Ulmus parvifolia,2,0.004464285714285714,42,50,natural regeneration,0,0
ProvidenceRI,Ulmus parvifolia,2,0.004464285714285714,42,50,planted,2,0.004464285714285714
ProvidenceRI,Ulmus parvifolia,2,0.004464285714285714,42,50,not sure,0,0
ProvidenceRI,Acer x freemanii,1,0.002232142857142857,51,51,natural regeneration,0,0
ProvidenceRI,Acer x freemanii,1,0.002232142857142857,51,51,planted,1,0.002232142857142857
ProvidenceRI,Acer x freemanii,1,0.002232142857142857,51,51,not sure,0,0
ProvidenceRI,Betula nigra,1,0.002232142857142857,51,52,natural regeneration,0,0
ProvidenceRI,Betula nigra,1,0.002232142857142857,51,52,planted,1,0.002232142857142857
ProvidenceRI,Betula nigra,1,0.002232142857142857,51,52,not sure,0,0
ProvidenceRI,Cedrus libani,1,0.002232142857142857,51,53,natural regeneration,0,0
ProvidenceRI,Cedrus libani,1,0.002232142857142857,51,53,planted,1,0.002232142857142857
ProvidenceRI,Cedrus libani,1,0.002232142857142857,51,53,not sure,0,0
ProvidenceRI,Chamaecyparis pisifera,1,0.002232142857142857,51,54,natural regeneration,0,0
ProvidenceRI,Chamaecyparis pisifera,1,0.002232142857142857,51,54,planted,1,0.002232142857142857
ProvidenceRI,Chamaecyparis pisifera,1,0.002232142857142857,51,54,not sure,0,0
ProvidenceRI,Crataegus spp.,1,0.002232142857142857,51,55,natural regeneration,0,0
ProvidenceRI,Crataegus spp.,1,0.002232142857142857,51,55,planted,1,0.002232142857142857
ProvidenceRI,Crataegus spp.,1,0.002232142857142857,51,55,not sure,0,0
ProvidenceRI,Liquidambar styraciflua,1,0.002232142857142857,51,56,natural regeneration,0,0
ProvidenceRI,Liquidambar styraciflua,1,0.002232142857142857,51,56,planted,1,0.002232142857142857
ProvidenceRI,Liquidambar styraciflua,1,0.002232142857142857,51,56,not sure,0,0
ProvidenceRI,Malus coronaria,1,0.002232142857142857,51,57,natural regeneration,0,0
ProvidenceRI,Malus coronaria,1,0.002232142857142857,51,57,planted,1,0.002232142857142857
ProvidenceRI,Malus coronaria,1,0.002232142857142857,51,57,not sure,0,0
ProvidenceRI,Picea abies,1,0.002232142857142857,51,58,natural regeneration,0,0
ProvidenceRI,Picea abies,1,0.002232142857142857,51,58,planted,1,0.002232142857142857
ProvidenceRI,Picea abies,1,0.002232142857142857,51,58,not sure,0,0
ProvidenceRI,Picea pungens,1,0.002232142857142857,51,59,natural regeneration,0,0
ProvidenceRI,Picea pungens,1,0.002232142857142857,51,59,planted,1,0.002232142857142857
ProvidenceRI,Picea pungens,1,0.002232142857142857,51,59,not sure,0,0
ProvidenceRI,Platycladus orientalis,1,0.002232142857142857,51,60,natural regeneration,0,0
ProvidenceRI,Platycladus orientalis,1,0.002232142857142857,51,60,planted,1,0.002232142857142857
ProvidenceRI,Platycladus orientalis,1,0.002232142857142857,51,60,not sure,0,0
ProvidenceRI,Populus alba,1,0.002232142857142857,51,61,natural regeneration,0,0
ProvidenceRI,Populus alba,1,0.002232142857142857,51,61,planted,1,0.002232142857142857
ProvidenceRI,Populus alba,1,0.002232142857142857,51,61,not sure,0,0
ProvidenceRI,Pyrus spp.,1,0.002232142857142857,51,62,natural regeneration,0,0
ProvidenceRI,Pyrus spp.,1,0.002232142857142857,51,62,planted,1,0.002232142857142857
ProvidenceRI,Pyrus spp.,1,0.002232142857142857,51,62,not sure,0,0
ProvidenceRI,Quercus acutissima,1,0.002232142857142857,51,63,natural regeneration,0,0
ProvidenceRI,Quercus acutissima,1,0.002232142857142857,51,63,planted,1,0.002232142857142857
ProvidenceRI,Quercus acutissima,1,0.002232142857142857,51,63,not sure,0,0
ProvidenceRI,Taxus baccata,1,0.002232142857142857,51,64,natural regeneration,0,0
ProvidenceRI,Taxus baccata,1,0.002232142857142857,51,64,planted,1,0.002232142857142857
ProvidenceRI,Taxus baccata,1,0.002232142857142857,51,64,not sure,0,0
ProvidenceRI,Taxus cuspidata,1,0.002232142857142857,51,65,natural regeneration,0,0
ProvidenceRI,Taxus cuspidata,1,0.002232142857142857,51,65,planted,1,0.002232142857142857
ProvidenceRI,Taxus cuspidata,1,0.002232142857142857,51,65,not sure,0,0
ProvidenceRI,Tsuga canadensis,1,0.002232142857142857,51,66,natural regeneration,0,0
ProvidenceRI,Tsuga canadensis,1,0.002232142857142857,51,66,planted,1,0.002232142857142857
ProvidenceRI,Tsuga canadensis,1,0.002232142857142857,51,66,not sure,0,0
RochesterNY,Acer platanoides,118,0.18789808917197454,1,1,natural regeneration,89,0.14171974522292993
RochesterNY,Acer platanoides,118,0.18789808917197454,1,1,planted,25,0.03980891719745223
RochesterNY,Acer platanoides,118,0.18789808917197454,1,1,not sure,4,0.006369426751592357
RochesterNY,Populus deltoides,54,0.08598726114649681,2,2,natural regeneration,54,0.08598726114649681
RochesterNY,Populus deltoides,54,0.08598726114649681,2,2,planted,0,0
RochesterNY,Populus deltoides,54,0.08598726114649681,2,2,not sure,0,0
RochesterNY,Quercus rubra,36,0.05732484076433121,3,3,natural regeneration,34,0.054140127388535034
RochesterNY,Quercus rubra,36,0.05732484076433121,3,3,planted,2,0.003184713375796178
RochesterNY,Quercus rubra,36,0.05732484076433121,3,3,not sure,0,0
RochesterNY,Fraxinus americana,31,0.04936305732484077,4,4,natural regeneration,22,0.03503184713375797
RochesterNY,Fraxinus americana,31,0.04936305732484077,4,4,planted,9,0.014331210191082805
RochesterNY,Fraxinus americana,31,0.04936305732484077,4,4,not sure,0,0
RochesterNY,Acer saccharum,29,0.04617834394904458,5,5,natural regeneration,25,0.03980891719745223
RochesterNY,Acer saccharum,29,0.04617834394904458,5,5,planted,2,0.003184713375796178
RochesterNY,Acer saccharum,29,0.04617834394904458,5,5,not sure,2,0.003184713375796178
RochesterNY,Acer rubrum,27,0.042993630573248405,6,6,natural regeneration,24,0.03821656050955414
RochesterNY,Acer rubrum,27,0.042993630573248405,6,6,planted,0,0
RochesterNY,Acer rubrum,27,0.042993630573248405,6,6,not sure,3,0.004777070063694267
RochesterNY,Ailanthus altissima,24,0.03821656050955414,7,7,natural regeneration,24,0.03821656050955414
RochesterNY,Ailanthus altissima,24,0.03821656050955414,7,7,planted,0,0
RochesterNY,Ailanthus altissima,24,0.03821656050955414,7,7,not sure,0,0
RochesterNY,Prunus serotina,17,0.027070063694267517,8,8,natural regeneration,15,0.02388535031847134
RochesterNY,Prunus serotina,17,0.027070063694267517,8,8,planted,2,0.0031847133757961785
RochesterNY,Prunus serotina,17,0.027070063694267517,8,8,not sure,0,0
RochesterNY,Acer saccharinum,15,0.02388535031847134,9,9,natural regeneration,10,0.01592356687898089
RochesterNY,Acer saccharinum,15,0.02388535031847134,9,9,planted,2,0.0031847133757961785
RochesterNY,Acer saccharinum,15,0.02388535031847134,9,9,not sure,3,0.004777070063694268
RochesterNY,Picea pungens,14,0.022292993630573247,10,10,natural regeneration,7,0.011146496815286623
RochesterNY,Picea pungens,14,0.022292993630573247,10,10,planted,7,0.011146496815286623
RochesterNY,Picea pungens,14,0.022292993630573247,10,10,not sure,0,0
RochesterNY,Fraxinus pennsylvanica,13,0.020700636942675158,11,11,natural regeneration,10,0.01592356687898089
RochesterNY,Fraxinus pennsylvanica,13,0.020700636942675158,11,11,planted,1,0.0015923566878980893
RochesterNY,Fraxinus pennsylvanica,13,0.020700636942675158,11,11,not sure,2,0.0031847133757961785
RochesterNY,Pyrus calleryana,12,0.01910828025477707,12,12,natural regeneration,0,0
RochesterNY,Pyrus calleryana,12,0.01910828025477707,12,12,planted,12,0.01910828025477707
RochesterNY,Pyrus calleryana,12,0.01910828025477707,12,12,not sure,0,0
RochesterNY,Fagus grandifolia,11,0.01751592356687898,13,13,natural regeneration,11,0.01751592356687898
RochesterNY,Fagus grandifolia,11,0.01751592356687898,13,13,planted,0,0
RochesterNY,Fagus grandifolia,11,0.01751592356687898,13,13,not sure,0,0
RochesterNY,Acer negundo,10,0.01592356687898089,14,14,natural regeneration,9,0.014331210191082803
RochesterNY,Acer negundo,10,0.01592356687898089,14,14,planted,0,0
RochesterNY,Acer negundo,10,0.01592356687898089,14,14,not sure,1,0.0015923566878980893
RochesterNY,Carya ovata,10,0.01592356687898089,14,15,natural regeneration,10,0.01592356687898089
RochesterNY,Carya ovata,10,0.01592356687898089,14,15,planted,0,0
RochesterNY,Carya ovata,10,0.01592356687898089,14,15,not sure,0,0
RochesterNY,Juglans nigra,10,0.01592356687898089,14,16,natural regeneration,4,0.006369426751592357
RochesterNY,Juglans nigra,10,0.01592356687898089,14,16,planted,1,0.0015923566878980893
RochesterNY,Juglans nigra,10,0.01592356687898089,14,16,not sure,5,0.007961783439490446
RochesterNY,Pinus resinosa,9,0.014331210191082803,17,17,natural regeneration,0,0
RochesterNY,Pinus resinosa,9,0.014331210191082803,17,17,planted,9,0.014331210191082803
RochesterNY,Pinus resinosa,9,0.014331210191082803,17,17,not sure,0,0
RochesterNY,Tilia americana,9,0.014331210191082803,17,18,natural regeneration,5,0.007961783439490446
RochesterNY,Tilia americana,9,0.014331210191082803,17,18,planted,3,0.004777070063694267
RochesterNY,Tilia americana,9,0.014331210191082803,17,18,not sure,1,0.001592356687898089
RochesterNY,Acer pseudoplatanus,8,0.012738853503184714,19,19,natural regeneration,5,0.007961783439490446
RochesterNY,Acer pseudoplatanus,8,0.012738853503184714,19,19,planted,1,0.0015923566878980893
RochesterNY,Acer pseudoplatanus,8,0.012738853503184714,19,19,not sure,2,0.0031847133757961785
RochesterNY,Catalpa speciosa,8,0.012738853503184714,19,20,natural regeneration,4,0.006369426751592357
RochesterNY,Catalpa speciosa,8,0.012738853503184714,19,20,planted,1,0.0015923566878980893
RochesterNY,Catalpa speciosa,8,0.012738853503184714,19,20,not sure,3,0.004777070063694268
RochesterNY,Gleditsia triacanthos,7,0.011146496815286623,21,21,natural regeneration,0,0
RochesterNY,Gleditsia triacanthos,7,0.011146496815286623,21,21,planted,7,0.011146496815286623
RochesterNY,Gleditsia triacanthos,7,0.011146496815286623,21,21,not sure,0,0
RochesterNY,Malus spp.,7,0.011146496815286623,21,22,natural regeneration,4,0.006369426751592356
RochesterNY,Malus spp.,7,0.011146496815286623,21,22,planted,3,0.004777070063694267
RochesterNY,Malus spp.,7,0.011146496815286623,21,22,not sure,0,0
RochesterNY,Robinia pseudoacacia,7,0.011146496815286623,21,23,natural regeneration,6,0.009554140127388535
RochesterNY,Robinia pseudoacacia,7,0.011146496815286623,21,23,planted,1,0.001592356687898089
RochesterNY,Robinia pseudoacacia,7,0.011146496815286623,21,23,not sure,0,0
RochesterNY,Betula lenta,6,0.009554140127388535,24,24,natural regeneration,6,0.009554140127388535
RochesterNY,Betula lenta,6,0.009554140127388535,24,24,planted,0,0
RochesterNY,Betula lenta,6,0.009554140127388535,24,24,not sure,0,0
RochesterNY,Morus rubra,6,0.009554140127388535,24,25,natural regeneration,5,0.007961783439490446
RochesterNY,Morus rubra,6,0.009554140127388535,24,25,planted,1,0.001592356687898089
RochesterNY,Morus rubra,6,0.009554140127388535,24,25,not sure,0,0
RochesterNY,Picea abies,6,0.009554140127388535,24,26,natural regeneration,0,0
RochesterNY,Picea abies,6,0.009554140127388535,24,26,planted,6,0.009554140127388535
RochesterNY,Picea abies,6,0.009554140127388535,24,26,not sure,0,0
RochesterNY,Pinus strobus,6,0.009554140127388535,24,27,natural regeneration,0,0
RochesterNY,Pinus strobus,6,0.009554140127388535,24,27,planted,4,0.006369426751592356
RochesterNY,Pinus strobus,6,0.009554140127388535,24,27,not sure,2,0.003184713375796178
RochesterNY,Quercus alba,6,0.009554140127388535,24,28,natural regeneration,5,0.007961783439490446
RochesterNY,Quercus alba,6,0.009554140127388535,24,28,planted,0,0
RochesterNY,Quercus alba,6,0.009554140127388535,24,28,not sure,1,0.001592356687898089
RochesterNY,Tilia tomentosa,6,0.009554140127388535,24,29,natural regeneration,5,0.007961783439490446
RochesterNY,Tilia tomentosa,6,0.009554140127388535,24,29,planted,0,0
RochesterNY,Tilia tomentosa,6,0.009554140127388535,24,29,not sure,1,0.001592356687898089
RochesterNY,Aesculus hippocastanum,5,0.007961783439490446,30,30,natural regeneration,3,0.004777070063694267
RochesterNY,Aesculus hippocastanum,5,0.007961783439490446,30,30,planted,0,0
RochesterNY,Aesculus hippocastanum,5,0.007961783439490446,30,30,not sure,2,0.0031847133757961785
RochesterNY,Platanus occidentalis,5,0.007961783439490446,30,31,natural regeneration,0,0
RochesterNY,Platanus occidentalis,5,0.007961783439490446,30,31,planted,5,0.007961783439490446
RochesterNY,Platanus occidentalis,5,0.007961783439490446,30,31,not sure,0,0
RochesterNY,Quercus velutina,5,0.007961783439490446,30,32,natural regeneration,3,0.004777070063694267
RochesterNY,Quercus velutina,5,0.007961783439490446,30,32,planted,0,0
RochesterNY,Quercus velutina,5,0.007961783439490446,30,32,not sure,2,0.0031847133757961785
RochesterNY,Sassafras albidum,5,0.007961783439490446,30,33,natural regeneration,4,0.006369426751592357
RochesterNY,Sassafras albidum,5,0.007961783439490446,30,33,planted,0,0
RochesterNY,Sassafras albidum,5,0.007961783439490446,30,33,not sure,1,0.0015923566878980893
RochesterNY,Tsuga canadensis,5,0.007961783439490446,30,34,natural regeneration,5,0.007961783439490446
RochesterNY,Tsuga canadensis,5,0.007961783439490446,30,34,planted,0,0
RochesterNY,Tsuga canadensis,5,0.007961783439490446,30,34,not sure,0,0
RochesterNY,Crataegus spp.,4,0.006369426751592357,35,35,natural regeneration,1,0.0015923566878980893
RochesterNY,Crataegus spp.,4,0.006369426751592357,35,35,planted,2,0.0031847133757961785
RochesterNY,Crataegus spp.,4,0.006369426751592357,35,35,not sure,1,0.0015923566878980893
RochesterNY,Populus grandidentata,4,0.006369426751592357,35,36,natural regeneration,4,0.006369426751592357
RochesterNY,Populus grandidentata,4,0.006369426751592357,35,36,planted,0,0
RochesterNY,Populus grandidentata,4,0.006369426751592357,35,36,not sure,0,0
RochesterNY,Tilia cordata,4,0.006369426751592357,35,37,natural regeneration,0,0
RochesterNY,Tilia cordata,4,0.006369426751592357,35,37,planted,4,0.006369426751592357
RochesterNY,Tilia cordata,4,0.006369426751592357,35,37,not sure,0,0
RochesterNY,Abies concolor,3,0.004777070063694267,38,38,natural regeneration,0,0
RochesterNY,Abies concolor,3,0.004777070063694267,38,38,planted,3,0.004777070063694267
RochesterNY,Abies concolor,3,0.004777070063694267,38,38,not sure,0,0
RochesterNY,Carya glabra,3,0.004777070063694267,38,39,natural regeneration,3,0.004777070063694267
RochesterNY,Carya glabra,3,0.004777070063694267,38,39,planted,0,0
RochesterNY,Carya glabra,3,0.004777070063694267,38,39,not sure,0,0
RochesterNY,Cercidiphyllum japonicum,3,0.004777070063694267,38,40,natural regeneration,0,0
RochesterNY,Cercidiphyllum japonicum,3,0.004777070063694267,38,40,planted,3,0.004777070063694267
RochesterNY,Cercidiphyllum japonicum,3,0.004777070063694267,38,40,not sure,0,0
RochesterNY,Ginkgo biloba,3,0.004777070063694267,38,41,natural regeneration,0,0
RochesterNY,Ginkgo biloba,3,0.004777070063694267,38,41,planted,3,0.004777070063694267
RochesterNY,Ginkgo biloba,3,0.004777070063694267,38,41,not sure,0,0
RochesterNY,Pinus sylvestris,3,0.004777070063694267,38,42,natural regeneration,0,0
RochesterNY,Pinus sylvestris,3,0.004777070063694267,38,42,planted,3,0.004777070063694267
RochesterNY,Pinus sylvestris,3,0.004777070063694267,38,42,not sure,0,0
RochesterNY,Prunus avium,3,0.004777070063694267,38,43,natural regeneration,2,0.003184713375796178
RochesterNY,Prunus avium,3,0.004777070063694267,38,43,planted,0,0
RochesterNY,Prunus avium,3,0.004777070063694267,38,43,not sure,1,0.001592356687898089
RochesterNY,Ulmus americana,3,0.004777070063694267,38,44,natural regeneration,3,0.004777070063694267
RochesterNY,Ulmus americana,3,0.004777070063694267,38,44,planted,0,0
RochesterNY,Ulmus americana,3,0.004777070063694267,38,44,not sure,0,0
RochesterNY,Carpinus caroliniana,2,0.0031847133757961785,45,45,natural regeneration,2,0.0031847133757961785
RochesterNY,Carpinus caroliniana,2,0.0031847133757961785,45,45,planted,0,0
RochesterNY,Carpinus caroliniana,2,0.0031847133757961785,45,45,not sure,0,0
RochesterNY,Carya cordiformis,2,0.0031847133757961785,45,46,natural regeneration,2,0.0031847133757961785
RochesterNY,Carya cordiformis,2,0.0031847133757961785,45,46,planted,0,0
RochesterNY,Carya cordiformis,2,0.0031847133757961785,45,46,not sure,0,0
RochesterNY,Celtis occidentalis,2,0.0031847133757961785,45,47,natural regeneration,1,0.0015923566878980893
RochesterNY,Celtis occidentalis,2,0.0031847133757961785,45,47,planted,1,0.0015923566878980893
RochesterNY,Celtis occidentalis,2,0.0031847133757961785,45,47,not sure,0,0
RochesterNY,Cornus florida,2,0.0031847133757961785,45,48,natural regeneration,1,0.0015923566878980893
RochesterNY,Cornus florida,2,0.0031847133757961785,45,48,planted,1,0.0015923566878980893
RochesterNY,Cornus florida,2,0.0031847133757961785,45,48,not sure,0,0
RochesterNY,Fraxinus nigra,2,0.0031847133757961785,45,49,natural regeneration,2,0.0031847133757961785
RochesterNY,Fraxinus nigra,2,0.0031847133757961785,45,49,planted,0,0
RochesterNY,Fraxinus nigra,2,0.0031847133757961785,45,49,not sure,0,0
RochesterNY,Magnolia spp.,2,0.0031847133757961785,45,50,natural regeneration,0,0
RochesterNY,Magnolia spp.,2,0.0031847133757961785,45,50,planted,2,0.0031847133757961785
RochesterNY,Magnolia spp.,2,0.0031847133757961785,45,50,not sure,0,0
RochesterNY,Morus alba,2,0.0031847133757961785,45,51,natural regeneration,1,0.0015923566878980893
RochesterNY,Morus alba,2,0.0031847133757961785,45,51,planted,0,0
RochesterNY,Morus alba,2,0.0031847133757961785,45,51,not sure,1,0.0015923566878980893
RochesterNY,Nyssa sylvatica,2,0.0031847133757961785,45,52,natural regeneration,2,0.0031847133757961785
RochesterNY,Nyssa sylvatica,2,0.0031847133757961785,45,52,planted,0,0
RochesterNY,Nyssa sylvatica,2,0.0031847133757961785,45,52,not sure,0,0
RochesterNY,Prunus spp.,2,0.0031847133757961785,45,53,natural regeneration,1,0.0015923566878980893
RochesterNY,Prunus spp.,2,0.0031847133757961785,45,53,planted,1,0.0015923566878980893
RochesterNY,Prunus spp.,2,0.0031847133757961785,45,53,not sure,0,0
RochesterNY,Quercus bicolor,2,0.0031847133757961785,45,54,natural regeneration,1,0.0015923566878980893
RochesterNY,Quercus bicolor,2,0.0031847133757961785,45,54,planted,1,0.0015923566878980893
RochesterNY,Quercus bicolor,2,0.0031847133757961785,45,54,not sure,0,0
RochesterNY,Salix nigra,2,0.0031847133757961785,45,55,natural regeneration,2,0.0031847133757961785
RochesterNY,Salix nigra,2,0.0031847133757961785,45,55,planted,0,0
RochesterNY,Salix nigra,2,0.0031847133757961785,45,55,not sure,0,0
RochesterNY,Thuja occidentalis,2,0.0031847133757961785,45,56,natural regeneration,0,0
RochesterNY,Thuja occidentalis,2,0.0031847133757961785,45,56,planted,2,0.0031847133757961785
RochesterNY,Thuja occidentalis,2,0.0031847133757961785,45,56,not sure,0,0
RochesterNY,Acer mono,1,0.0015923566878980893,57,57,natural regeneration,0,0
RochesterNY,Acer mono,1,0.0015923566878980893,57,57,planted,1,0.0015923566878980893
RochesterNY,Acer mono,1,0.0015923566878980893,57,57,not sure,0,0
RochesterNY,Acer spp.,1,0.0015923566878980893,57,58,natural regeneration,0,0
RochesterNY,Acer spp.,1,0.0015923566878980893,57,58,planted,1,0.0015923566878980893
RochesterNY,Acer spp.,1,0.0015923566878980893,57,58,not sure,0,0
RochesterNY,Betula alleghaniensis,1,0.0015923566878980893,57,59,natural regeneration,1,0.0015923566878980893
RochesterNY,Betula alleghaniensis,1,0.0015923566878980893,57,59,planted,0,0
RochesterNY,Betula alleghaniensis,1,0.0015923566878980893,57,59,not sure,0,0
RochesterNY,Cotinus obovatus,1,0.0015923566878980893,57,60,natural regeneration,0,0
RochesterNY,Cotinus obovatus,1,0.0015923566878980893,57,60,planted,1,0.0015923566878980893
RochesterNY,Cotinus obovatus,1,0.0015923566878980893,57,60,not sure,0,0
RochesterNY,Juglans regia,1,0.0015923566878980893,57,61,natural regeneration,0,0
RochesterNY,Juglans regia,1,0.0015923566878980893,57,61,planted,1,0.0015923566878980893
RochesterNY,Juglans regia,1,0.0015923566878980893,57,61,not sure,0,0
RochesterNY,Liquidambar styraciflua,1,0.0015923566878980893,57,62,natural regeneration,0,0
RochesterNY,Liquidambar styraciflua,1,0.0015923566878980893,57,62,planted,1,0.0015923566878980893
RochesterNY,Liquidambar styraciflua,1,0.0015923566878980893,57,62,not sure,0,0
RochesterNY,Magnolia acuminata,1,0.0015923566878980893,57,63,natural regeneration,1,0.0015923566878980893
RochesterNY,Magnolia acuminata,1,0.0015923566878980893,57,63,planted,0,0
RochesterNY,Magnolia acuminata,1,0.0015923566878980893,57,63,not sure,0,0
RochesterNY,Malus coronaria,1,0.0015923566878980893,57,64,natural regeneration,0,0
RochesterNY,Malus coronaria,1,0.0015923566878980893,57,64,planted,1,0.0015923566878980893
RochesterNY,Malus coronaria,1,0.0015923566878980893,57,64,not sure,0,0
RochesterNY,Ostrya virginiana,1,0.0015923566878980893,57,65,natural regeneration,1,0.0015923566878980893
RochesterNY,Ostrya virginiana,1,0.0015923566878980893,57,65,planted,0,0
RochesterNY,Ostrya virginiana,1,0.0015923566878980893,57,65,not sure,0,0
RochesterNY,Picea glauca,1,0.0015923566878980893,57,66,natural regeneration,0,0
RochesterNY,Picea glauca,1,0.0015923566878980893,57,66,planted,1,0.0015923566878980893
RochesterNY,Picea glauca,1,0.0015923566878980893,57,66,not sure,0,0
RochesterNY,Picea rubens,1,0.0015923566878980893,57,67,natural regeneration,0,0
RochesterNY,Picea rubens,1,0.0015923566878980893,57,67,planted,1,0.0015923566878980893
RochesterNY,Picea rubens,1,0.0015923566878980893,57,67,not sure,0,0
RochesterNY,Pinus nigra,1,0.0015923566878980893,57,68,natural regeneration,0,0
RochesterNY,Pinus nigra,1,0.0015923566878980893,57,68,planted,1,0.0015923566878980893
RochesterNY,Pinus nigra,1,0.0015923566878980893,57,68,not sure,0,0
RochesterNY,Platanus hybrida,1,0.0015923566878980893,57,69,natural regeneration,1,0.0015923566878980893
RochesterNY,Platanus hybrida,1,0.0015923566878980893,57,69,planted,0,0
RochesterNY,Platanus hybrida,1,0.0015923566878980893,57,69,not sure,0,0
RochesterNY,Populus tremuloides,1,0.0015923566878980893,57,70,natural regeneration,1,0.0015923566878980893
RochesterNY,Populus tremuloides,1,0.0015923566878980893,57,70,planted,0,0
RochesterNY,Populus tremuloides,1,0.0015923566878980893,57,70,not sure,0,0
RochesterNY,Prunus mahaleb,1,0.0015923566878980893,57,71,natural regeneration,0,0
RochesterNY,Prunus mahaleb,1,0.0015923566878980893,57,71,planted,1,0.0015923566878980893
RochesterNY,Prunus mahaleb,1,0.0015923566878980893,57,71,not sure,0,0
RochesterNY,Quercus acutissima,1,0.0015923566878980893,57,72,natural regeneration,0,0
RochesterNY,Quercus acutissima,1,0.0015923566878980893,57,72,planted,1,0.0015923566878980893
RochesterNY,Quercus acutissima,1,0.0015923566878980893,57,72,not sure,0,0
RochesterNY,Quercus coccinea,1,0.0015923566878980893,57,73,natural regeneration,1,0.0015923566878980893
RochesterNY,Quercus coccinea,1,0.0015923566878980893,57,73,planted,0,0
RochesterNY,Quercus coccinea,1,0.0015923566878980893,57,73,not sure,0,0
RochesterNY,Quercus ellipsoidalis,1,0.0015923566878980893,57,74,natural regeneration,1,0.0015923566878980893
RochesterNY,Quercus ellipsoidalis,1,0.0015923566878980893,57,74,planted,0,0
RochesterNY,Quercus ellipsoidalis,1,0.0015923566878980893,57,74,not sure,0,0
RochesterNY,Quercus macrocarpa,1,0.0015923566878980893,57,75,natural regeneration,1,0.0015923566878980893
RochesterNY,Quercus macrocarpa,1,0.0015923566878980893,57,75,planted,0,0
RochesterNY,Quercus macrocarpa,1,0.0015923566878980893,57,75,not sure,0,0
RochesterNY,Quercus palustris,1,0.0015923566878980893,57,76,natural regeneration,1,0.0015923566878980893
RochesterNY,Quercus palustris,1,0.0015923566878980893,57,76,planted,0,0
RochesterNY,Quercus palustris,1,0.0015923566878980893,57,76,not sure,0,0
RochesterNY,Rhamnus cathartica,1,0.0015923566878980893,57,77,natural regeneration,1,0.0015923566878980893
RochesterNY,Rhamnus cathartica,1,0.0015923566878980893,57,77,planted,0,0
RochesterNY,Rhamnus cathartica,1,0.0015923566878980893,57,77,not sure,0,0
RochesterNY,Syringa reticulata,1,0.0015923566878980893,57,78,natural regeneration,0,0
RochesterNY,Syringa reticulata,1,0.0015923566878980893,57,78,planted,1,0.0015923566878980893
RochesterNY,Syringa reticulata,1,0.0015923566878980893,57,78,not sure,0,0
RochesterNY,Ulmus parvifolia,1,0.0015923566878980893,57,79,natural regeneration,0,0
RochesterNY,Ulmus parvifolia,1,0.0015923566878980893,57,79,planted,1,0.0015923566878980893
RochesterNY,Ulmus parvifolia,1,0.0015923566878980893,57,79,not sure,0,0
RochesterNY,Ulmus spp.,1,0.0015923566878980893,57,80,natural regeneration,0,0
RochesterNY,Ulmus spp.,1,0.0015923566878980893,57,80,planted,1,0.0015923566878980893
RochesterNY,Ulmus spp.,1,0.0015923566878980893,57,80,not sure,0,0
SanAntonioTX,Juniperus ashei,283,0.2710727969348659,1,1,natural regeneration,282,0.27011494252873564
SanAntonioTX,Juniperus ashei,283,0.2710727969348659,1,1,planted,0,0
SanAntonioTX,Juniperus ashei,283,0.2710727969348659,1,1,not sure,1,9.578544061302683e-4
SanAntonioTX,Quercus virginiana,164,0.15708812260536398,2,2,natural regeneration,146,0.13984674329501914
SanAntonioTX,Quercus virginiana,164,0.15708812260536398,2,2,planted,18,0.017241379310344827
SanAntonioTX,Quercus virginiana,164,0.15708812260536398,2,2,not sure,0,0
SanAntonioTX,Celtis laevigata,138,0.13218390804597702,3,3,natural regeneration,134,0.12835249042145594
SanAntonioTX,Celtis laevigata,138,0.13218390804597702,3,3,planted,4,0.003831417624521073
SanAntonioTX,Celtis laevigata,138,0.13218390804597702,3,3,not sure,0,0
SanAntonioTX,Prosopis glandulosa,98,0.09386973180076628,4,4,natural regeneration,98,0.09386973180076628
SanAntonioTX,Prosopis glandulosa,98,0.09386973180076628,4,4,planted,0,0
SanAntonioTX,Prosopis glandulosa,98,0.09386973180076628,4,4,not sure,0,0
SanAntonioTX,Ulmus crassifolia,70,0.06704980842911877,5,5,natural regeneration,57,0.05459770114942528
SanAntonioTX,Ulmus crassifolia,70,0.06704980842911877,5,5,planted,13,0.012452107279693486
SanAntonioTX,Ulmus crassifolia,70,0.06704980842911877,5,5,not sure,0,0
SanAntonioTX,Lagerstroemia indica,53,0.05076628352490421,6,6,natural regeneration,4,0.0038314176245210726
SanAntonioTX,Lagerstroemia indica,53,0.05076628352490421,6,6,planted,49,0.04693486590038314
SanAntonioTX,Lagerstroemia indica,53,0.05076628352490421,6,6,not sure,0,0
SanAntonioTX,Ligustrum japonicum,34,0.032567049808429116,7,7,natural regeneration,22,0.0210727969348659
SanAntonioTX,Ligustrum japonicum,34,0.032567049808429116,7,7,planted,12,0.011494252873563218
SanAntonioTX,Ligustrum japonicum,34,0.032567049808429116,7,7,not sure,0,0
SanAntonioTX,Quercus fusiformis,27,0.02586206896551724,8,8,natural regeneration,27,0.02586206896551724
SanAntonioTX,Quercus fusiformis,27,0.02586206896551724,8,8,planted,0,0
SanAntonioTX,Quercus fusiformis,27,0.02586206896551724,8,8,not sure,0,0
SanAntonioTX,Acacia farnesiana,23,0.022030651340996167,9,9,natural regeneration,23,0.022030651340996167
SanAntonioTX,Acacia farnesiana,23,0.022030651340996167,9,9,planted,0,0
SanAntonioTX,Acacia farnesiana,23,0.022030651340996167,9,9,not sure,0,0
SanAntonioTX,Carya illinoinensis,23,0.022030651340996167,9,10,natural regeneration,8,0.007662835249042145
SanAntonioTX,Carya illinoinensis,23,0.022030651340996167,9,10,planted,15,0.014367816091954023
SanAntonioTX,Carya illinoinensis,23,0.022030651340996167,9,10,not sure,0,0
SanAntonioTX,Melia azedarach,19,0.018199233716475097,11,11,natural regeneration,16,0.01532567049808429
SanAntonioTX,Melia azedarach,19,0.018199233716475097,11,11,planted,3,0.0028735632183908046
SanAntonioTX,Melia azedarach,19,0.018199233716475097,11,11,not sure,0,0
SanAntonioTX,Condalia hookeri,16,0.01532567049808429,12,12,natural regeneration,16,0.01532567049808429
SanAntonioTX,Condalia hookeri,16,0.01532567049808429,12,12,planted,0,0
SanAntonioTX,Condalia hookeri,16,0.01532567049808429,12,12,not sure,0,0
SanAntonioTX,Fraxinus velutina,13,0.012452107279693486,13,13,natural regeneration,1,9.578544061302681e-4
SanAntonioTX,Fraxinus velutina,13,0.012452107279693486,13,13,planted,12,0.011494252873563218
SanAntonioTX,Fraxinus velutina,13,0.012452107279693486,13,13,not sure,0,0
SanAntonioTX,Pyrus calleryana,9,0.008620689655172414,14,14,natural regeneration,2,0.0019157088122605363
SanAntonioTX,Pyrus calleryana,9,0.008620689655172414,14,14,planted,7,0.006704980842911878
SanAntonioTX,Pyrus calleryana,9,0.008620689655172414,14,14,not sure,0,0
SanAntonioTX,Ailanthus altissima,7,0.006704980842911878,15,15,natural regeneration,1,9.578544061302681e-4
SanAntonioTX,Ailanthus altissima,7,0.006704980842911878,15,15,planted,6,0.005747126436781609
SanAntonioTX,Ailanthus altissima,7,0.006704980842911878,15,15,not sure,0,0
SanAntonioTX,Eriobotrya japonica,7,0.006704980842911878,15,16,natural regeneration,2,0.0019157088122605363
SanAntonioTX,Eriobotrya japonica,7,0.006704980842911878,15,16,planted,5,0.0047892720306513415
SanAntonioTX,Eriobotrya japonica,7,0.006704980842911878,15,16,not sure,0,0
SanAntonioTX,Quercus buckleyi,7,0.006704980842911878,15,17,natural regeneration,2,0.0019157088122605363
SanAntonioTX,Quercus buckleyi,7,0.006704980842911878,15,17,planted,5,0.0047892720306513415
SanAntonioTX,Quercus buckleyi,7,0.006704980842911878,15,17,not sure,0,0
SanAntonioTX,Quercus shumardii,7,0.006704980842911878,15,18,natural regeneration,0,0
SanAntonioTX,Quercus shumardii,7,0.006704980842911878,15,18,planted,7,0.006704980842911878
SanAntonioTX,Quercus shumardii,7,0.006704980842911878,15,18,not sure,0,0
SanAntonioTX,Triadica sebifera,6,0.005747126436781609,19,19,natural regeneration,4,0.0038314176245210726
SanAntonioTX,Triadica sebifera,6,0.005747126436781609,19,19,planted,2,0.0019157088122605363
SanAntonioTX,Triadica sebifera,6,0.005747126436781609,19,19,not sure,0,0
SanAntonioTX,Diospyros texana,4,0.0038314176245210726,20,20,natural regeneration,4,0.0038314176245210726
SanAntonioTX,Diospyros texana,4,0.0038314176245210726,20,20,planted,0,0
SanAntonioTX,Diospyros texana,4,0.0038314176245210726,20,20,not sure,0,0
SanAntonioTX,Quercus macrocarpa,4,0.0038314176245210726,20,21,natural regeneration,0,0
SanAntonioTX,Quercus macrocarpa,4,0.0038314176245210726,20,21,planted,4,0.0038314176245210726
SanAntonioTX,Quercus macrocarpa,4,0.0038314176245210726,20,21,not sure,0,0
SanAntonioTX,Quercus polymorpha,4,0.0038314176245210726,20,22,natural regeneration,0,0
SanAntonioTX,Quercus polymorpha,4,0.0038314176245210726,20,22,planted,4,0.0038314176245210726
SanAntonioTX,Quercus polymorpha,4,0.0038314176245210726,20,22,not sure,0,0
SanAntonioTX,Ehretia anacua,3,0.0028735632183908046,23,23,natural regeneration,1,9.578544061302681e-4
SanAntonioTX,Ehretia anacua,3,0.0028735632183908046,23,23,planted,2,0.0019157088122605363
SanAntonioTX,Ehretia anacua,3,0.0028735632183908046,23,23,not sure,0,0
SanAntonioTX,Pistacia chinensis,3,0.0028735632183908046,23,24,natural regeneration,1,9.578544061302681e-4
SanAntonioTX,Pistacia chinensis,3,0.0028735632183908046,23,24,planted,2,0.0019157088122605363
SanAntonioTX,Pistacia chinensis,3,0.0028735632183908046,23,24,not sure,0,0
SanAntonioTX,Platycladus orientalis,3,0.0028735632183908046,23,25,natural regeneration,1,9.578544061302681e-4
SanAntonioTX,Platycladus orientalis,3,0.0028735632183908046,23,25,planted,2,0.0019157088122605363
SanAntonioTX,Platycladus orientalis,3,0.0028735632183908046,23,25,not sure,0,0
SanAntonioTX,Sophora secundiflora,3,0.0028735632183908046,23,26,natural regeneration,3,0.0028735632183908046
SanAntonioTX,Sophora secundiflora,3,0.0028735632183908046,23,26,planted,0,0
SanAntonioTX,Sophora secundiflora,3,0.0028735632183908046,23,26,not sure,0,0
SanAntonioTX,Washingtonia robusta,3,0.0028735632183908046,23,27,natural regeneration,0,0
SanAntonioTX,Washingtonia robusta,3,0.0028735632183908046,23,27,planted,3,0.0028735632183908046
SanAntonioTX,Washingtonia robusta,3,0.0028735632183908046,23,27,not sure,0,0
SanAntonioTX,Koelreuteria paniculata,2,0.0019157088122605363,28,28,natural regeneration,1,9.578544061302681e-4
SanAntonioTX,Koelreuteria paniculata,2,0.0019157088122605363,28,28,planted,1,9.578544061302681e-4
SanAntonioTX,Koelreuteria paniculata,2,0.0019157088122605363,28,28,not sure,0,0
SanAntonioTX,Magnolia grandiflora,2,0.0019157088122605363,28,29,natural regeneration,0,0
SanAntonioTX,Magnolia grandiflora,2,0.0019157088122605363,28,29,planted,2,0.0019157088122605363
SanAntonioTX,Magnolia grandiflora,2,0.0019157088122605363,28,29,not sure,0,0
SanAntonioTX,Firmiana simplex,1,9.578544061302681e-4,30,30,natural regeneration,1,9.578544061302681e-4
SanAntonioTX,Firmiana simplex,1,9.578544061302681e-4,30,30,planted,0,0
SanAntonioTX,Firmiana simplex,1,9.578544061302681e-4,30,30,not sure,0,0
SanAntonioTX,Fraxinus berlandieriana,1,9.578544061302681e-4,30,31,natural regeneration,0,0
SanAntonioTX,Fraxinus berlandieriana,1,9.578544061302681e-4,30,31,planted,1,9.578544061302681e-4
SanAntonioTX,Fraxinus berlandieriana,1,9.578544061302681e-4,30,31,not sure,0,0
SanAntonioTX,Ligustrum lucidum,1,9.578544061302681e-4,30,32,natural regeneration,1,9.578544061302681e-4
SanAntonioTX,Ligustrum lucidum,1,9.578544061302681e-4,30,32,planted,0,0
SanAntonioTX,Ligustrum lucidum,1,9.578544061302681e-4,30,32,not sure,0,0
SanAntonioTX,Ligustrum sinense,1,9.578544061302681e-4,30,33,natural regeneration,0,0
SanAntonioTX,Ligustrum sinense,1,9.578544061302681e-4,30,33,planted,1,9.578544061302681e-4
SanAntonioTX,Ligustrum sinense,1,9.578544061302681e-4,30,33,not sure,0,0
SanAntonioTX,Morus alba,1,9.578544061302681e-4,30,34,natural regeneration,0,0
SanAntonioTX,Morus alba,1,9.578544061302681e-4,30,34,planted,1,9.578544061302681e-4
SanAntonioTX,Morus alba,1,9.578544061302681e-4,30,34,not sure,0,0
SanAntonioTX,Quercus sinuata var. sinuata,1,9.578544061302681e-4,30,35,natural regeneration,1,9.578544061302681e-4
SanAntonioTX,Quercus sinuata var. sinuata,1,9.578544061302681e-4,30,35,planted,0,0
SanAntonioTX,Quercus sinuata var. sinuata,1,9.578544061302681e-4,30,35,not sure,0,0
SanAntonioTX,Sapindus saponaria var. drummondii,1,9.578544061302681e-4,30,36,natural regeneration,1,9.578544061302681e-4
SanAntonioTX,Sapindus saponaria var. drummondii,1,9.578544061302681e-4,30,36,planted,0,0
SanAntonioTX,Sapindus saponaria var. drummondii,1,9.578544061302681e-4,30,36,not sure,0,0
SanAntonioTX,Sideroxylon lanuginosum ssp. lanuginosum,1,9.578544061302681e-4,30,37,natural regeneration,1,9.578544061302681e-4
SanAntonioTX,Sideroxylon lanuginosum ssp. lanuginosum,1,9.578544061302681e-4,30,37,planted,0,0
SanAntonioTX,Sideroxylon lanuginosum ssp. lanuginosum,1,9.578544061302681e-4,30,37,not sure,0,0
SanAntonioTX,Ulmus parvifolia,1,9.578544061302681e-4,30,38,natural regeneration,1,9.578544061302681e-4
SanAntonioTX,Ulmus parvifolia,1,9.578544061302681e-4,30,38,planted,0,0
SanAntonioTX,Ulmus parvifolia,1,9.578544061302681e-4,30,38,not sure,0,0
SanDiegoCA,Salix lasiolepis,44,0.11195928753180662,1,1,natural regeneration,44,0.11195928753180662
SanDiegoCA,Salix lasiolepis,44,0.11195928753180662,1,1,planted,0,0
SanDiegoCA,Salix lasiolepis,44,0.11195928753180662,1,1,not sure,0,0
SanDiegoCA,Phoenix roebelenii,36,0.0916030534351145,2,2,natural regeneration,0,0
SanDiegoCA,Phoenix roebelenii,36,0.0916030534351145,2,2,planted,36,0.0916030534351145
SanDiegoCA,Phoenix roebelenii,36,0.0916030534351145,2,2,not sure,0,0
SanDiegoCA,Eucalyptus globulus,35,0.089058524173028,3,3,natural regeneration,11,0.027989821882951654
SanDiegoCA,Eucalyptus globulus,35,0.089058524173028,3,3,planted,24,0.06106870229007634
SanDiegoCA,Eucalyptus globulus,35,0.089058524173028,3,3,not sure,0,0
SanDiegoCA,Syagrus romanzoffiana,22,0.05597964376590331,4,4,natural regeneration,0,0
SanDiegoCA,Syagrus romanzoffiana,22,0.05597964376590331,4,4,planted,22,0.05597964376590331
SanDiegoCA,Syagrus romanzoffiana,22,0.05597964376590331,4,4,not sure,0,0
SanDiegoCA,Eucalyptus sideroxylon,14,0.035623409669211195,5,5,natural regeneration,0,0
SanDiegoCA,Eucalyptus sideroxylon,14,0.035623409669211195,5,5,planted,14,0.035623409669211195
SanDiegoCA,Eucalyptus sideroxylon,14,0.035623409669211195,5,5,not sure,0,0
SanDiegoCA,Melaleuca quinquenervia,14,0.035623409669211195,5,6,natural regeneration,0,0
SanDiegoCA,Melaleuca quinquenervia,14,0.035623409669211195,5,6,planted,14,0.035623409669211195
SanDiegoCA,Melaleuca quinquenervia,14,0.035623409669211195,5,6,not sure,0,0
SanDiegoCA,Lophostemon confertus,12,0.030534351145038167,7,7,natural regeneration,0,0
SanDiegoCA,Lophostemon confertus,12,0.030534351145038167,7,7,planted,12,0.030534351145038167
SanDiegoCA,Lophostemon confertus,12,0.030534351145038167,7,7,not sure,0,0
SanDiegoCA,Pinus halepensis,12,0.030534351145038167,7,8,natural regeneration,7,0.017811704834605598
SanDiegoCA,Pinus halepensis,12,0.030534351145038167,7,8,planted,5,0.01272264631043257
SanDiegoCA,Pinus halepensis,12,0.030534351145038167,7,8,not sure,0,0
SanDiegoCA,Pinus thunbergii,12,0.030534351145038167,7,9,natural regeneration,0,0
SanDiegoCA,Pinus thunbergii,12,0.030534351145038167,7,9,planted,12,0.030534351145038167
SanDiegoCA,Pinus thunbergii,12,0.030534351145038167,7,9,not sure,0,0
SanDiegoCA,Pyrus calleryana,11,0.027989821882951654,10,10,natural regeneration,0,0
SanDiegoCA,Pyrus calleryana,11,0.027989821882951654,10,10,planted,11,0.027989821882951654
SanDiegoCA,Pyrus calleryana,11,0.027989821882951654,10,10,not sure,0,0
SanDiegoCA,Archontophoenix cunninghamiana,9,0.022900763358778626,11,11,natural regeneration,0,0
SanDiegoCA,Archontophoenix cunninghamiana,9,0.022900763358778626,11,11,planted,9,0.022900763358778626
SanDiegoCA,Archontophoenix cunninghamiana,9,0.022900763358778626,11,11,not sure,0,0
SanDiegoCA,Washingtonia robusta,9,0.022900763358778626,11,12,natural regeneration,1,0.0025445292620865138
SanDiegoCA,Washingtonia robusta,9,0.022900763358778626,11,12,planted,8,0.02035623409669211
SanDiegoCA,Washingtonia robusta,9,0.022900763358778626,11,12,not sure,0,0
SanDiegoCA,Pinus canariensis,8,0.020356234096692113,13,13,natural regeneration,0,0
SanDiegoCA,Pinus canariensis,8,0.020356234096692113,13,13,planted,8,0.020356234096692113
SanDiegoCA,Pinus canariensis,8,0.020356234096692113,13,13,not sure,0,0
SanDiegoCA,Ficus microcarpa,7,0.017811704834605598,14,14,natural regeneration,0,0
SanDiegoCA,Ficus microcarpa,7,0.017811704834605598,14,14,planted,7,0.017811704834605598
SanDiegoCA,Ficus microcarpa,7,0.017811704834605598,14,14,not sure,0,0
SanDiegoCA,Olea europaea,7,0.017811704834605598,14,15,natural regeneration,0,0
SanDiegoCA,Olea europaea,7,0.017811704834605598,14,15,planted,7,0.017811704834605598
SanDiegoCA,Olea europaea,7,0.017811704834605598,14,15,not sure,0,0
SanDiegoCA,Platanus racemosa,7,0.017811704834605598,14,16,natural regeneration,0,0
SanDiegoCA,Platanus racemosa,7,0.017811704834605598,14,16,planted,7,0.017811704834605598
SanDiegoCA,Platanus racemosa,7,0.017811704834605598,14,16,not sure,0,0
SanDiegoCA,Afrocarpus falcatus,6,0.015267175572519083,17,17,natural regeneration,0,0
SanDiegoCA,Afrocarpus falcatus,6,0.015267175572519083,17,17,planted,6,0.015267175572519083
SanDiegoCA,Afrocarpus falcatus,6,0.015267175572519083,17,17,not sure,0,0
SanDiegoCA,Brachychiton populneum,6,0.015267175572519083,17,18,natural regeneration,1,0.0025445292620865138
SanDiegoCA,Brachychiton populneum,6,0.015267175572519083,17,18,planted,5,0.01272264631043257
SanDiegoCA,Brachychiton populneum,6,0.015267175572519083,17,18,not sure,0,0
SanDiegoCA,Cinnamomum camphora,6,0.015267175572519083,17,19,natural regeneration,0,0
SanDiegoCA,Cinnamomum camphora,6,0.015267175572519083,17,19,planted,6,0.015267175572519083
SanDiegoCA,Cinnamomum camphora,6,0.015267175572519083,17,19,not sure,0,0
SanDiegoCA,Cupressus sempervirens,6,0.015267175572519083,17,20,natural regeneration,0,0
SanDiegoCA,Cupressus sempervirens,6,0.015267175572519083,17,20,planted,6,0.015267175572519083
SanDiegoCA,Cupressus sempervirens,6,0.015267175572519083,17,20,not sure,0,0
SanDiegoCA,Myoporum laetum,6,0.015267175572519083,17,21,natural regeneration,6,0.015267175572519083
SanDiegoCA,Myoporum laetum,6,0.015267175572519083,17,21,planted,0,0
SanDiegoCA,Myoporum laetum,6,0.015267175572519083,17,21,not sure,0,0
SanDiegoCA,Eucalyptus polyanthemos,5,0.01272264631043257,22,22,natural regeneration,5,0.01272264631043257
SanDiegoCA,Eucalyptus polyanthemos,5,0.01272264631043257,22,22,planted,0,0
SanDiegoCA,Eucalyptus polyanthemos,5,0.01272264631043257,22,22,not sure,0,0
SanDiegoCA,Liquidambar styraciflua,5,0.01272264631043257,22,23,natural regeneration,0,0
SanDiegoCA,Liquidambar styraciflua,5,0.01272264631043257,22,23,planted,5,0.01272264631043257
SanDiegoCA,Liquidambar styraciflua,5,0.01272264631043257,22,23,not sure,0,0
SanDiegoCA,Phoenix dactylifera,5,0.01272264631043257,22,24,natural regeneration,0,0
SanDiegoCA,Phoenix dactylifera,5,0.01272264631043257,22,24,planted,5,0.01272264631043257
SanDiegoCA,Phoenix dactylifera,5,0.01272264631043257,22,24,not sure,0,0
SanDiegoCA,Pittosporum tobira,5,0.01272264631043257,22,25,natural regeneration,0,0
SanDiegoCA,Pittosporum tobira,5,0.01272264631043257,22,25,planted,5,0.01272264631043257
SanDiegoCA,Pittosporum tobira,5,0.01272264631043257,22,25,not sure,0,0
SanDiegoCA,Schinus molle,5,0.01272264631043257,22,26,natural regeneration,1,0.002544529262086514
SanDiegoCA,Schinus molle,5,0.01272264631043257,22,26,planted,4,0.010178117048346057
SanDiegoCA,Schinus molle,5,0.01272264631043257,22,26,not sure,0,0
SanDiegoCA,Tipuana tipu,5,0.01272264631043257,22,27,natural regeneration,0,0
SanDiegoCA,Tipuana tipu,5,0.01272264631043257,22,27,planted,5,0.01272264631043257
SanDiegoCA,Tipuana tipu,5,0.01272264631043257,22,27,not sure,0,0
SanDiegoCA,Jacaranda mimosifolia,4,0.010178117048346057,28,28,natural regeneration,0,0
SanDiegoCA,Jacaranda mimosifolia,4,0.010178117048346057,28,28,planted,4,0.010178117048346057
SanDiegoCA,Jacaranda mimosifolia,4,0.010178117048346057,28,28,not sure,0,0
SanDiegoCA,Pinus torreyana,4,0.010178117048346057,28,29,natural regeneration,3,0.0076335877862595426
SanDiegoCA,Pinus torreyana,4,0.010178117048346057,28,29,planted,1,0.002544529262086514
SanDiegoCA,Pinus torreyana,4,0.010178117048346057,28,29,not sure,0,0
SanDiegoCA,Eucalyptus cladocalyx,3,0.007633587786259542,30,30,natural regeneration,0,0
SanDiegoCA,Eucalyptus cladocalyx,3,0.007633587786259542,30,30,planted,3,0.007633587786259542
SanDiegoCA,Eucalyptus cladocalyx,3,0.007633587786259542,30,30,not sure,0,0
SanDiegoCA,Eucalyptus rudis,3,0.007633587786259542,30,31,natural regeneration,3,0.007633587786259542
SanDiegoCA,Eucalyptus rudis,3,0.007633587786259542,30,31,planted,0,0
SanDiegoCA,Eucalyptus rudis,3,0.007633587786259542,30,31,not sure,0,0
SanDiegoCA,Gleditsia triacanthos,3,0.007633587786259542,30,32,natural regeneration,0,0
SanDiegoCA,Gleditsia triacanthos,3,0.007633587786259542,30,32,planted,3,0.007633587786259542
SanDiegoCA,Gleditsia triacanthos,3,0.007633587786259542,30,32,not sure,0,0
SanDiegoCA,Howeia forsteriana,3,0.007633587786259542,30,33,natural regeneration,0,0
SanDiegoCA,Howeia forsteriana,3,0.007633587786259542,30,33,planted,3,0.007633587786259542
SanDiegoCA,Howeia forsteriana,3,0.007633587786259542,30,33,not sure,0,0
SanDiegoCA,Juniperus chinensis,3,0.007633587786259542,30,34,natural regeneration,0,0
SanDiegoCA,Juniperus chinensis,3,0.007633587786259542,30,34,planted,3,0.007633587786259542
SanDiegoCA,Juniperus chinensis,3,0.007633587786259542,30,34,not sure,0,0
SanDiegoCA,Archontophoenix alexandrae,2,0.005089058524173028,35,35,natural regeneration,0,0
SanDiegoCA,Archontophoenix alexandrae,2,0.005089058524173028,35,35,planted,2,0.005089058524173028
SanDiegoCA,Archontophoenix alexandrae,2,0.005089058524173028,35,35,not sure,0,0
SanDiegoCA,Callistemon viminalis,2,0.005089058524173028,35,36,natural regeneration,0,0
SanDiegoCA,Callistemon viminalis,2,0.005089058524173028,35,36,planted,2,0.005089058524173028
SanDiegoCA,Callistemon viminalis,2,0.005089058524173028,35,36,not sure,0,0
SanDiegoCA,Cupaniopsis anacardioides,2,0.005089058524173028,35,37,natural regeneration,0,0
SanDiegoCA,Cupaniopsis anacardioides,2,0.005089058524173028,35,37,planted,2,0.005089058524173028
SanDiegoCA,Cupaniopsis anacardioides,2,0.005089058524173028,35,37,not sure,0,0
SanDiegoCA,Eriobotrya deflexa,2,0.005089058524173028,35,38,natural regeneration,0,0
SanDiegoCA,Eriobotrya deflexa,2,0.005089058524173028,35,38,planted,2,0.005089058524173028
SanDiegoCA,Eriobotrya deflexa,2,0.005089058524173028,35,38,not sure,0,0
SanDiegoCA,Eucalyptus camaldulensis,2,0.005089058524173028,35,39,natural regeneration,2,0.005089058524173028
SanDiegoCA,Eucalyptus camaldulensis,2,0.005089058524173028,35,39,planted,0,0
SanDiegoCA,Eucalyptus camaldulensis,2,0.005089058524173028,35,39,not sure,0,0
SanDiegoCA,Feijoa sellowiana,2,0.005089058524173028,35,40,natural regeneration,0,0
SanDiegoCA,Feijoa sellowiana,2,0.005089058524173028,35,40,planted,2,0.005089058524173028
SanDiegoCA,Feijoa sellowiana,2,0.005089058524173028,35,40,not sure,0,0
SanDiegoCA,Ficus benjamina,2,0.005089058524173028,35,41,natural regeneration,0,0
SanDiegoCA,Ficus benjamina,2,0.005089058524173028,35,41,planted,2,0.005089058524173028
SanDiegoCA,Ficus benjamina,2,0.005089058524173028,35,41,not sure,0,0
SanDiegoCA,Ligustrum japonicum,2,0.005089058524173028,35,42,natural regeneration,0,0
SanDiegoCA,Ligustrum japonicum,2,0.005089058524173028,35,42,planted,2,0.005089058524173028
SanDiegoCA,Ligustrum japonicum,2,0.005089058524173028,35,42,not sure,0,0
SanDiegoCA,Schefflera actinophylla,2,0.005089058524173028,35,43,natural regeneration,0,0
SanDiegoCA,Schefflera actinophylla,2,0.005089058524173028,35,43,planted,2,0.005089058524173028
SanDiegoCA,Schefflera actinophylla,2,0.005089058524173028,35,43,not sure,0,0
SanDiegoCA,Acacia longifolia,1,0.002544529262086514,44,44,natural regeneration,0,0
SanDiegoCA,Acacia longifolia,1,0.002544529262086514,44,44,planted,1,0.002544529262086514
SanDiegoCA,Acacia longifolia,1,0.002544529262086514,44,44,not sure,0,0
SanDiegoCA,Afrocarpus gracilior,1,0.002544529262086514,44,45,natural regeneration,0,0
SanDiegoCA,Afrocarpus gracilior,1,0.002544529262086514,44,45,planted,1,0.002544529262086514
SanDiegoCA,Afrocarpus gracilior,1,0.002544529262086514,44,45,not sure,0,0
SanDiegoCA,Annona cherimola,1,0.002544529262086514,44,46,natural regeneration,0,0
SanDiegoCA,Annona cherimola,1,0.002544529262086514,44,46,planted,1,0.002544529262086514
SanDiegoCA,Annona cherimola,1,0.002544529262086514,44,46,not sure,0,0
SanDiegoCA,Araucaria columnaris,1,0.002544529262086514,44,47,natural regeneration,0,0
SanDiegoCA,Araucaria columnaris,1,0.002544529262086514,44,47,planted,1,0.002544529262086514
SanDiegoCA,Araucaria columnaris,1,0.002544529262086514,44,47,not sure,0,0
SanDiegoCA,Araucaria heterophylla,1,0.002544529262086514,44,48,natural regeneration,0,0
SanDiegoCA,Araucaria heterophylla,1,0.002544529262086514,44,48,planted,1,0.002544529262086514
SanDiegoCA,Araucaria heterophylla,1,0.002544529262086514,44,48,not sure,0,0
SanDiegoCA,Arbutus unedo,1,0.002544529262086514,44,49,natural regeneration,0,0
SanDiegoCA,Arbutus unedo,1,0.002544529262086514,44,49,planted,1,0.002544529262086514
SanDiegoCA,Arbutus unedo,1,0.002544529262086514,44,49,not sure,0,0
SanDiegoCA,Bauhinia x blakeana,1,0.002544529262086514,44,50,natural regeneration,0,0
SanDiegoCA,Bauhinia x blakeana,1,0.002544529262086514,44,50,planted,1,0.002544529262086514
SanDiegoCA,Bauhinia x blakeana,1,0.002544529262086514,44,50,not sure,0,0
SanDiegoCA,Brachychiton discolor,1,0.002544529262086514,44,51,natural regeneration,0,0
SanDiegoCA,Brachychiton discolor,1,0.002544529262086514,44,51,planted,1,0.002544529262086514
SanDiegoCA,Brachychiton discolor,1,0.002544529262086514,44,51,not sure,0,0
SanDiegoCA,Callistemon citrinus,1,0.002544529262086514,44,52,natural regeneration,0,0
SanDiegoCA,Callistemon citrinus,1,0.002544529262086514,44,52,planted,1,0.002544529262086514
SanDiegoCA,Callistemon citrinus,1,0.002544529262086514,44,52,not sure,0,0
SanDiegoCA,Cassia leptophylla,1,0.002544529262086514,44,53,natural regeneration,0,0
SanDiegoCA,Cassia leptophylla,1,0.002544529262086514,44,53,planted,1,0.002544529262086514
SanDiegoCA,Cassia leptophylla,1,0.002544529262086514,44,53,not sure,0,0
SanDiegoCA,Chamaerops humilis,1,0.002544529262086514,44,54,natural regeneration,0,0
SanDiegoCA,Chamaerops humilis,1,0.002544529262086514,44,54,planted,1,0.002544529262086514
SanDiegoCA,Chamaerops humilis,1,0.002544529262086514,44,54,not sure,0,0
SanDiegoCA,Citrus x sinensis,1,0.002544529262086514,44,55,natural regeneration,0,0
SanDiegoCA,Citrus x sinensis,1,0.002544529262086514,44,55,planted,1,0.002544529262086514
SanDiegoCA,Citrus x sinensis,1,0.002544529262086514,44,55,not sure,0,0
SanDiegoCA,Corymbia citriodora,1,0.002544529262086514,44,56,natural regeneration,0,0
SanDiegoCA,Corymbia citriodora,1,0.002544529262086514,44,56,planted,1,0.002544529262086514
SanDiegoCA,Corymbia citriodora,1,0.002544529262086514,44,56,not sure,0,0
SanDiegoCA,Eriobotrya japonica,1,0.002544529262086514,44,57,natural regeneration,0,0
SanDiegoCA,Eriobotrya japonica,1,0.002544529262086514,44,57,planted,1,0.002544529262086514
SanDiegoCA,Eriobotrya japonica,1,0.002544529262086514,44,57,not sure,0,0
SanDiegoCA,Erythrina coralloides,1,0.002544529262086514,44,58,natural regeneration,0,0
SanDiegoCA,Erythrina coralloides,1,0.002544529262086514,44,58,planted,1,0.002544529262086514
SanDiegoCA,Erythrina coralloides,1,0.002544529262086514,44,58,not sure,0,0
SanDiegoCA,Eucalyptus leucoxylon,1,0.002544529262086514,44,59,natural regeneration,0,0
SanDiegoCA,Eucalyptus leucoxylon,1,0.002544529262086514,44,59,planted,1,0.002544529262086514
SanDiegoCA,Eucalyptus leucoxylon,1,0.002544529262086514,44,59,not sure,0,0
SanDiegoCA,Eucalyptus robusta,1,0.002544529262086514,44,60,natural regeneration,0,0
SanDiegoCA,Eucalyptus robusta,1,0.002544529262086514,44,60,planted,1,0.002544529262086514
SanDiegoCA,Eucalyptus robusta,1,0.002544529262086514,44,60,not sure,0,0
SanDiegoCA,Ficus auriculata,1,0.002544529262086514,44,61,natural regeneration,0,0
SanDiegoCA,Ficus auriculata,1,0.002544529262086514,44,61,planted,1,0.002544529262086514
SanDiegoCA,Ficus auriculata,1,0.002544529262086514,44,61,not sure,0,0
SanDiegoCA,Fraxinus uhdei,1,0.002544529262086514,44,62,natural regeneration,0,0
SanDiegoCA,Fraxinus uhdei,1,0.002544529262086514,44,62,planted,1,0.002544529262086514
SanDiegoCA,Fraxinus uhdei,1,0.002544529262086514,44,62,not sure,0,0
SanDiegoCA,Fraxinus velutina,1,0.002544529262086514,44,63,natural regeneration,1,0.002544529262086514
SanDiegoCA,Fraxinus velutina,1,0.002544529262086514,44,63,planted,0,0
SanDiegoCA,Fraxinus velutina,1,0.002544529262086514,44,63,not sure,0,0
SanDiegoCA,Harpephyllum caffrum,1,0.002544529262086514,44,64,natural regeneration,0,0
SanDiegoCA,Harpephyllum caffrum,1,0.002544529262086514,44,64,planted,1,0.002544529262086514
SanDiegoCA,Harpephyllum caffrum,1,0.002544529262086514,44,64,not sure,0,0
SanDiegoCA,Koelreuteria bipinnata,1,0.002544529262086514,44,65,natural regeneration,0,0
SanDiegoCA,Koelreuteria bipinnata,1,0.002544529262086514,44,65,planted,1,0.002544529262086514
SanDiegoCA,Koelreuteria bipinnata,1,0.002544529262086514,44,65,not sure,0,0
SanDiegoCA,Lagerstroemia indica,1,0.002544529262086514,44,66,natural regeneration,0,0
SanDiegoCA,Lagerstroemia indica,1,0.002544529262086514,44,66,planted,1,0.002544529262086514
SanDiegoCA,Lagerstroemia indica,1,0.002544529262086514,44,66,not sure,0,0
SanDiegoCA,Magnolia grandiflora,1,0.002544529262086514,44,67,natural regeneration,0,0
SanDiegoCA,Magnolia grandiflora,1,0.002544529262086514,44,67,planted,1,0.002544529262086514
SanDiegoCA,Magnolia grandiflora,1,0.002544529262086514,44,67,not sure,0,0
SanDiegoCA,Parkinsonia aculeata,1,0.002544529262086514,44,68,natural regeneration,0,0
SanDiegoCA,Parkinsonia aculeata,1,0.002544529262086514,44,68,planted,1,0.002544529262086514
SanDiegoCA,Parkinsonia aculeata,1,0.002544529262086514,44,68,not sure,0,0
SanDiegoCA,Prunus armeniaca,1,0.002544529262086514,44,69,natural regeneration,0,0
SanDiegoCA,Prunus armeniaca,1,0.002544529262086514,44,69,planted,1,0.002544529262086514
SanDiegoCA,Prunus armeniaca,1,0.002544529262086514,44,69,not sure,0,0
SanDiegoCA,Psidium guajava,1,0.002544529262086514,44,70,natural regeneration,0,0
SanDiegoCA,Psidium guajava,1,0.002544529262086514,44,70,planted,1,0.002544529262086514
SanDiegoCA,Psidium guajava,1,0.002544529262086514,44,70,not sure,0,0
SanDiegoCA,Quercus chrysolepis,1,0.002544529262086514,44,71,natural regeneration,0,0
SanDiegoCA,Quercus chrysolepis,1,0.002544529262086514,44,71,planted,1,0.002544529262086514
SanDiegoCA,Quercus chrysolepis,1,0.002544529262086514,44,71,not sure,0,0
SanDiegoCA,Salix x sepulcralis,1,0.002544529262086514,44,72,natural regeneration,0,0
SanDiegoCA,Salix x sepulcralis,1,0.002544529262086514,44,72,planted,1,0.002544529262086514
SanDiegoCA,Salix x sepulcralis,1,0.002544529262086514,44,72,not sure,0,0
SanDiegoCA,Schinus terebinthifolius,1,0.002544529262086514,44,73,natural regeneration,0,0
SanDiegoCA,Schinus terebinthifolius,1,0.002544529262086514,44,73,planted,1,0.002544529262086514
SanDiegoCA,Schinus terebinthifolius,1,0.002544529262086514,44,73,not sure,0,0
SanDiegoCA,Spathodea campanulata,1,0.002544529262086514,44,74,natural regeneration,0,0
SanDiegoCA,Spathodea campanulata,1,0.002544529262086514,44,74,planted,1,0.002544529262086514
SanDiegoCA,Spathodea campanulata,1,0.002544529262086514,44,74,not sure,0,0
SanDiegoCA,Syzygium paniculatum,1,0.002544529262086514,44,75,natural regeneration,0,0
SanDiegoCA,Syzygium paniculatum,1,0.002544529262086514,44,75,planted,1,0.002544529262086514
SanDiegoCA,Syzygium paniculatum,1,0.002544529262086514,44,75,not sure,0,0
SanDiegoCA,Tamarix ramosissima,1,0.002544529262086514,44,76,natural regeneration,1,0.002544529262086514
SanDiegoCA,Tamarix ramosissima,1,0.002544529262086514,44,76,planted,0,0
SanDiegoCA,Tamarix ramosissima,1,0.002544529262086514,44,76,not sure,0,0
SpringfieldMO,Maclura pomifera,72,0.1460446247464503,1,1,natural regeneration,72,0.1460446247464503
SpringfieldMO,Maclura pomifera,72,0.1460446247464503,1,1,planted,0,0
SpringfieldMO,Maclura pomifera,72,0.1460446247464503,1,1,not sure,0,0
SpringfieldMO,Celtis occidentalis,57,0.11561866125760649,2,2,natural regeneration,52,0.10547667342799188
SpringfieldMO,Celtis occidentalis,57,0.11561866125760649,2,2,planted,2,0.004056795131845842
SpringfieldMO,Celtis occidentalis,57,0.11561866125760649,2,2,not sure,3,0.006085192697768763
SpringfieldMO,Juniperus virginiana,41,0.08316430020283976,3,3,natural regeneration,39,0.07910750507099391
SpringfieldMO,Juniperus virginiana,41,0.08316430020283976,3,3,planted,0,0
SpringfieldMO,Juniperus virginiana,41,0.08316430020283976,3,3,not sure,2,0.004056795131845842
SpringfieldMO,Juglans nigra,36,0.07302231237322515,4,4,natural regeneration,31,0.06288032454361055
SpringfieldMO,Juglans nigra,36,0.07302231237322515,4,4,planted,2,0.004056795131845842
SpringfieldMO,Juglans nigra,36,0.07302231237322515,4,4,not sure,3,0.006085192697768763
SpringfieldMO,Ulmus americana,36,0.07302231237322515,4,5,natural regeneration,32,0.06490872210953347
SpringfieldMO,Ulmus americana,36,0.07302231237322515,4,5,planted,0,0
SpringfieldMO,Ulmus americana,36,0.07302231237322515,4,5,not sure,4,0.008113590263691683
SpringfieldMO,Prunus serotina,30,0.060851926977687626,6,6,natural regeneration,24,0.0486815415821501
SpringfieldMO,Prunus serotina,30,0.060851926977687626,6,6,planted,0,0
SpringfieldMO,Prunus serotina,30,0.060851926977687626,6,6,not sure,6,0.012170385395537525
SpringfieldMO,Gleditsia triacanthos,21,0.04259634888438134,7,7,natural regeneration,21,0.04259634888438134
SpringfieldMO,Gleditsia triacanthos,21,0.04259634888438134,7,7,planted,0,0
SpringfieldMO,Gleditsia triacanthos,21,0.04259634888438134,7,7,not sure,0,0
SpringfieldMO,Acer saccharinum,20,0.04056795131845842,8,8,natural regeneration,9,0.018255578093306288
SpringfieldMO,Acer saccharinum,20,0.04056795131845842,8,8,planted,0,0
SpringfieldMO,Acer saccharinum,20,0.04056795131845842,8,8,not sure,11,0.022312373225152133
SpringfieldMO,Morus alba,16,0.032454361054766734,9,9,natural regeneration,9,0.018255578093306288
SpringfieldMO,Morus alba,16,0.032454361054766734,9,9,planted,0,0
SpringfieldMO,Morus alba,16,0.032454361054766734,9,9,not sure,7,0.014198782961460446
SpringfieldMO,Ailanthus altissima,13,0.02636916835699797,10,10,natural regeneration,12,0.02434077079107505
SpringfieldMO,Ailanthus altissima,13,0.02636916835699797,10,10,planted,0,0
SpringfieldMO,Ailanthus altissima,13,0.02636916835699797,10,10,not sure,1,0.002028397565922921
SpringfieldMO,Acer negundo,11,0.02231237322515213,11,11,natural regeneration,10,0.02028397565922921
SpringfieldMO,Acer negundo,11,0.02231237322515213,11,11,planted,0,0
SpringfieldMO,Acer negundo,11,0.02231237322515213,11,11,not sure,1,0.002028397565922921
SpringfieldMO,Ulmus pumila,10,0.02028397565922921,12,12,natural regeneration,3,0.006085192697768763
SpringfieldMO,Ulmus pumila,10,0.02028397565922921,12,12,planted,1,0.002028397565922921
SpringfieldMO,Ulmus pumila,10,0.02028397565922921,12,12,not sure,6,0.012170385395537525
SpringfieldMO,Fraxinus pennsylvanica,8,0.016227180527383367,13,13,natural regeneration,6,0.012170385395537525
SpringfieldMO,Fraxinus pennsylvanica,8,0.016227180527383367,13,13,planted,2,0.004056795131845842
SpringfieldMO,Fraxinus pennsylvanica,8,0.016227180527383367,13,13,not sure,0,0
SpringfieldMO,Pyrus calleryana,8,0.016227180527383367,13,14,natural regeneration,1,0.002028397565922921
SpringfieldMO,Pyrus calleryana,8,0.016227180527383367,13,14,planted,7,0.014198782961460446
SpringfieldMO,Pyrus calleryana,8,0.016227180527383367,13,14,not sure,0,0
SpringfieldMO,Fraxinus americana,7,0.014198782961460446,15,15,natural regeneration,2,0.004056795131845842
SpringfieldMO,Fraxinus americana,7,0.014198782961460446,15,15,planted,5,0.010141987829614604
SpringfieldMO,Fraxinus americana,7,0.014198782961460446,15,15,not sure,0,0
SpringfieldMO,Liquidambar styraciflua,7,0.014198782961460446,15,16,natural regeneration,0,0
SpringfieldMO,Liquidambar styraciflua,7,0.014198782961460446,15,16,planted,5,0.010141987829614604
SpringfieldMO,Liquidambar styraciflua,7,0.014198782961460446,15,16,not sure,2,0.004056795131845842
SpringfieldMO,Quercus stellata,7,0.014198782961460446,15,17,natural regeneration,7,0.014198782961460446
SpringfieldMO,Quercus stellata,7,0.014198782961460446,15,17,planted,0,0
SpringfieldMO,Quercus stellata,7,0.014198782961460446,15,17,not sure,0,0
SpringfieldMO,Acer rubrum,6,0.012170385395537525,18,18,natural regeneration,1,0.002028397565922921
SpringfieldMO,Acer rubrum,6,0.012170385395537525,18,18,planted,4,0.008113590263691683
SpringfieldMO,Acer rubrum,6,0.012170385395537525,18,18,not sure,1,0.002028397565922921
SpringfieldMO,Morus rubra,6,0.012170385395537525,18,19,natural regeneration,5,0.010141987829614604
SpringfieldMO,Morus rubra,6,0.012170385395537525,18,19,planted,0,0
SpringfieldMO,Morus rubra,6,0.012170385395537525,18,19,not sure,1,0.002028397565922921
SpringfieldMO,Quercus palustris,6,0.012170385395537525,18,20,natural regeneration,1,0.002028397565922921
SpringfieldMO,Quercus palustris,6,0.012170385395537525,18,20,planted,3,0.006085192697768763
SpringfieldMO,Quercus palustris,6,0.012170385395537525,18,20,not sure,2,0.004056795131845842
SpringfieldMO,Carya cordiformis,5,0.010141987829614604,21,21,natural regeneration,5,0.010141987829614604
SpringfieldMO,Carya cordiformis,5,0.010141987829614604,21,21,planted,0,0
SpringfieldMO,Carya cordiformis,5,0.010141987829614604,21,21,not sure,0,0
SpringfieldMO,Picea pungens,5,0.010141987829614604,21,22,natural regeneration,0,0
SpringfieldMO,Picea pungens,5,0.010141987829614604,21,22,planted,5,0.010141987829614604
SpringfieldMO,Picea pungens,5,0.010141987829614604,21,22,not sure,0,0
SpringfieldMO,Pinus strobus,5,0.010141987829614604,21,23,natural regeneration,0,0
SpringfieldMO,Pinus strobus,5,0.010141987829614604,21,23,planted,4,0.008113590263691683
SpringfieldMO,Pinus strobus,5,0.010141987829614604,21,23,not sure,1,0.002028397565922921
SpringfieldMO,Robinia pseudoacacia,5,0.010141987829614604,21,24,natural regeneration,1,0.002028397565922921
SpringfieldMO,Robinia pseudoacacia,5,0.010141987829614604,21,24,planted,0,0
SpringfieldMO,Robinia pseudoacacia,5,0.010141987829614604,21,24,not sure,4,0.008113590263691683
SpringfieldMO,Carya ovata,4,0.008113590263691683,25,25,natural regeneration,3,0.006085192697768763
SpringfieldMO,Carya ovata,4,0.008113590263691683,25,25,planted,1,0.002028397565922921
SpringfieldMO,Carya ovata,4,0.008113590263691683,25,25,not sure,0,0
SpringfieldMO,Cercis canadensis,4,0.008113590263691683,25,26,natural regeneration,0,0
SpringfieldMO,Cercis canadensis,4,0.008113590263691683,25,26,planted,2,0.004056795131845842
SpringfieldMO,Cercis canadensis,4,0.008113590263691683,25,26,not sure,2,0.004056795131845842
SpringfieldMO,Ilex opaca,4,0.008113590263691683,25,27,natural regeneration,0,0
SpringfieldMO,Ilex opaca,4,0.008113590263691683,25,27,planted,4,0.008113590263691683
SpringfieldMO,Ilex opaca,4,0.008113590263691683,25,27,not sure,0,0
SpringfieldMO,Quercus muehlenbergii,4,0.008113590263691683,25,28,natural regeneration,4,0.008113590263691683
SpringfieldMO,Quercus muehlenbergii,4,0.008113590263691683,25,28,planted,0,0
SpringfieldMO,Quercus muehlenbergii,4,0.008113590263691683,25,28,not sure,0,0
SpringfieldMO,Sassafras albidum,4,0.008113590263691683,25,29,natural regeneration,4,0.008113590263691683
SpringfieldMO,Sassafras albidum,4,0.008113590263691683,25,29,planted,0,0
SpringfieldMO,Sassafras albidum,4,0.008113590263691683,25,29,not sure,0,0
SpringfieldMO,Ulmus rubra,4,0.008113590263691683,25,30,natural regeneration,4,0.008113590263691683
SpringfieldMO,Ulmus rubra,4,0.008113590263691683,25,30,planted,0,0
SpringfieldMO,Ulmus rubra,4,0.008113590263691683,25,30,not sure,0,0
SpringfieldMO,Populus deltoides,3,0.006085192697768763,31,31,natural regeneration,3,0.006085192697768763
SpringfieldMO,Populus deltoides,3,0.006085192697768763,31,31,planted,0,0
SpringfieldMO,Populus deltoides,3,0.006085192697768763,31,31,not sure,0,0
SpringfieldMO,Quercus imbricaria,3,0.006085192697768763,31,32,natural regeneration,2,0.004056795131845842
SpringfieldMO,Quercus imbricaria,3,0.006085192697768763,31,32,planted,0,0
SpringfieldMO,Quercus imbricaria,3,0.006085192697768763,31,32,not sure,1,0.002028397565922921
SpringfieldMO,Acer saccharum,2,0.004056795131845842,33,33,natural regeneration,0,0
SpringfieldMO,Acer saccharum,2,0.004056795131845842,33,33,planted,2,0.004056795131845842
SpringfieldMO,Acer saccharum,2,0.004056795131845842,33,33,not sure,0,0
SpringfieldMO,Carya illinoinensis,2,0.004056795131845842,33,34,natural regeneration,0,0
SpringfieldMO,Carya illinoinensis,2,0.004056795131845842,33,34,planted,1,0.002028397565922921
SpringfieldMO,Carya illinoinensis,2,0.004056795131845842,33,34,not sure,1,0.002028397565922921
SpringfieldMO,Cornus florida,2,0.004056795131845842,33,35,natural regeneration,0,0
SpringfieldMO,Cornus florida,2,0.004056795131845842,33,35,planted,1,0.002028397565922921
SpringfieldMO,Cornus florida,2,0.004056795131845842,33,35,not sure,1,0.002028397565922921
SpringfieldMO,Malus spp.,2,0.004056795131845842,33,36,natural regeneration,0,0
SpringfieldMO,Malus spp.,2,0.004056795131845842,33,36,planted,2,0.004056795131845842
SpringfieldMO,Malus spp.,2,0.004056795131845842,33,36,not sure,0,0
SpringfieldMO,Platanus occidentalis,2,0.004056795131845842,33,37,natural regeneration,2,0.004056795131845842
SpringfieldMO,Platanus occidentalis,2,0.004056795131845842,33,37,planted,0,0
SpringfieldMO,Platanus occidentalis,2,0.004056795131845842,33,37,not sure,0,0
SpringfieldMO,Prunus avium,2,0.004056795131845842,33,38,natural regeneration,0,0
SpringfieldMO,Prunus avium,2,0.004056795131845842,33,38,planted,2,0.004056795131845842
SpringfieldMO,Prunus avium,2,0.004056795131845842,33,38,not sure,0,0
SpringfieldMO,Quercus shumardii,2,0.004056795131845842,33,39,natural regeneration,2,0.004056795131845842
SpringfieldMO,Quercus shumardii,2,0.004056795131845842,33,39,planted,0,0
SpringfieldMO,Quercus shumardii,2,0.004056795131845842,33,39,not sure,0,0
SpringfieldMO,Quercus velutina,2,0.004056795131845842,33,40,natural regeneration,2,0.004056795131845842
SpringfieldMO,Quercus velutina,2,0.004056795131845842,33,40,planted,0,0
SpringfieldMO,Quercus velutina,2,0.004056795131845842,33,40,not sure,0,0
SpringfieldMO,Acer griseum,1,0.002028397565922921,41,41,natural regeneration,0,0
SpringfieldMO,Acer griseum,1,0.002028397565922921,41,41,planted,1,0.002028397565922921
SpringfieldMO,Acer griseum,1,0.002028397565922921,41,41,not sure,0,0
SpringfieldMO,Acer x freemanii,1,0.002028397565922921,41,42,natural regeneration,0,0
SpringfieldMO,Acer x freemanii,1,0.002028397565922921,41,42,planted,1,0.002028397565922921
SpringfieldMO,Acer x freemanii,1,0.002028397565922921,41,42,not sure,0,0
SpringfieldMO,Albizia julibrissin,1,0.002028397565922921,41,43,natural regeneration,1,0.002028397565922921
SpringfieldMO,Albizia julibrissin,1,0.002028397565922921,41,43,planted,0,0
SpringfieldMO,Albizia julibrissin,1,0.002028397565922921,41,43,not sure,0,0
SpringfieldMO,Ginkgo biloba,1,0.002028397565922921,41,44,natural regeneration,0,0
SpringfieldMO,Ginkgo biloba,1,0.002028397565922921,41,44,planted,1,0.002028397565922921
SpringfieldMO,Ginkgo biloba,1,0.002028397565922921,41,44,not sure,0,0
SpringfieldMO,Liriodendron tulipifera,1,0.002028397565922921,41,45,natural regeneration,0,0
SpringfieldMO,Liriodendron tulipifera,1,0.002028397565922921,41,45,planted,1,0.002028397565922921
SpringfieldMO,Liriodendron tulipifera,1,0.002028397565922921,41,45,not sure,0,0
SpringfieldMO,Pinus sylvestris,1,0.002028397565922921,41,46,natural regeneration,0,0
SpringfieldMO,Pinus sylvestris,1,0.002028397565922921,41,46,planted,0,0
SpringfieldMO,Pinus sylvestris,1,0.002028397565922921,41,46,not sure,1,0.002028397565922921
SpringfieldMO,Pinus taeda,1,0.002028397565922921,41,47,natural regeneration,1,0.002028397565922921
SpringfieldMO,Pinus taeda,1,0.002028397565922921,41,47,planted,0,0
SpringfieldMO,Pinus taeda,1,0.002028397565922921,41,47,not sure,0,0
SpringfieldMO,Quercus macrocarpa,1,0.002028397565922921,41,48,natural regeneration,0,0
SpringfieldMO,Quercus macrocarpa,1,0.002028397565922921,41,48,planted,0,0
SpringfieldMO,Quercus macrocarpa,1,0.002028397565922921,41,48,not sure,1,0.002028397565922921
SpringfieldMO,Quercus rubra,1,0.002028397565922921,41,49,natural regeneration,1,0.002028397565922921
SpringfieldMO,Quercus rubra,1,0.002028397565922921,41,49,planted,0,0
SpringfieldMO,Quercus rubra,1,0.002028397565922921,41,49,not sure,0,0
StLouisMO,Morus alba,31,0.1111111111111111,1,1,natural regeneration,26,0.0931899641577061
StLouisMO,Morus alba,31,0.1111111111111111,1,1,planted,0,0
StLouisMO,Morus alba,31,0.1111111111111111,1,1,not sure,5,0.017921146953405017
StLouisMO,Ulmus americana,25,0.08960573476702509,2,2,natural regeneration,21,0.07526881720430108
StLouisMO,Ulmus americana,25,0.08960573476702509,2,2,planted,2,0.007168458781362007
StLouisMO,Ulmus americana,25,0.08960573476702509,2,2,not sure,2,0.007168458781362007
StLouisMO,Fraxinus pennsylvanica,14,0.05017921146953405,3,3,natural regeneration,2,0.007168458781362007
StLouisMO,Fraxinus pennsylvanica,14,0.05017921146953405,3,3,planted,10,0.03584229390681004
StLouisMO,Fraxinus pennsylvanica,14,0.05017921146953405,3,3,not sure,2,0.007168458781362007
StLouisMO,Acer saccharinum,13,0.04659498207885305,4,4,natural regeneration,4,0.014336917562724016
StLouisMO,Acer saccharinum,13,0.04659498207885305,4,4,planted,6,0.021505376344086023
StLouisMO,Acer saccharinum,13,0.04659498207885305,4,4,not sure,3,0.010752688172043012
StLouisMO,Juglans nigra,13,0.04659498207885305,4,5,natural regeneration,7,0.025089605734767026
StLouisMO,Juglans nigra,13,0.04659498207885305,4,5,planted,0,0
StLouisMO,Juglans nigra,13,0.04659498207885305,4,5,not sure,6,0.021505376344086023
StLouisMO,Pyrus calleryana,12,0.043010752688172046,6,6,natural regeneration,0,0
StLouisMO,Pyrus calleryana,12,0.043010752688172046,6,6,planted,12,0.043010752688172046
StLouisMO,Pyrus calleryana,12,0.043010752688172046,6,6,not sure,0,0
StLouisMO,Ailanthus altissima,11,0.03942652329749104,7,7,natural regeneration,6,0.02150537634408602
StLouisMO,Ailanthus altissima,11,0.03942652329749104,7,7,planted,5,0.017921146953405017
StLouisMO,Ailanthus altissima,11,0.03942652329749104,7,7,not sure,0,0
StLouisMO,Acer rubrum,10,0.035842293906810034,8,8,natural regeneration,0,0
StLouisMO,Acer rubrum,10,0.035842293906810034,8,8,planted,10,0.035842293906810034
StLouisMO,Acer rubrum,10,0.035842293906810034,8,8,not sure,0,0
StLouisMO,Ulmus pumila,10,0.035842293906810034,8,9,natural regeneration,4,0.014336917562724014
StLouisMO,Ulmus pumila,10,0.035842293906810034,8,9,planted,2,0.007168458781362007
StLouisMO,Ulmus pumila,10,0.035842293906810034,8,9,not sure,4,0.014336917562724014
StLouisMO,Liquidambar styraciflua,8,0.02867383512544803,10,10,natural regeneration,1,0.0035842293906810036
StLouisMO,Liquidambar styraciflua,8,0.02867383512544803,10,10,planted,5,0.017921146953405017
StLouisMO,Liquidambar styraciflua,8,0.02867383512544803,10,10,not sure,2,0.007168458781362007
StLouisMO,Catalpa speciosa,7,0.025089605734767026,11,11,natural regeneration,0,0
StLouisMO,Catalpa speciosa,7,0.025089605734767026,11,11,planted,4,0.014336917562724014
StLouisMO,Catalpa speciosa,7,0.025089605734767026,11,11,not sure,3,0.01075268817204301
StLouisMO,Juniperus virginiana,7,0.025089605734767026,11,12,natural regeneration,1,0.0035842293906810036
StLouisMO,Juniperus virginiana,7,0.025089605734767026,11,12,planted,4,0.014336917562724014
StLouisMO,Juniperus virginiana,7,0.025089605734767026,11,12,not sure,2,0.007168458781362007
StLouisMO,Gleditsia triacanthos,6,0.021505376344086023,13,13,natural regeneration,1,0.0035842293906810036
StLouisMO,Gleditsia triacanthos,6,0.021505376344086023,13,13,planted,4,0.014336917562724014
StLouisMO,Gleditsia triacanthos,6,0.021505376344086023,13,13,not sure,1,0.0035842293906810036
StLouisMO,Malus spp.,6,0.021505376344086023,13,14,natural regeneration,0,0
StLouisMO,Malus spp.,6,0.021505376344086023,13,14,planted,6,0.021505376344086023
StLouisMO,Malus spp.,6,0.021505376344086023,13,14,not sure,0,0
StLouisMO,Quercus palustris,6,0.021505376344086023,13,15,natural regeneration,0,0
StLouisMO,Quercus palustris,6,0.021505376344086023,13,15,planted,2,0.007168458781362007
StLouisMO,Quercus palustris,6,0.021505376344086023,13,15,not sure,4,0.014336917562724014
StLouisMO,Cercis canadensis,5,0.017921146953405017,16,16,natural regeneration,1,0.0035842293906810036
StLouisMO,Cercis canadensis,5,0.017921146953405017,16,16,planted,4,0.014336917562724014
StLouisMO,Cercis canadensis,5,0.017921146953405017,16,16,not sure,0,0
StLouisMO,Picea abies,5,0.017921146953405017,16,17,natural regeneration,0,0
StLouisMO,Picea abies,5,0.017921146953405017,16,17,planted,5,0.017921146953405017
StLouisMO,Picea abies,5,0.017921146953405017,16,17,not sure,0,0
StLouisMO,Robinia pseudoacacia,5,0.017921146953405017,16,18,natural regeneration,5,0.017921146953405017
StLouisMO,Robinia pseudoacacia,5,0.017921146953405017,16,18,planted,0,0
StLouisMO,Robinia pseudoacacia,5,0.017921146953405017,16,18,not sure,0,0
StLouisMO,Acer palmatum,4,0.014336917562724014,19,19,natural regeneration,0,0
StLouisMO,Acer palmatum,4,0.014336917562724014,19,19,planted,4,0.014336917562724014
StLouisMO,Acer palmatum,4,0.014336917562724014,19,19,not sure,0,0
StLouisMO,Acer saccharum,4,0.014336917562724014,19,20,natural regeneration,0,0
StLouisMO,Acer saccharum,4,0.014336917562724014,19,20,planted,4,0.014336917562724014
StLouisMO,Acer saccharum,4,0.014336917562724014,19,20,not sure,0,0
StLouisMO,Betula nigra,4,0.014336917562724014,19,21,natural regeneration,0,0
StLouisMO,Betula nigra,4,0.014336917562724014,19,21,planted,4,0.014336917562724014
StLouisMO,Betula nigra,4,0.014336917562724014,19,21,not sure,0,0
StLouisMO,Celtis occidentalis,4,0.014336917562724014,19,22,natural regeneration,4,0.014336917562724014
StLouisMO,Celtis occidentalis,4,0.014336917562724014,19,22,planted,0,0
StLouisMO,Celtis occidentalis,4,0.014336917562724014,19,22,not sure,0,0
StLouisMO,Platanus occidentalis,4,0.014336917562724014,19,23,natural regeneration,0,0
StLouisMO,Platanus occidentalis,4,0.014336917562724014,19,23,planted,2,0.007168458781362007
StLouisMO,Platanus occidentalis,4,0.014336917562724014,19,23,not sure,2,0.007168458781362007
StLouisMO,Tilia americana,4,0.014336917562724014,19,24,natural regeneration,0,0
StLouisMO,Tilia americana,4,0.014336917562724014,19,24,planted,4,0.014336917562724014
StLouisMO,Tilia americana,4,0.014336917562724014,19,24,not sure,0,0
StLouisMO,Acer negundo,3,0.010752688172043012,25,25,natural regeneration,3,0.010752688172043012
StLouisMO,Acer negundo,3,0.010752688172043012,25,25,planted,0,0
StLouisMO,Acer negundo,3,0.010752688172043012,25,25,not sure,0,0
StLouisMO,Prunus avium,3,0.010752688172043012,25,26,natural regeneration,0,0
StLouisMO,Prunus avium,3,0.010752688172043012,25,26,planted,3,0.010752688172043012
StLouisMO,Prunus avium,3,0.010752688172043012,25,26,not sure,0,0
StLouisMO,Quercus alba,3,0.010752688172043012,25,27,natural regeneration,3,0.010752688172043012
StLouisMO,Quercus alba,3,0.010752688172043012,25,27,planted,0,0
StLouisMO,Quercus alba,3,0.010752688172043012,25,27,not sure,0,0
StLouisMO,Taxodium distichum,3,0.010752688172043012,25,28,natural regeneration,0,0
StLouisMO,Taxodium distichum,3,0.010752688172043012,25,28,planted,3,0.010752688172043012
StLouisMO,Taxodium distichum,3,0.010752688172043012,25,28,not sure,0,0
StLouisMO,Thuja plicata,3,0.010752688172043012,25,29,natural regeneration,0,0
StLouisMO,Thuja plicata,3,0.010752688172043012,25,29,planted,3,0.010752688172043012
StLouisMO,Thuja plicata,3,0.010752688172043012,25,29,not sure,0,0
StLouisMO,Acer x freemanii,2,0.007168458781362007,30,30,natural regeneration,0,0
StLouisMO,Acer x freemanii,2,0.007168458781362007,30,30,planted,2,0.007168458781362007
StLouisMO,Acer x freemanii,2,0.007168458781362007,30,30,not sure,0,0
StLouisMO,Carpinus caroliniana,2,0.007168458781362007,30,31,natural regeneration,0,0
StLouisMO,Carpinus caroliniana,2,0.007168458781362007,30,31,planted,2,0.007168458781362007
StLouisMO,Carpinus caroliniana,2,0.007168458781362007,30,31,not sure,0,0
StLouisMO,Castanea mollissima,2,0.007168458781362007,30,32,natural regeneration,0,0
StLouisMO,Castanea mollissima,2,0.007168458781362007,30,32,planted,2,0.007168458781362007
StLouisMO,Castanea mollissima,2,0.007168458781362007,30,32,not sure,0,0
StLouisMO,Liriodendron tulipifera,2,0.007168458781362007,30,33,natural regeneration,0,0
StLouisMO,Liriodendron tulipifera,2,0.007168458781362007,30,33,planted,2,0.007168458781362007
StLouisMO,Liriodendron tulipifera,2,0.007168458781362007,30,33,not sure,0,0
StLouisMO,Pinus nigra,2,0.007168458781362007,30,34,natural regeneration,1,0.0035842293906810036
StLouisMO,Pinus nigra,2,0.007168458781362007,30,34,planted,1,0.0035842293906810036
StLouisMO,Pinus nigra,2,0.007168458781362007,30,34,not sure,0,0
StLouisMO,Prunus serotina,2,0.007168458781362007,30,35,natural regeneration,2,0.007168458781362007
StLouisMO,Prunus serotina,2,0.007168458781362007,30,35,planted,0,0
StLouisMO,Prunus serotina,2,0.007168458781362007,30,35,not sure,0,0
StLouisMO,Quercus rubra,2,0.007168458781362007,30,36,natural regeneration,0,0
StLouisMO,Quercus rubra,2,0.007168458781362007,30,36,planted,1,0.0035842293906810036
StLouisMO,Quercus rubra,2,0.007168458781362007,30,36,not sure,1,0.0035842293906810036
StLouisMO,Salix nigra,2,0.007168458781362007,30,37,natural regeneration,1,0.0035842293906810036
StLouisMO,Salix nigra,2,0.007168458781362007,30,37,planted,0,0
StLouisMO,Salix nigra,2,0.007168458781362007,30,37,not sure,1,0.0035842293906810036
StLouisMO,Sassafras albidum,2,0.007168458781362007,30,38,natural regeneration,2,0.007168458781362007
StLouisMO,Sassafras albidum,2,0.007168458781362007,30,38,planted,0,0
StLouisMO,Sassafras albidum,2,0.007168458781362007,30,38,not sure,0,0
StLouisMO,Thuja occidentalis,2,0.007168458781362007,30,39,natural regeneration,0,0
StLouisMO,Thuja occidentalis,2,0.007168458781362007,30,39,planted,2,0.007168458781362007
StLouisMO,Thuja occidentalis,2,0.007168458781362007,30,39,not sure,0,0
StLouisMO,Acer ginnala,1,0.0035842293906810036,40,40,natural regeneration,0,0
StLouisMO,Acer ginnala,1,0.0035842293906810036,40,40,planted,1,0.0035842293906810036
StLouisMO,Acer ginnala,1,0.0035842293906810036,40,40,not sure,0,0
StLouisMO,Acer platanoides,1,0.0035842293906810036,40,41,natural regeneration,0,0
StLouisMO,Acer platanoides,1,0.0035842293906810036,40,41,planted,1,0.0035842293906810036
StLouisMO,Acer platanoides,1,0.0035842293906810036,40,41,not sure,0,0
StLouisMO,Carya alba,1,0.0035842293906810036,40,42,natural regeneration,1,0.0035842293906810036
StLouisMO,Carya alba,1,0.0035842293906810036,40,42,planted,0,0
StLouisMO,Carya alba,1,0.0035842293906810036,40,42,not sure,0,0
StLouisMO,Cornus florida,1,0.0035842293906810036,40,43,natural regeneration,0,0
StLouisMO,Cornus florida,1,0.0035842293906810036,40,43,planted,1,0.0035842293906810036
StLouisMO,Cornus florida,1,0.0035842293906810036,40,43,not sure,0,0
StLouisMO,Cornus kousa,1,0.0035842293906810036,40,44,natural regeneration,0,0
StLouisMO,Cornus kousa,1,0.0035842293906810036,40,44,planted,1,0.0035842293906810036
StLouisMO,Cornus kousa,1,0.0035842293906810036,40,44,not sure,0,0
StLouisMO,Cotinus obovatus,1,0.0035842293906810036,40,45,natural regeneration,0,0
StLouisMO,Cotinus obovatus,1,0.0035842293906810036,40,45,planted,1,0.0035842293906810036
StLouisMO,Cotinus obovatus,1,0.0035842293906810036,40,45,not sure,0,0
StLouisMO,Diospyros virginiana,1,0.0035842293906810036,40,46,natural regeneration,1,0.0035842293906810036
StLouisMO,Diospyros virginiana,1,0.0035842293906810036,40,46,planted,0,0
StLouisMO,Diospyros virginiana,1,0.0035842293906810036,40,46,not sure,0,0
StLouisMO,Fraxinus americana,1,0.0035842293906810036,40,47,natural regeneration,1,0.0035842293906810036
StLouisMO,Fraxinus americana,1,0.0035842293906810036,40,47,planted,0,0
StLouisMO,Fraxinus americana,1,0.0035842293906810036,40,47,not sure,0,0
StLouisMO,Koelreuteria paniculata,1,0.0035842293906810036,40,48,natural regeneration,0,0
StLouisMO,Koelreuteria paniculata,1,0.0035842293906810036,40,48,planted,1,0.0035842293906810036
StLouisMO,Koelreuteria paniculata,1,0.0035842293906810036,40,48,not sure,0,0
StLouisMO,Maclura pomifera,1,0.0035842293906810036,40,49,natural regeneration,0,0
StLouisMO,Maclura pomifera,1,0.0035842293906810036,40,49,planted,0,0
StLouisMO,Maclura pomifera,1,0.0035842293906810036,40,49,not sure,1,0.0035842293906810036
StLouisMO,Magnolia grandiflora,1,0.0035842293906810036,40,50,natural regeneration,1,0.0035842293906810036
StLouisMO,Magnolia grandiflora,1,0.0035842293906810036,40,50,planted,0,0
StLouisMO,Magnolia grandiflora,1,0.0035842293906810036,40,50,not sure,0,0
StLouisMO,Magnolia x soulangiana,1,0.0035842293906810036,40,51,natural regeneration,0,0
StLouisMO,Magnolia x soulangiana,1,0.0035842293906810036,40,51,planted,1,0.0035842293906810036
StLouisMO,Magnolia x soulangiana,1,0.0035842293906810036,40,51,not sure,0,0
StLouisMO,Malus ioensis,1,0.0035842293906810036,40,52,natural regeneration,0,0
StLouisMO,Malus ioensis,1,0.0035842293906810036,40,52,planted,1,0.0035842293906810036
StLouisMO,Malus ioensis,1,0.0035842293906810036,40,52,not sure,0,0
StLouisMO,Nyssa sylvatica,1,0.0035842293906810036,40,53,natural regeneration,1,0.0035842293906810036
StLouisMO,Nyssa sylvatica,1,0.0035842293906810036,40,53,planted,0,0
StLouisMO,Nyssa sylvatica,1,0.0035842293906810036,40,53,not sure,0,0
StLouisMO,Picea glauca,1,0.0035842293906810036,40,54,natural regeneration,0,0
StLouisMO,Picea glauca,1,0.0035842293906810036,40,54,planted,1,0.0035842293906810036
StLouisMO,Picea glauca,1,0.0035842293906810036,40,54,not sure,0,0
StLouisMO,Picea omorika,1,0.0035842293906810036,40,55,natural regeneration,0,0
StLouisMO,Picea omorika,1,0.0035842293906810036,40,55,planted,0,0
StLouisMO,Picea omorika,1,0.0035842293906810036,40,55,not sure,1,0.0035842293906810036
StLouisMO,Pinus strobus,1,0.0035842293906810036,40,56,natural regeneration,0,0
StLouisMO,Pinus strobus,1,0.0035842293906810036,40,56,planted,1,0.0035842293906810036
StLouisMO,Pinus strobus,1,0.0035842293906810036,40,56,not sure,0,0
StLouisMO,Pinus sylvestris,1,0.0035842293906810036,40,57,natural regeneration,0,0
StLouisMO,Pinus sylvestris,1,0.0035842293906810036,40,57,planted,1,0.0035842293906810036
StLouisMO,Pinus sylvestris,1,0.0035842293906810036,40,57,not sure,0,0
StLouisMO,Platanus hybrida,1,0.0035842293906810036,40,58,natural regeneration,0,0
StLouisMO,Platanus hybrida,1,0.0035842293906810036,40,58,planted,1,0.0035842293906810036
StLouisMO,Platanus hybrida,1,0.0035842293906810036,40,58,not sure,0,0
StLouisMO,Prunus cerasifera,1,0.0035842293906810036,40,59,natural regeneration,0,0
StLouisMO,Prunus cerasifera,1,0.0035842293906810036,40,59,planted,1,0.0035842293906810036
StLouisMO,Prunus cerasifera,1,0.0035842293906810036,40,59,not sure,0,0
StLouisMO,Prunus serrulata,1,0.0035842293906810036,40,60,natural regeneration,0,0
StLouisMO,Prunus serrulata,1,0.0035842293906810036,40,60,planted,1,0.0035842293906810036
StLouisMO,Prunus serrulata,1,0.0035842293906810036,40,60,not sure,0,0
StLouisMO,Prunus x yedoensis,1,0.0035842293906810036,40,61,natural regeneration,0,0
StLouisMO,Prunus x yedoensis,1,0.0035842293906810036,40,61,planted,1,0.0035842293906810036
StLouisMO,Prunus x yedoensis,1,0.0035842293906810036,40,61,not sure,0,0
StLouisMO,Pyrus spp.,1,0.0035842293906810036,40,62,natural regeneration,0,0
StLouisMO,Pyrus spp.,1,0.0035842293906810036,40,62,planted,1,0.0035842293906810036
StLouisMO,Pyrus spp.,1,0.0035842293906810036,40,62,not sure,0,0
StLouisMO,Quercus macrocarpa,1,0.0035842293906810036,40,63,natural regeneration,0,0
StLouisMO,Quercus macrocarpa,1,0.0035842293906810036,40,63,planted,0,0
StLouisMO,Quercus macrocarpa,1,0.0035842293906810036,40,63,not sure,1,0.0035842293906810036
StLouisMO,Quercus stellata,1,0.0035842293906810036,40,64,natural regeneration,0,0
StLouisMO,Quercus stellata,1,0.0035842293906810036,40,64,planted,0,0
StLouisMO,Quercus stellata,1,0.0035842293906810036,40,64,not sure,1,0.0035842293906810036
StLouisMO,Ulmus rubra,1,0.0035842293906810036,40,65,natural regeneration,0,0
StLouisMO,Ulmus rubra,1,0.0035842293906810036,40,65,planted,1,0.0035842293906810036
StLouisMO,Ulmus rubra,1,0.0035842293906810036,40,65,not sure,0,0
TrentonNJ,Liquidambar styraciflua,174,0.18012422360248448,1,1,natural regeneration,166,0.17184265010351968
TrentonNJ,Liquidambar styraciflua,174,0.18012422360248448,1,1,planted,1,0.0010351966873706005
TrentonNJ,Liquidambar styraciflua,174,0.18012422360248448,1,1,not sure,7,0.007246376811594203
TrentonNJ,Acer rubrum,149,0.15424430641821946,2,2,natural regeneration,131,0.13561076604554864
TrentonNJ,Acer rubrum,149,0.15424430641821946,2,2,planted,15,0.015527950310559004
TrentonNJ,Acer rubrum,149,0.15424430641821946,2,2,not sure,3,0.003105590062111801
TrentonNJ,Prunus serotina,74,0.07660455486542443,3,3,natural regeneration,69,0.07142857142857142
TrentonNJ,Prunus serotina,74,0.07660455486542443,3,3,planted,2,0.002070393374741201
TrentonNJ,Prunus serotina,74,0.07660455486542443,3,3,not sure,3,0.0031055900621118015
TrentonNJ,Acer saccharinum,35,0.036231884057971016,4,4,natural regeneration,30,0.031055900621118012
TrentonNJ,Acer saccharinum,35,0.036231884057971016,4,4,planted,3,0.0031055900621118015
TrentonNJ,Acer saccharinum,35,0.036231884057971016,4,4,not sure,2,0.002070393374741201
TrentonNJ,Pinus strobus,31,0.032091097308488616,5,5,natural regeneration,7,0.007246376811594203
TrentonNJ,Pinus strobus,31,0.032091097308488616,5,5,planted,18,0.01863354037267081
TrentonNJ,Pinus strobus,31,0.032091097308488616,5,5,not sure,6,0.006211180124223603
TrentonNJ,Picea abies,30,0.031055900621118012,6,6,natural regeneration,6,0.006211180124223603
TrentonNJ,Picea abies,30,0.031055900621118012,6,6,planted,22,0.022774327122153208
TrentonNJ,Picea abies,30,0.031055900621118012,6,6,not sure,2,0.002070393374741201
TrentonNJ,Acer platanoides,29,0.030020703933747412,7,7,natural regeneration,6,0.006211180124223602
TrentonNJ,Acer platanoides,29,0.030020703933747412,7,7,planted,8,0.008281573498964804
TrentonNJ,Acer platanoides,29,0.030020703933747412,7,7,not sure,15,0.015527950310559008
TrentonNJ,Nyssa sylvatica,29,0.030020703933747412,7,8,natural regeneration,27,0.027950310559006212
TrentonNJ,Nyssa sylvatica,29,0.030020703933747412,7,8,planted,0,0
TrentonNJ,Nyssa sylvatica,29,0.030020703933747412,7,8,not sure,2,0.002070393374741201
TrentonNJ,Robinia pseudoacacia,28,0.028985507246376812,9,9,natural regeneration,28,0.028985507246376812
TrentonNJ,Robinia pseudoacacia,28,0.028985507246376812,9,9,planted,0,0
TrentonNJ,Robinia pseudoacacia,28,0.028985507246376812,9,9,not sure,0,0
TrentonNJ,Acer negundo,24,0.024844720496894408,10,10,natural regeneration,24,0.024844720496894408
TrentonNJ,Acer negundo,24,0.024844720496894408,10,10,planted,0,0
TrentonNJ,Acer negundo,24,0.024844720496894408,10,10,not sure,0,0
TrentonNJ,Fraxinus americana,22,0.022774327122153208,11,11,natural regeneration,17,0.017598343685300204
TrentonNJ,Fraxinus americana,22,0.022774327122153208,11,11,planted,5,0.005175983436853002
TrentonNJ,Fraxinus americana,22,0.022774327122153208,11,11,not sure,0,0
TrentonNJ,Ailanthus altissima,20,0.020703933747412008,12,12,natural regeneration,20,0.020703933747412008
TrentonNJ,Ailanthus altissima,20,0.020703933747412008,12,12,planted,0,0
TrentonNJ,Ailanthus altissima,20,0.020703933747412008,12,12,not sure,0,0
TrentonNJ,Quercus rubra,20,0.020703933747412008,12,13,natural regeneration,11,0.011387163561076606
TrentonNJ,Quercus rubra,20,0.020703933747412008,12,13,planted,7,0.007246376811594202
TrentonNJ,Quercus rubra,20,0.020703933747412008,12,13,not sure,2,0.002070393374741201
TrentonNJ,Juniperus virginiana,16,0.016563146997929608,14,14,natural regeneration,13,0.013457556935817806
TrentonNJ,Juniperus virginiana,16,0.016563146997929608,14,14,planted,0,0
TrentonNJ,Juniperus virginiana,16,0.016563146997929608,14,14,not sure,3,0.0031055900621118015
TrentonNJ,Carya ovata,14,0.014492753623188406,15,15,natural regeneration,12,0.012422360248447204
TrentonNJ,Carya ovata,14,0.014492753623188406,15,15,planted,1,0.0010351966873706003
TrentonNJ,Carya ovata,14,0.014492753623188406,15,15,not sure,1,0.0010351966873706003
TrentonNJ,Morus alba,14,0.014492753623188406,15,16,natural regeneration,14,0.014492753623188406
TrentonNJ,Morus alba,14,0.014492753623188406,15,16,planted,0,0
TrentonNJ,Morus alba,14,0.014492753623188406,15,16,not sure,0,0
TrentonNJ,Pyrus calleryana,13,0.013457556935817806,17,17,natural regeneration,8,0.008281573498964804
TrentonNJ,Pyrus calleryana,13,0.013457556935817806,17,17,planted,5,0.005175983436853003
TrentonNJ,Pyrus calleryana,13,0.013457556935817806,17,17,not sure,0,0
TrentonNJ,Quercus palustris,13,0.013457556935817806,17,18,natural regeneration,5,0.005175983436853003
TrentonNJ,Quercus palustris,13,0.013457556935817806,17,18,planted,8,0.008281573498964804
TrentonNJ,Quercus palustris,13,0.013457556935817806,17,18,not sure,0,0
TrentonNJ,Ulmus americana,13,0.013457556935817806,17,19,natural regeneration,13,0.013457556935817806
TrentonNJ,Ulmus americana,13,0.013457556935817806,17,19,planted,0,0
TrentonNJ,Ulmus americana,13,0.013457556935817806,17,19,not sure,0,0
TrentonNJ,Acer saccharum,12,0.012422360248447204,20,20,natural regeneration,9,0.009316770186335404
TrentonNJ,Acer saccharum,12,0.012422360248447204,20,20,planted,3,0.003105590062111801
TrentonNJ,Acer saccharum,12,0.012422360248447204,20,20,not sure,0,0
TrentonNJ,Juglans nigra,10,0.010351966873706004,21,21,natural regeneration,9,0.009316770186335404
TrentonNJ,Juglans nigra,10,0.010351966873706004,21,21,planted,0,0
TrentonNJ,Juglans nigra,10,0.010351966873706004,21,21,not sure,1,0.0010351966873706005
TrentonNJ,Quercus coccinea,10,0.010351966873706004,21,22,natural regeneration,8,0.008281573498964804
TrentonNJ,Quercus coccinea,10,0.010351966873706004,21,22,planted,1,0.0010351966873706005
TrentonNJ,Quercus coccinea,10,0.010351966873706004,21,22,not sure,1,0.0010351966873706005
TrentonNJ,Sassafras albidum,10,0.010351966873706004,21,23,natural regeneration,10,0.010351966873706004
TrentonNJ,Sassafras albidum,10,0.010351966873706004,21,23,planted,0,0
TrentonNJ,Sassafras albidum,10,0.010351966873706004,21,23,not sure,0,0
TrentonNJ,Platanus occidentalis,9,0.009316770186335404,24,24,natural regeneration,6,0.006211180124223602
TrentonNJ,Platanus occidentalis,9,0.009316770186335404,24,24,planted,3,0.003105590062111801
TrentonNJ,Platanus occidentalis,9,0.009316770186335404,24,24,not sure,0,0
TrentonNJ,Tsuga canadensis,9,0.009316770186335404,24,25,natural regeneration,9,0.009316770186335404
TrentonNJ,Tsuga canadensis,9,0.009316770186335404,24,25,planted,0,0
TrentonNJ,Tsuga canadensis,9,0.009316770186335404,24,25,not sure,0,0
TrentonNJ,Magnolia x soulangiana,8,0.008281573498964804,26,26,natural regeneration,0,0
TrentonNJ,Magnolia x soulangiana,8,0.008281573498964804,26,26,planted,8,0.008281573498964804
TrentonNJ,Magnolia x soulangiana,8,0.008281573498964804,26,26,not sure,0,0
TrentonNJ,Betula nigra,7,0.007246376811594203,27,27,natural regeneration,5,0.005175983436853002
TrentonNJ,Betula nigra,7,0.007246376811594203,27,27,planted,2,0.0020703933747412005
TrentonNJ,Betula nigra,7,0.007246376811594203,27,27,not sure,0,0
TrentonNJ,Fraxinus pennsylvanica,7,0.007246376811594203,27,28,natural regeneration,6,0.006211180124223602
TrentonNJ,Fraxinus pennsylvanica,7,0.007246376811594203,27,28,planted,1,0.0010351966873706003
TrentonNJ,Fraxinus pennsylvanica,7,0.007246376811594203,27,28,not sure,0,0
TrentonNJ,Malus spp.,7,0.007246376811594203,27,29,natural regeneration,5,0.005175983436853002
TrentonNJ,Malus spp.,7,0.007246376811594203,27,29,planted,0,0
TrentonNJ,Malus spp.,7,0.007246376811594203,27,29,not sure,2,0.0020703933747412005
TrentonNJ,Quercus velutina,7,0.007246376811594203,27,30,natural regeneration,7,0.007246376811594203
TrentonNJ,Quercus velutina,7,0.007246376811594203,27,30,planted,0,0
TrentonNJ,Quercus velutina,7,0.007246376811594203,27,30,not sure,0,0
TrentonNJ,Liriodendron tulipifera,6,0.006211180124223602,31,31,natural regeneration,5,0.005175983436853002
TrentonNJ,Liriodendron tulipifera,6,0.006211180124223602,31,31,planted,1,0.0010351966873706003
TrentonNJ,Liriodendron tulipifera,6,0.006211180124223602,31,31,not sure,0,0
TrentonNJ,Morus rubra,6,0.006211180124223602,31,32,natural regeneration,6,0.006211180124223602
TrentonNJ,Morus rubra,6,0.006211180124223602,31,32,planted,0,0
TrentonNJ,Morus rubra,6,0.006211180124223602,31,32,not sure,0,0
TrentonNJ,Populus deltoides,6,0.006211180124223602,31,33,natural regeneration,6,0.006211180124223602
TrentonNJ,Populus deltoides,6,0.006211180124223602,31,33,planted,0,0
TrentonNJ,Populus deltoides,6,0.006211180124223602,31,33,not sure,0,0
TrentonNJ,Prunus avium,6,0.006211180124223602,31,34,natural regeneration,4,0.004140786749482401
TrentonNJ,Prunus avium,6,0.006211180124223602,31,34,planted,1,0.0010351966873706003
TrentonNJ,Prunus avium,6,0.006211180124223602,31,34,not sure,1,0.0010351966873706003
TrentonNJ,Picea pungens,5,0.005175983436853002,35,35,natural regeneration,0,0
TrentonNJ,Picea pungens,5,0.005175983436853002,35,35,planted,5,0.005175983436853002
TrentonNJ,Picea pungens,5,0.005175983436853002,35,35,not sure,0,0
TrentonNJ,Quercus acutissima,5,0.005175983436853002,35,36,natural regeneration,0,0
TrentonNJ,Quercus acutissima,5,0.005175983436853002,35,36,planted,5,0.005175983436853002
TrentonNJ,Quercus acutissima,5,0.005175983436853002,35,36,not sure,0,0
TrentonNJ,Quercus ellipsoidalis,5,0.005175983436853002,35,37,natural regeneration,5,0.005175983436853002
TrentonNJ,Quercus ellipsoidalis,5,0.005175983436853002,35,37,planted,0,0
TrentonNJ,Quercus ellipsoidalis,5,0.005175983436853002,35,37,not sure,0,0
TrentonNJ,Cornus kousa,4,0.004140786749482402,38,38,natural regeneration,0,0
TrentonNJ,Cornus kousa,4,0.004140786749482402,38,38,planted,4,0.004140786749482402
TrentonNJ,Cornus kousa,4,0.004140786749482402,38,38,not sure,0,0
TrentonNJ,Fagus grandifolia,4,0.004140786749482402,38,39,natural regeneration,4,0.004140786749482402
TrentonNJ,Fagus grandifolia,4,0.004140786749482402,38,39,planted,0,0
TrentonNJ,Fagus grandifolia,4,0.004140786749482402,38,39,not sure,0,0
TrentonNJ,Ilex aquifolium,4,0.004140786749482402,38,40,natural regeneration,0,0
TrentonNJ,Ilex aquifolium,4,0.004140786749482402,38,40,planted,4,0.004140786749482402
TrentonNJ,Ilex aquifolium,4,0.004140786749482402,38,40,not sure,0,0
TrentonNJ,Salix nigra,4,0.004140786749482402,38,41,natural regeneration,4,0.004140786749482402
TrentonNJ,Salix nigra,4,0.004140786749482402,38,41,planted,0,0
TrentonNJ,Salix nigra,4,0.004140786749482402,38,41,not sure,0,0
TrentonNJ,Aesculus hippocastanum,3,0.003105590062111801,42,42,natural regeneration,0,0
TrentonNJ,Aesculus hippocastanum,3,0.003105590062111801,42,42,planted,3,0.003105590062111801
TrentonNJ,Aesculus hippocastanum,3,0.003105590062111801,42,42,not sure,0,0
TrentonNJ,Betula lenta,3,0.003105590062111801,42,43,natural regeneration,3,0.003105590062111801
TrentonNJ,Betula lenta,3,0.003105590062111801,42,43,planted,0,0
TrentonNJ,Betula lenta,3,0.003105590062111801,42,43,not sure,0,0
TrentonNJ,Carya glabra,3,0.003105590062111801,42,44,natural regeneration,2,0.0020703933747412005
TrentonNJ,Carya glabra,3,0.003105590062111801,42,44,planted,0,0
TrentonNJ,Carya glabra,3,0.003105590062111801,42,44,not sure,1,0.0010351966873706003
TrentonNJ,Fraxinus nigra,3,0.003105590062111801,42,45,natural regeneration,3,0.003105590062111801
TrentonNJ,Fraxinus nigra,3,0.003105590062111801,42,45,planted,0,0
TrentonNJ,Fraxinus nigra,3,0.003105590062111801,42,45,not sure,0,0
TrentonNJ,Pinus thunbergii,3,0.003105590062111801,42,46,natural regeneration,0,0
TrentonNJ,Pinus thunbergii,3,0.003105590062111801,42,46,planted,3,0.003105590062111801
TrentonNJ,Pinus thunbergii,3,0.003105590062111801,42,46,not sure,0,0
TrentonNJ,Prunus spp.,3,0.003105590062111801,42,47,natural regeneration,2,0.0020703933747412005
TrentonNJ,Prunus spp.,3,0.003105590062111801,42,47,planted,1,0.0010351966873706003
TrentonNJ,Prunus spp.,3,0.003105590062111801,42,47,not sure,0,0
TrentonNJ,Quercus alba,3,0.003105590062111801,42,48,natural regeneration,1,0.0010351966873706003
TrentonNJ,Quercus alba,3,0.003105590062111801,42,48,planted,0,0
TrentonNJ,Quercus alba,3,0.003105590062111801,42,48,not sure,2,0.0020703933747412005
TrentonNJ,Carpinus caroliniana,2,0.002070393374741201,49,49,natural regeneration,2,0.002070393374741201
TrentonNJ,Carpinus caroliniana,2,0.002070393374741201,49,49,planted,0,0
TrentonNJ,Carpinus caroliniana,2,0.002070393374741201,49,49,not sure,0,0
TrentonNJ,Carya cordiformis,2,0.002070393374741201,49,50,natural regeneration,0,0
TrentonNJ,Carya cordiformis,2,0.002070393374741201,49,50,planted,1,0.0010351966873706005
TrentonNJ,Carya cordiformis,2,0.002070393374741201,49,50,not sure,1,0.0010351966873706005
TrentonNJ,Catalpa speciosa,2,0.002070393374741201,49,51,natural regeneration,2,0.002070393374741201
TrentonNJ,Catalpa speciosa,2,0.002070393374741201,49,51,planted,0,0
TrentonNJ,Catalpa speciosa,2,0.002070393374741201,49,51,not sure,0,0
TrentonNJ,Celtis occidentalis,2,0.002070393374741201,49,52,natural regeneration,1,0.0010351966873706005
TrentonNJ,Celtis occidentalis,2,0.002070393374741201,49,52,planted,1,0.0010351966873706005
TrentonNJ,Celtis occidentalis,2,0.002070393374741201,49,52,not sure,0,0
TrentonNJ,Chamaecyparis thyoides,2,0.002070393374741201,49,53,natural regeneration,0,0
TrentonNJ,Chamaecyparis thyoides,2,0.002070393374741201,49,53,planted,0,0
TrentonNJ,Chamaecyparis thyoides,2,0.002070393374741201,49,53,not sure,2,0.002070393374741201
TrentonNJ,Cornus florida,2,0.002070393374741201,49,54,natural regeneration,1,0.0010351966873706005
TrentonNJ,Cornus florida,2,0.002070393374741201,49,54,planted,1,0.0010351966873706005
TrentonNJ,Cornus florida,2,0.002070393374741201,49,54,not sure,0,0
TrentonNJ,Magnolia virginiana,2,0.002070393374741201,49,55,natural regeneration,1,0.0010351966873706005
TrentonNJ,Magnolia virginiana,2,0.002070393374741201,49,55,planted,1,0.0010351966873706005
TrentonNJ,Magnolia virginiana,2,0.002070393374741201,49,55,not sure,0,0
TrentonNJ,Prunus cerasifera,2,0.002070393374741201,49,56,natural regeneration,0,0
TrentonNJ,Prunus cerasifera,2,0.002070393374741201,49,56,planted,2,0.002070393374741201
TrentonNJ,Prunus cerasifera,2,0.002070393374741201,49,56,not sure,0,0
TrentonNJ,Prunus serrulata,2,0.002070393374741201,49,57,natural regeneration,0,0
TrentonNJ,Prunus serrulata,2,0.002070393374741201,49,57,planted,2,0.002070393374741201
TrentonNJ,Prunus serrulata,2,0.002070393374741201,49,57,not sure,0,0
TrentonNJ,Tilia cordata,2,0.002070393374741201,49,58,natural regeneration,0,0
TrentonNJ,Tilia cordata,2,0.002070393374741201,49,58,planted,2,0.002070393374741201
TrentonNJ,Tilia cordata,2,0.002070393374741201,49,58,not sure,0,0
TrentonNJ,Acer palmatum,1,0.0010351966873706005,59,59,natural regeneration,0,0
TrentonNJ,Acer palmatum,1,0.0010351966873706005,59,59,planted,1,0.0010351966873706005
TrentonNJ,Acer palmatum,1,0.0010351966873706005,59,59,not sure,0,0
TrentonNJ,Carya alba,1,0.0010351966873706005,59,60,natural regeneration,1,0.0010351966873706005
TrentonNJ,Carya alba,1,0.0010351966873706005,59,60,planted,0,0
TrentonNJ,Carya alba,1,0.0010351966873706005,59,60,not sure,0,0
TrentonNJ,Cercis canadensis,1,0.0010351966873706005,59,61,natural regeneration,0,0
TrentonNJ,Cercis canadensis,1,0.0010351966873706005,59,61,planted,1,0.0010351966873706005
TrentonNJ,Cercis canadensis,1,0.0010351966873706005,59,61,not sure,0,0
TrentonNJ,Diospyros sintenisii,1,0.0010351966873706005,59,62,natural regeneration,0,0
TrentonNJ,Diospyros sintenisii,1,0.0010351966873706005,59,62,planted,0,0
TrentonNJ,Diospyros sintenisii,1,0.0010351966873706005,59,62,not sure,1,0.0010351966873706005
TrentonNJ,Diospyros virginiana,1,0.0010351966873706005,59,63,natural regeneration,1,0.0010351966873706005
TrentonNJ,Diospyros virginiana,1,0.0010351966873706005,59,63,planted,0,0
TrentonNJ,Diospyros virginiana,1,0.0010351966873706005,59,63,not sure,0,0
TrentonNJ,Ginkgo biloba,1,0.0010351966873706005,59,64,natural regeneration,0,0
TrentonNJ,Ginkgo biloba,1,0.0010351966873706005,59,64,planted,1,0.0010351966873706005
TrentonNJ,Ginkgo biloba,1,0.0010351966873706005,59,64,not sure,0,0
TrentonNJ,Ilex opaca,1,0.0010351966873706005,59,65,natural regeneration,0,0
TrentonNJ,Ilex opaca,1,0.0010351966873706005,59,65,planted,1,0.0010351966873706005
TrentonNJ,Ilex opaca,1,0.0010351966873706005,59,65,not sure,0,0
TrentonNJ,Maclura pomifera,1,0.0010351966873706005,59,66,natural regeneration,0,0
TrentonNJ,Maclura pomifera,1,0.0010351966873706005,59,66,planted,0,0
TrentonNJ,Maclura pomifera,1,0.0010351966873706005,59,66,not sure,1,0.0010351966873706005
TrentonNJ,Magnolia grandiflora,1,0.0010351966873706005,59,67,natural regeneration,0,0
TrentonNJ,Magnolia grandiflora,1,0.0010351966873706005,59,67,planted,1,0.0010351966873706005
TrentonNJ,Magnolia grandiflora,1,0.0010351966873706005,59,67,not sure,0,0
TrentonNJ,Picea glauca,1,0.0010351966873706005,59,68,natural regeneration,0,0
TrentonNJ,Picea glauca,1,0.0010351966873706005,59,68,planted,1,0.0010351966873706005
TrentonNJ,Picea glauca,1,0.0010351966873706005,59,68,not sure,0,0
TrentonNJ,Pinus resinosa,1,0.0010351966873706005,59,69,natural regeneration,0,0
TrentonNJ,Pinus resinosa,1,0.0010351966873706005,59,69,planted,1,0.0010351966873706005
TrentonNJ,Pinus resinosa,1,0.0010351966873706005,59,69,not sure,0,0
TrentonNJ,Platanus hybrida,1,0.0010351966873706005,59,70,natural regeneration,0,0
TrentonNJ,Platanus hybrida,1,0.0010351966873706005,59,70,planted,1,0.0010351966873706005
TrentonNJ,Platanus hybrida,1,0.0010351966873706005,59,70,not sure,0,0
TrentonNJ,Populus grandidentata,1,0.0010351966873706005,59,71,natural regeneration,1,0.0010351966873706005
TrentonNJ,Populus grandidentata,1,0.0010351966873706005,59,71,planted,0,0
TrentonNJ,Populus grandidentata,1,0.0010351966873706005,59,71,not sure,0,0
TrentonNJ,Pseudotsuga menziesii,1,0.0010351966873706005,59,72,natural regeneration,0,0
TrentonNJ,Pseudotsuga menziesii,1,0.0010351966873706005,59,72,planted,1,0.0010351966873706005
TrentonNJ,Pseudotsuga menziesii,1,0.0010351966873706005,59,72,not sure,0,0
TrentonNJ,Pyrus spp.,1,0.0010351966873706005,59,73,natural regeneration,1,0.0010351966873706005
TrentonNJ,Pyrus spp.,1,0.0010351966873706005,59,73,planted,0,0
TrentonNJ,Pyrus spp.,1,0.0010351966873706005,59,73,not sure,0,0
TrentonNJ,Quercus michauxii,1,0.0010351966873706005,59,74,natural regeneration,1,0.0010351966873706005
TrentonNJ,Quercus michauxii,1,0.0010351966873706005,59,74,planted,0,0
TrentonNJ,Quercus michauxii,1,0.0010351966873706005,59,74,not sure,0,0
TrentonNJ,Quercus phellos,1,0.0010351966873706005,59,75,natural regeneration,1,0.0010351966873706005
TrentonNJ,Quercus phellos,1,0.0010351966873706005,59,75,planted,0,0
TrentonNJ,Quercus phellos,1,0.0010351966873706005,59,75,not sure,0,0
TrentonNJ,Quercus robur,1,0.0010351966873706005,59,76,natural regeneration,0,0
TrentonNJ,Quercus robur,1,0.0010351966873706005,59,76,planted,0,0
TrentonNJ,Quercus robur,1,0.0010351966873706005,59,76,not sure,1,0.0010351966873706005
TrentonNJ,Quercus stellata,1,0.0010351966873706005,59,77,natural regeneration,1,0.0010351966873706005
TrentonNJ,Quercus stellata,1,0.0010351966873706005,59,77,planted,0,0
TrentonNJ,Quercus stellata,1,0.0010351966873706005,59,77,not sure,0,0
TrentonNJ,Salix spp.,1,0.0010351966873706005,59,78,natural regeneration,1,0.0010351966873706005
TrentonNJ,Salix spp.,1,0.0010351966873706005,59,78,planted,0,0
TrentonNJ,Salix spp.,1,0.0010351966873706005,59,78,not sure,0,0
TrentonNJ,Styphnolobium japonicum,1,0.0010351966873706005,59,79,natural regeneration,0,0
TrentonNJ,Styphnolobium japonicum,1,0.0010351966873706005,59,79,planted,1,0.0010351966873706005
TrentonNJ,Styphnolobium japonicum,1,0.0010351966873706005,59,79,not sure,0,0
TrentonNJ,Taxus baccata,1,0.0010351966873706005,59,80,natural regeneration,0,0
TrentonNJ,Taxus baccata,1,0.0010351966873706005,59,80,planted,1,0.0010351966873706005
TrentonNJ,Taxus baccata,1,0.0010351966873706005,59,80,not sure,0,0
TrentonNJ,Taxus brevifolia,1,0.0010351966873706005,59,81,natural regeneration,0,0
TrentonNJ,Taxus brevifolia,1,0.0010351966873706005,59,81,planted,1,0.0010351966873706005
TrentonNJ,Taxus brevifolia,1,0.0010351966873706005,59,81,not sure,0,0
TrentonNJ,Taxus cuspidata,1,0.0010351966873706005,59,82,natural regeneration,0,0
TrentonNJ,Taxus cuspidata,1,0.0010351966873706005,59,82,planted,1,0.0010351966873706005
TrentonNJ,Taxus cuspidata,1,0.0010351966873706005,59,82,not sure,0,0
TrentonNJ,Thuja occidentalis,1,0.0010351966873706005,59,83,natural regeneration,0,0
TrentonNJ,Thuja occidentalis,1,0.0010351966873706005,59,83,planted,1,0.0010351966873706005
TrentonNJ,Thuja occidentalis,1,0.0010351966873706005,59,83,not sure,0,0
TrentonNJ,Tilia americana,1,0.0010351966873706005,59,84,natural regeneration,1,0.0010351966873706005
TrentonNJ,Tilia americana,1,0.0010351966873706005,59,84,planted,0,0
TrentonNJ,Tilia americana,1,0.0010351966873706005,59,84,not sure,0,0
WashingtonDC,Liriodendron tulipifera,67,0.11754385964912281,1,1,natural regeneration,65,0.11403508771929825
WashingtonDC,Liriodendron tulipifera,67,0.11754385964912281,1,1,planted,1,0.0017543859649122807
WashingtonDC,Liriodendron tulipifera,67,0.11754385964912281,1,1,not sure,1,0.0017543859649122807
WashingtonDC,Acer rubrum,44,0.07719298245614035,2,2,natural regeneration,26,0.0456140350877193
WashingtonDC,Acer rubrum,44,0.07719298245614035,2,2,planted,17,0.029824561403508774
WashingtonDC,Acer rubrum,44,0.07719298245614035,2,2,not sure,1,0.0017543859649122807
WashingtonDC,Fagus grandifolia,43,0.07543859649122807,3,3,natural regeneration,43,0.07543859649122807
WashingtonDC,Fagus grandifolia,43,0.07543859649122807,3,3,planted,0,0
WashingtonDC,Fagus grandifolia,43,0.07543859649122807,3,3,not sure,0,0
WashingtonDC,Ulmus americana,25,0.043859649122807015,4,4,natural regeneration,14,0.02456140350877193
WashingtonDC,Ulmus americana,25,0.043859649122807015,4,4,planted,7,0.012280701754385965
WashingtonDC,Ulmus americana,25,0.043859649122807015,4,4,not sure,4,0.007017543859649123
WashingtonDC,Nyssa sylvatica,24,0.042105263157894736,5,5,natural regeneration,21,0.03684210526315789
WashingtonDC,Nyssa sylvatica,24,0.042105263157894736,5,5,planted,3,0.005263157894736842
WashingtonDC,Nyssa sylvatica,24,0.042105263157894736,5,5,not sure,0,0
WashingtonDC,Quercus alba,22,0.03859649122807018,6,6,natural regeneration,20,0.03508771929824561
WashingtonDC,Quercus alba,22,0.03859649122807018,6,6,planted,2,0.0035087719298245615
WashingtonDC,Quercus alba,22,0.03859649122807018,6,6,not sure,0,0
WashingtonDC,Ilex opaca,19,0.03333333333333333,7,7,natural regeneration,1,0.0017543859649122805
WashingtonDC,Ilex opaca,19,0.03333333333333333,7,7,planted,18,0.031578947368421054
WashingtonDC,Ilex opaca,19,0.03333333333333333,7,7,not sure,0,0
WashingtonDC,Lagerstroemia indica,16,0.028070175438596492,8,8,natural regeneration,0,0
WashingtonDC,Lagerstroemia indica,16,0.028070175438596492,8,8,planted,16,0.028070175438596492
WashingtonDC,Lagerstroemia indica,16,0.028070175438596492,8,8,not sure,0,0
WashingtonDC,Quercus prinus,15,0.02631578947368421,9,9,natural regeneration,11,0.019298245614035085
WashingtonDC,Quercus prinus,15,0.02631578947368421,9,9,planted,4,0.007017543859649122
WashingtonDC,Quercus prinus,15,0.02631578947368421,9,9,not sure,0,0
WashingtonDC,Tsuga canadensis,15,0.02631578947368421,9,10,natural regeneration,0,0
WashingtonDC,Tsuga canadensis,15,0.02631578947368421,9,10,planted,15,0.02631578947368421
WashingtonDC,Tsuga canadensis,15,0.02631578947368421,9,10,not sure,0,0
WashingtonDC,Thuja plicata,14,0.02456140350877193,11,11,natural regeneration,0,0
WashingtonDC,Thuja plicata,14,0.02456140350877193,11,11,planted,14,0.02456140350877193
WashingtonDC,Thuja plicata,14,0.02456140350877193,11,11,not sure,0,0
WashingtonDC,Ailanthus altissima,13,0.02280701754385965,12,12,natural regeneration,13,0.02280701754385965
WashingtonDC,Ailanthus altissima,13,0.02280701754385965,12,12,planted,0,0
WashingtonDC,Ailanthus altissima,13,0.02280701754385965,12,12,not sure,0,0
WashingtonDC,Zelkova serrata,13,0.02280701754385965,12,13,natural regeneration,0,0
WashingtonDC,Zelkova serrata,13,0.02280701754385965,12,13,planted,13,0.02280701754385965
WashingtonDC,Zelkova serrata,13,0.02280701754385965,12,13,not sure,0,0
WashingtonDC,Betula nigra,12,0.021052631578947368,14,14,natural regeneration,1,0.0017543859649122805
WashingtonDC,Betula nigra,12,0.021052631578947368,14,14,planted,11,0.019298245614035085
WashingtonDC,Betula nigra,12,0.021052631578947368,14,14,not sure,0,0
WashingtonDC,Ulmus parvifolia,12,0.021052631578947368,14,15,natural regeneration,0,0
WashingtonDC,Ulmus parvifolia,12,0.021052631578947368,14,15,planted,12,0.021052631578947368
WashingtonDC,Ulmus parvifolia,12,0.021052631578947368,14,15,not sure,0,0
WashingtonDC,Acer saccharinum,11,0.01929824561403509,16,16,natural regeneration,4,0.007017543859649123
WashingtonDC,Acer saccharinum,11,0.01929824561403509,16,16,planted,4,0.007017543859649123
WashingtonDC,Acer saccharinum,11,0.01929824561403509,16,16,not sure,3,0.005263157894736842
WashingtonDC,Prunus serotina,11,0.01929824561403509,16,17,natural regeneration,8,0.014035087719298246
WashingtonDC,Prunus serotina,11,0.01929824561403509,16,17,planted,3,0.005263157894736842
WashingtonDC,Prunus serotina,11,0.01929824561403509,16,17,not sure,0,0
WashingtonDC,Quercus rubra,11,0.01929824561403509,16,18,natural regeneration,4,0.007017543859649123
WashingtonDC,Quercus rubra,11,0.01929824561403509,16,18,planted,7,0.012280701754385965
WashingtonDC,Quercus rubra,11,0.01929824561403509,16,18,not sure,0,0
WashingtonDC,Magnolia grandiflora,9,0.015789473684210527,19,19,natural regeneration,0,0
WashingtonDC,Magnolia grandiflora,9,0.015789473684210527,19,19,planted,8,0.014035087719298246
WashingtonDC,Magnolia grandiflora,9,0.015789473684210527,19,19,not sure,1,0.0017543859649122807
WashingtonDC,Quercus palustris,9,0.015789473684210527,19,20,natural regeneration,2,0.0035087719298245615
WashingtonDC,Quercus palustris,9,0.015789473684210527,19,20,planted,7,0.012280701754385965
WashingtonDC,Quercus palustris,9,0.015789473684210527,19,20,not sure,0,0
WashingtonDC,Robinia pseudoacacia,9,0.015789473684210527,19,21,natural regeneration,7,0.012280701754385965
WashingtonDC,Robinia pseudoacacia,9,0.015789473684210527,19,21,planted,1,0.0017543859649122807
WashingtonDC,Robinia pseudoacacia,9,0.015789473684210527,19,21,not sure,1,0.0017543859649122807
WashingtonDC,Pyrus calleryana,8,0.014035087719298246,22,22,natural regeneration,2,0.0035087719298245615
WashingtonDC,Pyrus calleryana,8,0.014035087719298246,22,22,planted,6,0.010526315789473684
WashingtonDC,Pyrus calleryana,8,0.014035087719298246,22,22,not sure,0,0
WashingtonDC,Acer negundo,7,0.012280701754385965,23,23,natural regeneration,6,0.010526315789473684
WashingtonDC,Acer negundo,7,0.012280701754385965,23,23,planted,1,0.0017543859649122805
WashingtonDC,Acer negundo,7,0.012280701754385965,23,23,not sure,0,0
WashingtonDC,Juniperus virginiana,7,0.012280701754385965,23,24,natural regeneration,0,0
WashingtonDC,Juniperus virginiana,7,0.012280701754385965,23,24,planted,7,0.012280701754385965
WashingtonDC,Juniperus virginiana,7,0.012280701754385965,23,24,not sure,0,0
WashingtonDC,Quercus phellos,7,0.012280701754385965,23,25,natural regeneration,2,0.003508771929824561
WashingtonDC,Quercus phellos,7,0.012280701754385965,23,25,planted,5,0.008771929824561403
WashingtonDC,Quercus phellos,7,0.012280701754385965,23,25,not sure,0,0
WashingtonDC,Acer palmatum,6,0.010526315789473684,26,26,natural regeneration,1,0.0017543859649122805
WashingtonDC,Acer palmatum,6,0.010526315789473684,26,26,planted,5,0.008771929824561403
WashingtonDC,Acer palmatum,6,0.010526315789473684,26,26,not sure,0,0
WashingtonDC,Ginkgo biloba,5,0.008771929824561403,27,27,natural regeneration,0,0
WashingtonDC,Ginkgo biloba,5,0.008771929824561403,27,27,planted,5,0.008771929824561403
WashingtonDC,Ginkgo biloba,5,0.008771929824561403,27,27,not sure,0,0
WashingtonDC,Liquidambar styraciflua,5,0.008771929824561403,27,28,natural regeneration,4,0.007017543859649123
WashingtonDC,Liquidambar styraciflua,5,0.008771929824561403,27,28,planted,1,0.0017543859649122807
WashingtonDC,Liquidambar styraciflua,5,0.008771929824561403,27,28,not sure,0,0
WashingtonDC,Morus alba,5,0.008771929824561403,27,29,natural regeneration,3,0.005263157894736842
WashingtonDC,Morus alba,5,0.008771929824561403,27,29,planted,2,0.0035087719298245615
WashingtonDC,Morus alba,5,0.008771929824561403,27,29,not sure,0,0
WashingtonDC,Prunus avium,5,0.008771929824561403,27,30,natural regeneration,2,0.0035087719298245615
WashingtonDC,Prunus avium,5,0.008771929824561403,27,30,planted,3,0.005263157894736842
WashingtonDC,Prunus avium,5,0.008771929824561403,27,30,not sure,0,0
WashingtonDC,Carya cordiformis,4,0.007017543859649123,31,31,natural regeneration,4,0.007017543859649123
WashingtonDC,Carya cordiformis,4,0.007017543859649123,31,31,planted,0,0
WashingtonDC,Carya cordiformis,4,0.007017543859649123,31,31,not sure,0,0
WashingtonDC,Celtis spp.,4,0.007017543859649123,31,32,natural regeneration,0,0
WashingtonDC,Celtis spp.,4,0.007017543859649123,31,32,planted,4,0.007017543859649123
WashingtonDC,Celtis spp.,4,0.007017543859649123,31,32,not sure,0,0
WashingtonDC,Cercis canadensis,4,0.007017543859649123,31,33,natural regeneration,0,0
WashingtonDC,Cercis canadensis,4,0.007017543859649123,31,33,planted,3,0.005263157894736842
WashingtonDC,Cercis canadensis,4,0.007017543859649123,31,33,not sure,1,0.0017543859649122807
WashingtonDC,Prunus serrulata,4,0.007017543859649123,31,34,natural regeneration,0,0
WashingtonDC,Prunus serrulata,4,0.007017543859649123,31,34,planted,4,0.007017543859649123
WashingtonDC,Prunus serrulata,4,0.007017543859649123,31,34,not sure,0,0
WashingtonDC,Prunus x yedoensis,4,0.007017543859649123,31,35,natural regeneration,0,0
WashingtonDC,Prunus x yedoensis,4,0.007017543859649123,31,35,planted,4,0.007017543859649123
WashingtonDC,Prunus x yedoensis,4,0.007017543859649123,31,35,not sure,0,0
WashingtonDC,Ulmus rubra,4,0.007017543859649123,31,36,natural regeneration,2,0.0035087719298245615
WashingtonDC,Ulmus rubra,4,0.007017543859649123,31,36,planted,2,0.0035087719298245615
WashingtonDC,Ulmus rubra,4,0.007017543859649123,31,36,not sure,0,0
WashingtonDC,Acer platanoides,3,0.005263157894736842,37,37,natural regeneration,3,0.005263157894736842
WashingtonDC,Acer platanoides,3,0.005263157894736842,37,37,planted,0,0
WashingtonDC,Acer platanoides,3,0.005263157894736842,37,37,not sure,0,0
WashingtonDC,Cedrus atlantica,3,0.005263157894736842,37,38,natural regeneration,0,0
WashingtonDC,Cedrus atlantica,3,0.005263157894736842,37,38,planted,3,0.005263157894736842
WashingtonDC,Cedrus atlantica,3,0.005263157894736842,37,38,not sure,0,0
WashingtonDC,Cornus florida,3,0.005263157894736842,37,39,natural regeneration,0,0
WashingtonDC,Cornus florida,3,0.005263157894736842,37,39,planted,3,0.005263157894736842
WashingtonDC,Cornus florida,3,0.005263157894736842,37,39,not sure,0,0
WashingtonDC,Gleditsia triacanthos,3,0.005263157894736842,37,40,natural regeneration,1,0.0017543859649122805
WashingtonDC,Gleditsia triacanthos,3,0.005263157894736842,37,40,planted,2,0.003508771929824561
WashingtonDC,Gleditsia triacanthos,3,0.005263157894736842,37,40,not sure,0,0
WashingtonDC,Magnolia fraseri,3,0.005263157894736842,37,41,natural regeneration,0,0
WashingtonDC,Magnolia fraseri,3,0.005263157894736842,37,41,planted,3,0.005263157894736842
WashingtonDC,Magnolia fraseri,3,0.005263157894736842,37,41,not sure,0,0
WashingtonDC,Pinus strobus,3,0.005263157894736842,37,42,natural regeneration,0,0
WashingtonDC,Pinus strobus,3,0.005263157894736842,37,42,planted,2,0.003508771929824561
WashingtonDC,Pinus strobus,3,0.005263157894736842,37,42,not sure,1,0.0017543859649122805
WashingtonDC,Platanus hybrida,3,0.005263157894736842,37,43,natural regeneration,0,0
WashingtonDC,Platanus hybrida,3,0.005263157894736842,37,43,planted,3,0.005263157894736842
WashingtonDC,Platanus hybrida,3,0.005263157894736842,37,43,not sure,0,0
WashingtonDC,Quercus acutissima,3,0.005263157894736842,37,44,natural regeneration,0,0
WashingtonDC,Quercus acutissima,3,0.005263157894736842,37,44,planted,3,0.005263157894736842
WashingtonDC,Quercus acutissima,3,0.005263157894736842,37,44,not sure,0,0
WashingtonDC,Quercus coccinea,3,0.005263157894736842,37,45,natural regeneration,1,0.0017543859649122805
WashingtonDC,Quercus coccinea,3,0.005263157894736842,37,45,planted,2,0.003508771929824561
WashingtonDC,Quercus coccinea,3,0.005263157894736842,37,45,not sure,0,0
WashingtonDC,Ulmus pumila,3,0.005263157894736842,37,46,natural regeneration,2,0.003508771929824561
WashingtonDC,Ulmus pumila,3,0.005263157894736842,37,46,planted,0,0
WashingtonDC,Ulmus pumila,3,0.005263157894736842,37,46,not sure,1,0.0017543859649122805
WashingtonDC,Acer saccharum,2,0.0035087719298245615,47,47,natural regeneration,0,0
WashingtonDC,Acer saccharum,2,0.0035087719298245615,47,47,planted,2,0.0035087719298245615
WashingtonDC,Acer saccharum,2,0.0035087719298245615,47,47,not sure,0,0
WashingtonDC,Carya glabra,2,0.0035087719298245615,47,48,natural regeneration,2,0.0035087719298245615
WashingtonDC,Carya glabra,2,0.0035087719298245615,47,48,planted,0,0
WashingtonDC,Carya glabra,2,0.0035087719298245615,47,48,not sure,0,0
WashingtonDC,Catalpa speciosa,2,0.0035087719298245615,47,49,natural regeneration,0,0
WashingtonDC,Catalpa speciosa,2,0.0035087719298245615,47,49,planted,2,0.0035087719298245615
WashingtonDC,Catalpa speciosa,2,0.0035087719298245615,47,49,not sure,0,0
WashingtonDC,Celtis occidentalis,2,0.0035087719298245615,47,50,natural regeneration,0,0
WashingtonDC,Celtis occidentalis,2,0.0035087719298245615,47,50,planted,2,0.0035087719298245615
WashingtonDC,Celtis occidentalis,2,0.0035087719298245615,47,50,not sure,0,0
WashingtonDC,Cornus kousa,2,0.0035087719298245615,47,51,natural regeneration,0,0
WashingtonDC,Cornus kousa,2,0.0035087719298245615,47,51,planted,2,0.0035087719298245615
WashingtonDC,Cornus kousa,2,0.0035087719298245615,47,51,not sure,0,0
WashingtonDC,Ilex spp.,2,0.0035087719298245615,47,52,natural regeneration,0,0
WashingtonDC,Ilex spp.,2,0.0035087719298245615,47,52,planted,2,0.0035087719298245615
WashingtonDC,Ilex spp.,2,0.0035087719298245615,47,52,not sure,0,0
WashingtonDC,Juglans nigra,2,0.0035087719298245615,47,53,natural regeneration,1,0.0017543859649122807
WashingtonDC,Juglans nigra,2,0.0035087719298245615,47,53,planted,0,0
WashingtonDC,Juglans nigra,2,0.0035087719298245615,47,53,not sure,1,0.0017543859649122807
WashingtonDC,Malus spp.,2,0.0035087719298245615,47,54,natural regeneration,0,0
WashingtonDC,Malus spp.,2,0.0035087719298245615,47,54,planted,2,0.0035087719298245615
WashingtonDC,Malus spp.,2,0.0035087719298245615,47,54,not sure,0,0
WashingtonDC,Morus rubra,2,0.0035087719298245615,47,55,natural regeneration,2,0.0035087719298245615
WashingtonDC,Morus rubra,2,0.0035087719298245615,47,55,planted,0,0
WashingtonDC,Morus rubra,2,0.0035087719298245615,47,55,not sure,0,0
WashingtonDC,Paulownia tomentosa,2,0.0035087719298245615,47,56,natural regeneration,2,0.0035087719298245615
WashingtonDC,Paulownia tomentosa,2,0.0035087719298245615,47,56,planted,0,0
WashingtonDC,Paulownia tomentosa,2,0.0035087719298245615,47,56,not sure,0,0
WashingtonDC,Platanus occidentalis,2,0.0035087719298245615,47,57,natural regeneration,1,0.0017543859649122807
WashingtonDC,Platanus occidentalis,2,0.0035087719298245615,47,57,planted,1,0.0017543859649122807
WashingtonDC,Platanus occidentalis,2,0.0035087719298245615,47,57,not sure,0,0
WashingtonDC,Platycladus orientalis,2,0.0035087719298245615,47,58,natural regeneration,0,0
WashingtonDC,Platycladus orientalis,2,0.0035087719298245615,47,58,planted,2,0.0035087719298245615
WashingtonDC,Platycladus orientalis,2,0.0035087719298245615,47,58,not sure,0,0
WashingtonDC,Quercus bicolor,2,0.0035087719298245615,47,59,natural regeneration,0,0
WashingtonDC,Quercus bicolor,2,0.0035087719298245615,47,59,planted,2,0.0035087719298245615
WashingtonDC,Quercus bicolor,2,0.0035087719298245615,47,59,not sure,0,0
WashingtonDC,Acer x freemanii,1,0.0017543859649122807,60,60,natural regeneration,0,0
WashingtonDC,Acer x freemanii,1,0.0017543859649122807,60,60,planted,1,0.0017543859649122807
WashingtonDC,Acer x freemanii,1,0.0017543859649122807,60,60,not sure,0,0
WashingtonDC,Carya alba,1,0.0017543859649122807,60,61,natural regeneration,1,0.0017543859649122807
WashingtonDC,Carya alba,1,0.0017543859649122807,60,61,planted,0,0
WashingtonDC,Carya alba,1,0.0017543859649122807,60,61,not sure,0,0
WashingtonDC,Catalpa bignonioides,1,0.0017543859649122807,60,62,natural regeneration,1,0.0017543859649122807
WashingtonDC,Catalpa bignonioides,1,0.0017543859649122807,60,62,planted,0,0
WashingtonDC,Catalpa bignonioides,1,0.0017543859649122807,60,62,not sure,0,0
WashingtonDC,Chamaecyparis obtusa,1,0.0017543859649122807,60,63,natural regeneration,0,0
WashingtonDC,Chamaecyparis obtusa,1,0.0017543859649122807,60,63,planted,1,0.0017543859649122807
WashingtonDC,Chamaecyparis obtusa,1,0.0017543859649122807,60,63,not sure,0,0
WashingtonDC,Cladrastis kentukea,1,0.0017543859649122807,60,64,natural regeneration,0,0
WashingtonDC,Cladrastis kentukea,1,0.0017543859649122807,60,64,planted,1,0.0017543859649122807
WashingtonDC,Cladrastis kentukea,1,0.0017543859649122807,60,64,not sure,0,0
WashingtonDC,Cryptomeria japonica,1,0.0017543859649122807,60,65,natural regeneration,0,0
WashingtonDC,Cryptomeria japonica,1,0.0017543859649122807,60,65,planted,1,0.0017543859649122807
WashingtonDC,Cryptomeria japonica,1,0.0017543859649122807,60,65,not sure,0,0
WashingtonDC,Cupressocyparis leylandii,1,0.0017543859649122807,60,66,natural regeneration,0,0
WashingtonDC,Cupressocyparis leylandii,1,0.0017543859649122807,60,66,planted,1,0.0017543859649122807
WashingtonDC,Cupressocyparis leylandii,1,0.0017543859649122807,60,66,not sure,0,0
WashingtonDC,Fraxinus pennsylvanica,1,0.0017543859649122807,60,67,natural regeneration,1,0.0017543859649122807
WashingtonDC,Fraxinus pennsylvanica,1,0.0017543859649122807,60,67,planted,0,0
WashingtonDC,Fraxinus pennsylvanica,1,0.0017543859649122807,60,67,not sure,0,0
WashingtonDC,Magnolia virginiana,1,0.0017543859649122807,60,68,natural regeneration,0,0
WashingtonDC,Magnolia virginiana,1,0.0017543859649122807,60,68,planted,1,0.0017543859649122807
WashingtonDC,Magnolia virginiana,1,0.0017543859649122807,60,68,not sure,0,0
WashingtonDC,Magnolia x soulangiana,1,0.0017543859649122807,60,69,natural regeneration,0,0
WashingtonDC,Magnolia x soulangiana,1,0.0017543859649122807,60,69,planted,1,0.0017543859649122807
WashingtonDC,Magnolia x soulangiana,1,0.0017543859649122807,60,69,not sure,0,0
WashingtonDC,Metasequoia glyptostroboides,1,0.0017543859649122807,60,70,natural regeneration,0,0
WashingtonDC,Metasequoia glyptostroboides,1,0.0017543859649122807,60,70,planted,1,0.0017543859649122807
WashingtonDC,Metasequoia glyptostroboides,1,0.0017543859649122807,60,70,not sure,0,0
WashingtonDC,Phellodendron amurense,1,0.0017543859649122807,60,71,natural regeneration,0,0
WashingtonDC,Phellodendron amurense,1,0.0017543859649122807,60,71,planted,1,0.0017543859649122807
WashingtonDC,Phellodendron amurense,1,0.0017543859649122807,60,71,not sure,0,0
WashingtonDC,Picea abies,1,0.0017543859649122807,60,72,natural regeneration,0,0
WashingtonDC,Picea abies,1,0.0017543859649122807,60,72,planted,1,0.0017543859649122807
WashingtonDC,Picea abies,1,0.0017543859649122807,60,72,not sure,0,0
WashingtonDC,Picea pungens,1,0.0017543859649122807,60,73,natural regeneration,0,0
WashingtonDC,Picea pungens,1,0.0017543859649122807,60,73,planted,1,0.0017543859649122807
WashingtonDC,Picea pungens,1,0.0017543859649122807,60,73,not sure,0,0
WashingtonDC,Picea spp.,1,0.0017543859649122807,60,74,natural regeneration,0,0
WashingtonDC,Picea spp.,1,0.0017543859649122807,60,74,planted,1,0.0017543859649122807
WashingtonDC,Picea spp.,1,0.0017543859649122807,60,74,not sure,0,0
WashingtonDC,Pinus virginiana,1,0.0017543859649122807,60,75,natural regeneration,1,0.0017543859649122807
WashingtonDC,Pinus virginiana,1,0.0017543859649122807,60,75,planted,0,0
WashingtonDC,Pinus virginiana,1,0.0017543859649122807,60,75,not sure,0,0
WashingtonDC,Prunus spp.,1,0.0017543859649122807,60,76,natural regeneration,0,0
WashingtonDC,Prunus spp.,1,0.0017543859649122807,60,76,planted,1,0.0017543859649122807
WashingtonDC,Prunus spp.,1,0.0017543859649122807,60,76,not sure,0,0
WashingtonDC,Quercus michauxii,1,0.0017543859649122807,60,77,natural regeneration,0,0
WashingtonDC,Quercus michauxii,1,0.0017543859649122807,60,77,planted,1,0.0017543859649122807
WashingtonDC,Quercus michauxii,1,0.0017543859649122807,60,77,not sure,0,0
WashingtonDC,Quercus velutina,1,0.0017543859649122807,60,78,natural regeneration,1,0.0017543859649122807
WashingtonDC,Quercus velutina,1,0.0017543859649122807,60,78,planted,0,0
WashingtonDC,Quercus velutina,1,0.0017543859649122807,60,78,not sure,0,0
WashingtonDC,Taxus baccata,1,0.0017543859649122807,60,79,natural regeneration,0,0
WashingtonDC,Taxus baccata,1,0.0017543859649122807,60,79,planted,1,0.0017543859649122807
WashingtonDC,Taxus baccata,1,0.0017543859649122807,60,79,not sure,0,0
WashingtonDC,Tilia cordata,1,0.0017543859649122807,60,80,natural regeneration,0,0
WashingtonDC,Tilia cordata,1,0.0017543859649122807,60,80,planted,1,0.0017543859649122807
WashingtonDC,Tilia cordata,1,0.0017543859649122807,60,80,not sure,0,0
WichitaKS,Ulmus pumila,79,0.16844349680170576,1,1,natural regeneration,66,0.14072494669509594
WichitaKS,Ulmus pumila,79,0.16844349680170576,1,1,planted,6,0.01279317697228145
WichitaKS,Ulmus pumila,79,0.16844349680170576,1,1,not sure,7,0.014925373134328358
WichitaKS,Maclura pomifera,51,0.10874200426439233,2,2,natural regeneration,51,0.10874200426439233
WichitaKS,Maclura pomifera,51,0.10874200426439233,2,2,planted,0,0
WichitaKS,Maclura pomifera,51,0.10874200426439233,2,2,not sure,0,0
WichitaKS,Juniperus virginiana,46,0.09808102345415778,3,3,natural regeneration,39,0.08315565031982942
WichitaKS,Juniperus virginiana,46,0.09808102345415778,3,3,planted,7,0.01492537313432836
WichitaKS,Juniperus virginiana,46,0.09808102345415778,3,3,not sure,0,0
WichitaKS,Celtis occidentalis,27,0.057569296375266525,4,4,natural regeneration,26,0.05543710021321961
WichitaKS,Celtis occidentalis,27,0.057569296375266525,4,4,planted,0,0
WichitaKS,Celtis occidentalis,27,0.057569296375266525,4,4,not sure,1,0.0021321961620469083
WichitaKS,Pyrus calleryana,25,0.053304904051172705,5,5,natural regeneration,2,0.0042643923240938165
WichitaKS,Pyrus calleryana,25,0.053304904051172705,5,5,planted,21,0.04477611940298507
WichitaKS,Pyrus calleryana,25,0.053304904051172705,5,5,not sure,2,0.0042643923240938165
WichitaKS,Populus deltoides,20,0.042643923240938165,6,6,natural regeneration,17,0.03624733475479744
WichitaKS,Populus deltoides,20,0.042643923240938165,6,6,planted,0,0
WichitaKS,Populus deltoides,20,0.042643923240938165,6,6,not sure,3,0.006396588486140725
WichitaKS,Morus rubra,17,0.03624733475479744,7,7,natural regeneration,17,0.03624733475479744
WichitaKS,Morus rubra,17,0.03624733475479744,7,7,planted,0,0
WichitaKS,Morus rubra,17,0.03624733475479744,7,7,not sure,0,0
WichitaKS,Quercus palustris,15,0.031982942430703626,8,8,natural regeneration,1,0.0021321961620469083
WichitaKS,Quercus palustris,15,0.031982942430703626,8,8,planted,13,0.02771855010660981
WichitaKS,Quercus palustris,15,0.031982942430703626,8,8,not sure,1,0.0021321961620469083
WichitaKS,Ulmus americana,13,0.02771855010660981,9,9,natural regeneration,11,0.023454157782515993
WichitaKS,Ulmus americana,13,0.02771855010660981,9,9,planted,2,0.004264392324093817
WichitaKS,Ulmus americana,13,0.02771855010660981,9,9,not sure,0,0
WichitaKS,Fraxinus pennsylvanica,12,0.0255863539445629,10,10,natural regeneration,9,0.019189765458422173
WichitaKS,Fraxinus pennsylvanica,12,0.0255863539445629,10,10,planted,2,0.0042643923240938165
WichitaKS,Fraxinus pennsylvanica,12,0.0255863539445629,10,10,not sure,1,0.0021321961620469083
WichitaKS,Morus alba,12,0.0255863539445629,10,11,natural regeneration,11,0.02345415778251599
WichitaKS,Morus alba,12,0.0255863539445629,10,11,planted,1,0.0021321961620469083
WichitaKS,Morus alba,12,0.0255863539445629,10,11,not sure,0,0
WichitaKS,Pistacia chinensis,12,0.0255863539445629,10,12,natural regeneration,2,0.0042643923240938165
WichitaKS,Pistacia chinensis,12,0.0255863539445629,10,12,planted,10,0.021321961620469083
WichitaKS,Pistacia chinensis,12,0.0255863539445629,10,12,not sure,0,0
WichitaKS,Salix nigra,12,0.0255863539445629,10,13,natural regeneration,12,0.0255863539445629
WichitaKS,Salix nigra,12,0.0255863539445629,10,13,planted,0,0
WichitaKS,Salix nigra,12,0.0255863539445629,10,13,not sure,0,0
WichitaKS,Betula nigra,11,0.023454157782515993,14,14,natural regeneration,0,0
WichitaKS,Betula nigra,11,0.023454157782515993,14,14,planted,11,0.023454157782515993
WichitaKS,Betula nigra,11,0.023454157782515993,14,14,not sure,0,0
WichitaKS,Gymnocladus dioicus,11,0.023454157782515993,14,15,natural regeneration,3,0.006396588486140725
WichitaKS,Gymnocladus dioicus,11,0.023454157782515993,14,15,planted,8,0.01705756929637527
WichitaKS,Gymnocladus dioicus,11,0.023454157782515993,14,15,not sure,0,0
WichitaKS,Catalpa speciosa,9,0.019189765458422176,16,16,natural regeneration,9,0.019189765458422176
WichitaKS,Catalpa speciosa,9,0.019189765458422176,16,16,planted,0,0
WichitaKS,Catalpa speciosa,9,0.019189765458422176,16,16,not sure,0,0
WichitaKS,Juglans nigra,9,0.019189765458422176,16,17,natural regeneration,9,0.019189765458422176
WichitaKS,Juglans nigra,9,0.019189765458422176,16,17,planted,0,0
WichitaKS,Juglans nigra,9,0.019189765458422176,16,17,not sure,0,0
WichitaKS,Acer ginnala,8,0.017057569296375266,18,18,natural regeneration,0,0
WichitaKS,Acer ginnala,8,0.017057569296375266,18,18,planted,8,0.017057569296375266
WichitaKS,Acer ginnala,8,0.017057569296375266,18,18,not sure,0,0
WichitaKS,Acer saccharinum,8,0.017057569296375266,18,19,natural regeneration,0,0
WichitaKS,Acer saccharinum,8,0.017057569296375266,18,19,planted,5,0.010660980810234541
WichitaKS,Acer saccharinum,8,0.017057569296375266,18,19,not sure,3,0.006396588486140725
WichitaKS,Gleditsia triacanthos,8,0.017057569296375266,18,20,natural regeneration,5,0.010660980810234541
WichitaKS,Gleditsia triacanthos,8,0.017057569296375266,18,20,planted,2,0.0042643923240938165
WichitaKS,Gleditsia triacanthos,8,0.017057569296375266,18,20,not sure,1,0.0021321961620469083
WichitaKS,Pinus nigra,7,0.014925373134328358,21,21,natural regeneration,0,0
WichitaKS,Pinus nigra,7,0.014925373134328358,21,21,planted,7,0.014925373134328358
WichitaKS,Pinus nigra,7,0.014925373134328358,21,21,not sure,0,0
WichitaKS,Acer x freemanii,6,0.01279317697228145,22,22,natural regeneration,0,0
WichitaKS,Acer x freemanii,6,0.01279317697228145,22,22,planted,6,0.01279317697228145
WichitaKS,Acer x freemanii,6,0.01279317697228145,22,22,not sure,0,0
WichitaKS,Ulmus parvifolia,6,0.01279317697228145,22,23,natural regeneration,0,0
WichitaKS,Ulmus parvifolia,6,0.01279317697228145,22,23,planted,6,0.01279317697228145
WichitaKS,Ulmus parvifolia,6,0.01279317697228145,22,23,not sure,0,0
WichitaKS,Acer rubrum,4,0.008528784648187633,24,24,natural regeneration,0,0
WichitaKS,Acer rubrum,4,0.008528784648187633,24,24,planted,4,0.008528784648187633
WichitaKS,Acer rubrum,4,0.008528784648187633,24,24,not sure,0,0
WichitaKS,Thuja occidentalis,4,0.008528784648187633,24,25,natural regeneration,0,0
WichitaKS,Thuja occidentalis,4,0.008528784648187633,24,25,planted,4,0.008528784648187633
WichitaKS,Thuja occidentalis,4,0.008528784648187633,24,25,not sure,0,0
WichitaKS,Ailanthus altissima,3,0.006396588486140725,26,26,natural regeneration,3,0.006396588486140725
WichitaKS,Ailanthus altissima,3,0.006396588486140725,26,26,planted,0,0
WichitaKS,Ailanthus altissima,3,0.006396588486140725,26,26,not sure,0,0
WichitaKS,Cercis canadensis,3,0.006396588486140725,26,27,natural regeneration,3,0.006396588486140725
WichitaKS,Cercis canadensis,3,0.006396588486140725,26,27,planted,0,0
WichitaKS,Cercis canadensis,3,0.006396588486140725,26,27,not sure,0,0
WichitaKS,Koelreuteria paniculata,3,0.006396588486140725,26,28,natural regeneration,0,0
WichitaKS,Koelreuteria paniculata,3,0.006396588486140725,26,28,planted,3,0.006396588486140725
WichitaKS,Koelreuteria paniculata,3,0.006396588486140725,26,28,not sure,0,0
WichitaKS,Liquidambar styraciflua,3,0.006396588486140725,26,29,natural regeneration,0,0
WichitaKS,Liquidambar styraciflua,3,0.006396588486140725,26,29,planted,3,0.006396588486140725
WichitaKS,Liquidambar styraciflua,3,0.006396588486140725,26,29,not sure,0,0
WichitaKS,Quercus macrocarpa,3,0.006396588486140725,26,30,natural regeneration,1,0.0021321961620469083
WichitaKS,Quercus macrocarpa,3,0.006396588486140725,26,30,planted,2,0.0042643923240938165
WichitaKS,Quercus macrocarpa,3,0.006396588486140725,26,30,not sure,0,0
WichitaKS,Acer saccharum,2,0.0042643923240938165,31,31,natural regeneration,0,0
WichitaKS,Acer saccharum,2,0.0042643923240938165,31,31,planted,2,0.0042643923240938165
WichitaKS,Acer saccharum,2,0.0042643923240938165,31,31,not sure,0,0
WichitaKS,Elaeagnus angustifolia,2,0.0042643923240938165,31,32,natural regeneration,2,0.0042643923240938165
WichitaKS,Elaeagnus angustifolia,2,0.0042643923240938165,31,32,planted,0,0
WichitaKS,Elaeagnus angustifolia,2,0.0042643923240938165,31,32,not sure,0,0
WichitaKS,Malus spp.,2,0.0042643923240938165,31,33,natural regeneration,0,0
WichitaKS,Malus spp.,2,0.0042643923240938165,31,33,planted,2,0.0042643923240938165
WichitaKS,Malus spp.,2,0.0042643923240938165,31,33,not sure,0,0
WichitaKS,Quercus acutissima,2,0.0042643923240938165,31,34,natural regeneration,0,0
WichitaKS,Quercus acutissima,2,0.0042643923240938165,31,34,planted,2,0.0042643923240938165
WichitaKS,Quercus acutissima,2,0.0042643923240938165,31,34,not sure,0,0
WichitaKS,Acer negundo,1,0.0021321961620469083,35,35,natural regeneration,1,0.0021321961620469083
WichitaKS,Acer negundo,1,0.0021321961620469083,35,35,planted,0,0
WichitaKS,Acer negundo,1,0.0021321961620469083,35,35,not sure,0,0
WichitaKS,Magnolia grandiflora,1,0.0021321961620469083,35,36,natural regeneration,0,0
WichitaKS,Magnolia grandiflora,1,0.0021321961620469083,35,36,planted,1,0.0021321961620469083
WichitaKS,Magnolia grandiflora,1,0.0021321961620469083,35,36,not sure,0,0
WichitaKS,Prunus domestica,1,0.0021321961620469083,35,37,natural regeneration,0,0
WichitaKS,Prunus domestica,1,0.0021321961620469083,35,37,planted,1,0.0021321961620469083
WichitaKS,Prunus domestica,1,0.0021321961620469083,35,37,not sure,0,0
WichitaKS,Prunus spp.,1,0.0021321961620469083,35,38,natural regeneration,0,0
WichitaKS,Prunus spp.,1,0.0021321961620469083,35,38,planted,1,0.0021321961620469083
WichitaKS,Prunus spp.,1,0.0021321961620469083,35,38,not sure,0,0
WichitaKS,Pyrus communis,1,0.0021321961620469083,35,39,natural regeneration,1,0.0021321961620469083
WichitaKS,Pyrus communis,1,0.0021321961620469083,35,39,planted,0,0
WichitaKS,Pyrus communis,1,0.0021321961620469083,35,39,not sure,0,0
WichitaKS,Pyrus spp.,1,0.0021321961620469083,35,40,natural regeneration,0,0
WichitaKS,Pyrus spp.,1,0.0021321961620469083,35,40,planted,1,0.0021321961620469083
WichitaKS,Pyrus spp.,1,0.0021321961620469083,35,40,not sure,0,0
WichitaKS,Quercus imbricaria,1,0.0021321961620469083,35,41,natural regeneration,0,0
WichitaKS,Quercus imbricaria,1,0.0021321961620469083,35,41,planted,1,0.0021321961620469083
WichitaKS,Quercus imbricaria,1,0.0021321961620469083,35,41,not sure,0,0
WichitaKS,Quercus shumardii,1,0.0021321961620469083,35,42,natural regeneration,0,0
WichitaKS,Quercus shumardii,1,0.0021321961620469083,35,42,planted,1,0.0021321961620469083
WichitaKS,Quercus shumardii,1,0.0021321961620469083,35,42,not sure,0,0
WichitaKS,Quercus velutina,1,0.0021321961620469083,35,43,natural regeneration,0,0
WichitaKS,Quercus velutina,1,0.0021321961620469083,35,43,planted,1,0.0021321961620469083
WichitaKS,Quercus velutina,1,0.0021321961620469083,35,43,not sure,0,0
WichitaKS,Salix x sepulcralis,1,0.0021321961620469083,35,44,natural regeneration,1,0.0021321961620469083
WichitaKS,Salix x sepulcralis,1,0.0021321961620469083,35,44,planted,0,0
WichitaKS,Salix x sepulcralis,1,0.0021321961620469083,35,44,not sure,0,0
WichitaKS,Sideroxylon lanuginosum ssp. lanuginosum,1,0.0021321961620469083,35,45,natural regeneration,1,0.0021321961620469083
WichitaKS,Sideroxylon lanuginosum ssp. lanuginosum,1,0.0021321961620469083,35,45,planted,0,0
WichitaKS,Sideroxylon lanuginosum ssp. lanuginosum,1,0.0021321961620469083,35,45,not sure,0,0
WichitaKS,Taxodium distichum,1,0.0021321961620469083,35,46,natural regeneration,0,0
WichitaKS,Taxodium distichum,1,0.0021321961620469083,35,46,planted,1,0.0021321961620469083
WichitaKS,Taxodium distichum,1,0.0021321961620469083,35,46,not sure,0,0
WichitaKS,Ulmus procera,1,0.0021321961620469083,35,47,natural regeneration,0,0
WichitaKS,Ulmus procera,1,0.0021321961620469083,35,47,planted,0,0
WichitaKS,Ulmus procera,1,0.0021321961620469083,35,47,not sure,1,0.0021321961620469083
WichitaKS,Zelkova serrata,1,0.0021321961620469083,35,48,natural regeneration,0,0
WichitaKS,Zelkova serrata,1,0.0021321961620469083,35,48,planted,1,0.0021321961620469083
WichitaKS,Zelkova serrata,1,0.0021321961620469083,35,48,not sure,0,0
